M	.clang-tidy
A	.gersemirc
R094	src/.gitattributes	.gitattributes
M	.github/ISSUE_TEMPLATE/bug_report.yml
A	.github/actions/build-ifcwrap-python/action.yml
M	.github/dependabot.yml
A	.github/scripts/black_to_github_annotations.py
A	.github/scripts/check-whitespace.py
A	.github/scripts/publish-bonsai-releases.py
A	.github/workflows/build-bonsaiviewer-autodesk.yml
M	.github/workflows/build_osx.yml
M	.github/workflows/build_pyodide.yml
M	.github/workflows/build_rocky.yml
M	.github/workflows/build_rocky_arm.yml
M	.github/workflows/build_win.yml
D	.github/workflows/check_repo_ci_jobs.py
M	.github/workflows/ci-bcf-pypi.yml
D	.github/workflows/ci-black-formatting.yaml
M	.github/workflows/ci-bonsai-choco.yml
M	.github/workflows/ci-bonsai-daily.yml
M	.github/workflows/ci-bonsai.yml
M	.github/workflows/ci-bsdd-pypi.yaml
M	.github/workflows/ci-ifc4d-pypi.yaml
M	.github/workflows/ci-ifc5d-pypi.yaml
M	.github/workflows/ci-ifccityjson-pypi.yaml
M	.github/workflows/ci-ifcclash-pypi.yaml
M	.github/workflows/ci-ifcconvert.yml
M	.github/workflows/ci-ifccsv-pypi.yaml
M	.github/workflows/ci-ifcdiff-pypi.yaml
A	.github/workflows/ci-ifcedit-pypi.yaml
M	.github/workflows/ci-ifcfm-pypi.yaml
A	.github/workflows/ci-ifcmcp-pypi.yaml
M	.github/workflows/ci-ifcopenshell-conda-cleaner.yml
M	.github/workflows/ci-ifcopenshell-conda-daily.yml
M	.github/workflows/ci-ifcopenshell-docker.yml
M	.github/workflows/ci-ifcopenshell-python-pypi.yml
M	.github/workflows/ci-ifcopenshell-python.yml
M	.github/workflows/ci-ifcpatch-pypi.yaml
A	.github/workflows/ci-ifcquery-pypi.yaml
M	.github/workflows/ci-ifcsverchok-daily.yml
M	.github/workflows/ci-ifcsverchok.yml
M	.github/workflows/ci-ifctester-org.yml
M	.github/workflows/ci-ifctester-pypi.yml
A	.github/workflows/ci-ifcwrap-standalone.yml
A	.github/workflows/ci-lint.yaml
A	.github/workflows/ci-pyodide-wasm-release.yml
M	.github/workflows/ci.yml
M	.github/workflows/docs-deployment-unstable.yml
D	.github/workflows/docs-deployment.yml
A	.github/workflows/publish-aichat-app.yaml
A	.github/workflows/publish-bonsai-releases.yml
A	.github/workflows/publish-cpp-api-docs.yml
M	.github/workflows/publish-pyodide-demo-app.yml
M	.github/workflows/release.yml
M	.gitignore
M	.gitmodules
A	.vscode/launch.json
A	.vscode/tasks.json
A	AGENTS.md
M	Dockerfile
M	README.md
M	VERSION
M	aws/lambda/example_handler/__init__.py
M	choco/bonsai/blenderbim.nuspec
M	choco/bonsai/choco_release.py
M	choco/bonsai/tools/disable_blenderbim_addon.py
M	choco/bonsai/tools/enable_blenderbim_addon.py
M	cmake/CMakeLists.txt
M	cmake/CMakePresets.json
M	cmake/FindCGAL.cmake
D	cmake/FindHDF5.cmake
A	cmake/FindIfcOpenShell.cmake
M	cmake/FindLibXml2.cmake
M	cmake/FindOpenCASCADE.cmake
M	cmake/FindOpenCOLLADA.cmake
A	cmake/FindPROJ.cmake
M	cmake/FindUSD.cmake
A	cmake/Findnlohmann_json.cmake
A	cmake/IfcOpenShellConfig.cmake.in
M	cmake/cmake_uninstall.cmake.in
A	cmake/package_export.cmake
M	cmake/utilities.cmake
M	conda/build.bat
M	conda/build.sh
M	conda/conda_build_config.yaml
M	conda/recipe.yaml
M	conda/update_version_init.py
A	docker/.dockerignore
A	docker/.gitignore
A	docker/.ifcos_env
A	docker/Dockerfile
A	docker/README.md
A	docker/SKILL.md
A	docker/compose.yaml
A	docker/ifcos_env
M	docs/conf.py
M	docs/cpp-api/CMakeLists.txt
M	docs/cpp-api/Doxyfile
M	docs/cpp-api/README.md
A	docs/cpp-api/conf.py
A	docs/cpp-api/index.rst
A	docs/cpp-api/requirements.txt
M	docs/generate_docs.py
A	findings.md
M	nix/build-all.py
R071	pyodide/cache_dependencies.py	nix/cache_dependencies.py
A	nix/package-zip-archives.py
A	nix/patches/gmp/001-fix-std23.patch
A	nix/patches/manifold/install-metadata-for-emscripten.patch
D	nix/patches/occt/88af392.patch
M	nix/patches/occt/no_ExpToCasExe.patch
D	nix/patches/occt/no_ExpToCasExe_7_7_2.patch
D	nix/patches/occt/no_ExpToCasExe_7_8_1.patch
D	nix/patches/occt/no_ExpToCasExe_7_9_1.patch
R095	nix/patches/opencollada/allow_static_libraries_config_on_unix.patch	nix/patches/opencollada/config_select_libs_by_use_shared.patch
M	nix/patches/opencollada/remove_tr1.patch
D	nix/patches/pr622.patch
M	pixi.lock
M	pixi.toml
M	pyodide/README.md
R100	src/ifcparse/IfcWrite.cpp	pyodide/__init__.py
A	pyodide/build-all-pack-wheel-local.py
M	pyodide/build_pyodide.sh
M	pyodide/meta.yaml
A	pyodide/order_pyodide_wheel_shared_objects.py
A	pyodide/pack_wheel.py
A	pyodide/requirements.txt
A	pyodide/run_pytest.py
M	pyodide/setup.py
A	pyodide/split_pyodide_ifcopenshell_wheel.py
A	pyodide/test/.gitignore
A	pyodide/test/__init__.py
M	pyodide/test/test_wheel.py
M	pyproject.toml
A	requirements-tools.txt
M	src/bcf/bcf/agnostic/extensions.py
M	src/bcf/bcf/agnostic/model.py
M	src/bcf/bcf/agnostic/topic.py
M	src/bcf/bcf/agnostic/visinfo.py
M	src/bcf/bcf/bcfxml.py
M	src/bcf/bcf/geometry.py
M	src/bcf/bcf/inmemory_zipfile.py
M	src/bcf/bcf/v2/bcfxml.py
M	src/bcf/bcf/v2/model/extensions.py
M	src/bcf/bcf/v2/model/markup.py
M	src/bcf/bcf/v2/model/project.py
M	src/bcf/bcf/v2/model/version.py
M	src/bcf/bcf/v2/model/visinfo.py
M	src/bcf/bcf/v2/topic.py
M	src/bcf/bcf/v2/visinfo.py
M	src/bcf/bcf/v3/bcfapi.py
M	src/bcf/bcf/v3/bcfxml.py
M	src/bcf/bcf/v3/document.py
M	src/bcf/bcf/v3/model/documents.py
M	src/bcf/bcf/v3/model/extensions.py
M	src/bcf/bcf/v3/model/markup.py
M	src/bcf/bcf/v3/model/project.py
M	src/bcf/bcf/v3/model/version.py
M	src/bcf/bcf/v3/model/visinfo.py
M	src/bcf/bcf/v3/topic.py
M	src/bcf/bcf/v3/visinfo.py
M	src/bcf/pyproject.toml
D	src/bcf/requirements-dev.txt
M	src/bcf/tests/v3/test_example_files.py
A	src/bonsai/Dockerfile
M	src/bonsai/Makefile
M	src/bonsai/bonsai/__init__.py
M	src/bonsai/bonsai/bim/__init__.py
M	src/bonsai/bonsai/bim/data/assets/default.css
D	src/bonsai/bonsai/bim/data/cache/README.md
A	src/bonsai/bonsai/bim/data/fonts/LICENSE
M	src/bonsai/bonsai/bim/data/pset/EPset_Drawing.ifc
M	src/bonsai/bonsai/bim/data/webui/sioserver.py
M	src/bonsai/bonsai/bim/data/webui/static/js/gantt.js
M	src/bonsai/bonsai/bim/data/webui/static/js/utilities/costui.js
M	src/bonsai/bonsai/bim/data/webui/templates/costing.html
M	src/bonsai/bonsai/bim/data/webui/templates/demo.html
M	src/bonsai/bonsai/bim/data/webui/templates/drawings.html
M	src/bonsai/bonsai/bim/data/webui/templates/gantt.html
M	src/bonsai/bonsai/bim/data/webui/templates/index.html
A	src/bonsai/bonsai/bim/decorator_cache.py
M	src/bonsai/bonsai/bim/export_ifc.py
M	src/bonsai/bonsai/bim/handler.py
M	src/bonsai/bonsai/bim/helper.py
M	src/bonsai/bonsai/bim/ifc.py
M	src/bonsai/bonsai/bim/import_ifc.py
M	src/bonsai/bonsai/bim/module/aggregate/__init__.py
M	src/bonsai/bonsai/bim/module/aggregate/data.py
M	src/bonsai/bonsai/bim/module/aggregate/decorator.py
M	src/bonsai/bonsai/bim/module/aggregate/operator.py
M	src/bonsai/bonsai/bim/module/aggregate/prop.py
M	src/bonsai/bonsai/bim/module/aggregate/ui.py
M	src/bonsai/bonsai/bim/module/alignment/operator.py
M	src/bonsai/bonsai/bim/module/attribute/__init__.py
M	src/bonsai/bonsai/bim/module/attribute/data.py
M	src/bonsai/bonsai/bim/module/attribute/operator.py
M	src/bonsai/bonsai/bim/module/attribute/prop.py
M	src/bonsai/bonsai/bim/module/attribute/ui.py
M	src/bonsai/bonsai/bim/module/augin/__init__.py
M	src/bonsai/bonsai/bim/module/augin/operator.py
M	src/bonsai/bonsai/bim/module/augin/prop.py
M	src/bonsai/bonsai/bim/module/augin/ui.py
M	src/bonsai/bonsai/bim/module/bcf/__init__.py
M	src/bonsai/bonsai/bim/module/bcf/bcfstore.py
M	src/bonsai/bonsai/bim/module/bcf/operator.py
M	src/bonsai/bonsai/bim/module/bcf/prop.py
M	src/bonsai/bonsai/bim/module/bcf/ui.py
M	src/bonsai/bonsai/bim/module/boundary/__init__.py
M	src/bonsai/bonsai/bim/module/boundary/data.py
M	src/bonsai/bonsai/bim/module/boundary/decorator.py
M	src/bonsai/bonsai/bim/module/boundary/operator.py
M	src/bonsai/bonsai/bim/module/boundary/prop.py
M	src/bonsai/bonsai/bim/module/boundary/ui.py
M	src/bonsai/bonsai/bim/module/brick/__init__.py
M	src/bonsai/bonsai/bim/module/brick/data.py
M	src/bonsai/bonsai/bim/module/brick/operator.py
M	src/bonsai/bonsai/bim/module/brick/prop.py
M	src/bonsai/bonsai/bim/module/brick/ui.py
M	src/bonsai/bonsai/bim/module/bsdd/__init__.py
M	src/bonsai/bonsai/bim/module/bsdd/data.py
M	src/bonsai/bonsai/bim/module/bsdd/operator.py
M	src/bonsai/bonsai/bim/module/bsdd/prop.py
M	src/bonsai/bonsai/bim/module/bsdd/ui.py
M	src/bonsai/bonsai/bim/module/cad/__init__.py
M	src/bonsai/bonsai/bim/module/cad/operator.py
M	src/bonsai/bonsai/bim/module/cad/prop.py
M	src/bonsai/bonsai/bim/module/cad/workspace.py
M	src/bonsai/bonsai/bim/module/clash/__init__.py
M	src/bonsai/bonsai/bim/module/clash/data.py
M	src/bonsai/bonsai/bim/module/clash/decorator.py
M	src/bonsai/bonsai/bim/module/clash/operator.py
M	src/bonsai/bonsai/bim/module/clash/prop.py
M	src/bonsai/bonsai/bim/module/clash/ui.py
M	src/bonsai/bonsai/bim/module/classification/__init__.py
M	src/bonsai/bonsai/bim/module/classification/data.py
M	src/bonsai/bonsai/bim/module/classification/operator.py
M	src/bonsai/bonsai/bim/module/classification/prop.py
M	src/bonsai/bonsai/bim/module/classification/ui.py
A	src/bonsai/bonsai/bim/module/clip_box/__init__.py
A	src/bonsai/bonsai/bim/module/clip_box/data.py
A	src/bonsai/bonsai/bim/module/clip_box/face_quad.py
A	src/bonsai/bonsai/bim/module/clip_box/gizmos.py
A	src/bonsai/bonsai/bim/module/clip_box/operator.py
A	src/bonsai/bonsai/bim/module/clip_box/prop.py
A	src/bonsai/bonsai/bim/module/clip_box/ui.py
M	src/bonsai/bonsai/bim/module/constraint/__init__.py
M	src/bonsai/bonsai/bim/module/constraint/data.py
M	src/bonsai/bonsai/bim/module/constraint/operator.py
M	src/bonsai/bonsai/bim/module/constraint/prop.py
M	src/bonsai/bonsai/bim/module/constraint/ui.py
M	src/bonsai/bonsai/bim/module/context/__init__.py
M	src/bonsai/bonsai/bim/module/context/data.py
M	src/bonsai/bonsai/bim/module/context/operator.py
M	src/bonsai/bonsai/bim/module/context/prop.py
M	src/bonsai/bonsai/bim/module/context/ui.py
M	src/bonsai/bonsai/bim/module/cost/__init__.py
M	src/bonsai/bonsai/bim/module/cost/data.py
M	src/bonsai/bonsai/bim/module/cost/operator.py
M	src/bonsai/bonsai/bim/module/cost/prop.py
M	src/bonsai/bonsai/bim/module/cost/ui.py
M	src/bonsai/bonsai/bim/module/covering/__init__.py
M	src/bonsai/bonsai/bim/module/covering/prop.py
M	src/bonsai/bonsai/bim/module/covering/workspace.py
M	src/bonsai/bonsai/bim/module/covetool/__init__.py
M	src/bonsai/bonsai/bim/module/covetool/operator.py
M	src/bonsai/bonsai/bim/module/covetool/prop.py
M	src/bonsai/bonsai/bim/module/covetool/ui.py
M	src/bonsai/bonsai/bim/module/csv/__init__.py
M	src/bonsai/bonsai/bim/module/csv/operator.py
M	src/bonsai/bonsai/bim/module/csv/prop.py
M	src/bonsai/bonsai/bim/module/csv/ui.py
M	src/bonsai/bonsai/bim/module/debug/__init__.py
M	src/bonsai/bonsai/bim/module/debug/operator.py
M	src/bonsai/bonsai/bim/module/debug/prop.py
M	src/bonsai/bonsai/bim/module/debug/ui.py
M	src/bonsai/bonsai/bim/module/demo/__init__.py
M	src/bonsai/bonsai/bim/module/demo/operator.py
M	src/bonsai/bonsai/bim/module/demo/prop.py
M	src/bonsai/bonsai/bim/module/demo/ui.py
M	src/bonsai/bonsai/bim/module/diff/__init__.py
M	src/bonsai/bonsai/bim/module/diff/data.py
M	src/bonsai/bonsai/bim/module/diff/operator.py
M	src/bonsai/bonsai/bim/module/diff/prop.py
M	src/bonsai/bonsai/bim/module/diff/ui.py
M	src/bonsai/bonsai/bim/module/document/__init__.py
M	src/bonsai/bonsai/bim/module/document/data.py
M	src/bonsai/bonsai/bim/module/document/operator.py
M	src/bonsai/bonsai/bim/module/document/prop.py
M	src/bonsai/bonsai/bim/module/document/ui.py
M	src/bonsai/bonsai/bim/module/drawing/__init__.py
M	src/bonsai/bonsai/bim/module/drawing/annotation.py
M	src/bonsai/bonsai/bim/module/drawing/data.py
M	src/bonsai/bonsai/bim/module/drawing/decoration.py
M	src/bonsai/bonsai/bim/module/drawing/gizmos.py
M	src/bonsai/bonsai/bim/module/drawing/handler.py
M	src/bonsai/bonsai/bim/module/drawing/helper.py
M	src/bonsai/bonsai/bim/module/drawing/operator.py
M	src/bonsai/bonsai/bim/module/drawing/prop.py
M	src/bonsai/bonsai/bim/module/drawing/scheduler.py
M	src/bonsai/bonsai/bim/module/drawing/shaders.py
M	src/bonsai/bonsai/bim/module/drawing/sheeter.py
M	src/bonsai/bonsai/bim/module/drawing/svgwriter.py
M	src/bonsai/bonsai/bim/module/drawing/ui.py
M	src/bonsai/bonsai/bim/module/drawing/workspace.py
M	src/bonsai/bonsai/bim/module/fm/__init__.py
M	src/bonsai/bonsai/bim/module/fm/data.py
M	src/bonsai/bonsai/bim/module/fm/operator.py
M	src/bonsai/bonsai/bim/module/fm/prop.py
M	src/bonsai/bonsai/bim/module/fm/ui.py
M	src/bonsai/bonsai/bim/module/geometry/__init__.py
M	src/bonsai/bonsai/bim/module/geometry/data.py
M	src/bonsai/bonsai/bim/module/geometry/decorator.py
M	src/bonsai/bonsai/bim/module/geometry/helper.py
M	src/bonsai/bonsai/bim/module/geometry/operator.py
M	src/bonsai/bonsai/bim/module/geometry/prop.py
M	src/bonsai/bonsai/bim/module/geometry/ui.py
M	src/bonsai/bonsai/bim/module/georeference/__init__.py
M	src/bonsai/bonsai/bim/module/georeference/data.py
M	src/bonsai/bonsai/bim/module/georeference/decorator.py
M	src/bonsai/bonsai/bim/module/georeference/operator.py
M	src/bonsai/bonsai/bim/module/georeference/prop.py
M	src/bonsai/bonsai/bim/module/georeference/ui.py
M	src/bonsai/bonsai/bim/module/gis/__init__.py
M	src/bonsai/bonsai/bim/module/gis/prop.py
M	src/bonsai/bonsai/bim/module/group/__init__.py
M	src/bonsai/bonsai/bim/module/group/data.py
M	src/bonsai/bonsai/bim/module/group/operator.py
M	src/bonsai/bonsai/bim/module/group/prop.py
M	src/bonsai/bonsai/bim/module/group/ui.py
M	src/bonsai/bonsai/bim/module/ifcgit/__init__.py
M	src/bonsai/bonsai/bim/module/ifcgit/data.py
M	src/bonsai/bonsai/bim/module/ifcgit/operator.py
M	src/bonsai/bonsai/bim/module/ifcgit/prop.py
M	src/bonsai/bonsai/bim/module/ifcgit/ui.py
M	src/bonsai/bonsai/bim/module/layer/__init__.py
M	src/bonsai/bonsai/bim/module/layer/data.py
M	src/bonsai/bonsai/bim/module/layer/operator.py
M	src/bonsai/bonsai/bim/module/layer/prop.py
M	src/bonsai/bonsai/bim/module/layer/ui.py
M	src/bonsai/bonsai/bim/module/library/__init__.py
M	src/bonsai/bonsai/bim/module/library/data.py
M	src/bonsai/bonsai/bim/module/library/operator.py
M	src/bonsai/bonsai/bim/module/library/prop.py
M	src/bonsai/bonsai/bim/module/library/ui.py
M	src/bonsai/bonsai/bim/module/light/__init__.py
M	src/bonsai/bonsai/bim/module/light/data.py
M	src/bonsai/bonsai/bim/module/light/decorator.py
M	src/bonsai/bonsai/bim/module/light/list.py
M	src/bonsai/bonsai/bim/module/light/operator.py
M	src/bonsai/bonsai/bim/module/light/prop.py
M	src/bonsai/bonsai/bim/module/light/ui.py
M	src/bonsai/bonsai/bim/module/material/__init__.py
M	src/bonsai/bonsai/bim/module/material/data.py
M	src/bonsai/bonsai/bim/module/material/operator.py
M	src/bonsai/bonsai/bim/module/material/prop.py
M	src/bonsai/bonsai/bim/module/material/ui.py
M	src/bonsai/bonsai/bim/module/misc/__init__.py
A	src/bonsai/bonsai/bim/module/misc/data.py
M	src/bonsai/bonsai/bim/module/misc/operator.py
M	src/bonsai/bonsai/bim/module/misc/prop.py
M	src/bonsai/bonsai/bim/module/misc/ui.py
M	src/bonsai/bonsai/bim/module/model/__init__.py
M	src/bonsai/bonsai/bim/module/model/array.py
M	src/bonsai/bonsai/bim/module/model/covering.py
M	src/bonsai/bonsai/bim/module/model/data.py
M	src/bonsai/bonsai/bim/module/model/decorator.py
M	src/bonsai/bonsai/bim/module/model/door.py
M	src/bonsai/bonsai/bim/module/model/external.py
M	src/bonsai/bonsai/bim/module/model/grid.py
M	src/bonsai/bonsai/bim/module/model/handler.py
A	src/bonsai/bonsai/bim/module/model/host_add_opening_gizmo.py
M	src/bonsai/bonsai/bim/module/model/mep.py
A	src/bonsai/bonsai/bim/module/model/mep_bend_preview.py
M	src/bonsai/bonsai/bim/module/model/opening.py
M	src/bonsai/bonsai/bim/module/model/polyline.py
A	src/bonsai/bonsai/bim/module/model/preview_base.py
M	src/bonsai/bonsai/bim/module/model/product.py
M	src/bonsai/bonsai/bim/module/model/profile.py
M	src/bonsai/bonsai/bim/module/model/prop.py
M	src/bonsai/bonsai/bim/module/model/railing.py
M	src/bonsai/bonsai/bim/module/model/roof.py
M	src/bonsai/bonsai/bim/module/model/slab.py
M	src/bonsai/bonsai/bim/module/model/space.py
M	src/bonsai/bonsai/bim/module/model/stair.py
M	src/bonsai/bonsai/bim/module/model/sverchok_modifier.py
M	src/bonsai/bonsai/bim/module/model/task.py
M	src/bonsai/bonsai/bim/module/model/ui.py
M	src/bonsai/bonsai/bim/module/model/wall.py
A	src/bonsai/bonsai/bim/module/model/wall_offset_gizmos.py
M	src/bonsai/bonsai/bim/module/model/window.py
M	src/bonsai/bonsai/bim/module/model/workspace.py
M	src/bonsai/bonsai/bim/module/nest/__init__.py
M	src/bonsai/bonsai/bim/module/nest/data.py
M	src/bonsai/bonsai/bim/module/nest/decorator.py
M	src/bonsai/bonsai/bim/module/nest/operator.py
M	src/bonsai/bonsai/bim/module/nest/prop.py
M	src/bonsai/bonsai/bim/module/nest/ui.py
M	src/bonsai/bonsai/bim/module/owner/__init__.py
M	src/bonsai/bonsai/bim/module/owner/data.py
M	src/bonsai/bonsai/bim/module/owner/operator.py
M	src/bonsai/bonsai/bim/module/owner/prop.py
M	src/bonsai/bonsai/bim/module/owner/ui.py
M	src/bonsai/bonsai/bim/module/patch/__init__.py
M	src/bonsai/bonsai/bim/module/patch/operator.py
M	src/bonsai/bonsai/bim/module/patch/prop.py
M	src/bonsai/bonsai/bim/module/patch/ui.py
M	src/bonsai/bonsai/bim/module/profile/__init__.py
M	src/bonsai/bonsai/bim/module/profile/data.py
M	src/bonsai/bonsai/bim/module/profile/operator.py
M	src/bonsai/bonsai/bim/module/profile/prop.py
M	src/bonsai/bonsai/bim/module/profile/ui.py
M	src/bonsai/bonsai/bim/module/project/__init__.py
M	src/bonsai/bonsai/bim/module/project/data.py
M	src/bonsai/bonsai/bim/module/project/decorator.py
M	src/bonsai/bonsai/bim/module/project/gizmo.py
M	src/bonsai/bonsai/bim/module/project/operator.py
M	src/bonsai/bonsai/bim/module/project/prop.py
M	src/bonsai/bonsai/bim/module/project/ui.py
M	src/bonsai/bonsai/bim/module/project/workspace.py
M	src/bonsai/bonsai/bim/module/pset/__init__.py
M	src/bonsai/bonsai/bim/module/pset/data.py
M	src/bonsai/bonsai/bim/module/pset/operator.py
M	src/bonsai/bonsai/bim/module/pset/prop.py
M	src/bonsai/bonsai/bim/module/pset/ui.py
M	src/bonsai/bonsai/bim/module/pset_template/__init__.py
M	src/bonsai/bonsai/bim/module/pset_template/data.py
M	src/bonsai/bonsai/bim/module/pset_template/operator.py
M	src/bonsai/bonsai/bim/module/pset_template/prop.py
M	src/bonsai/bonsai/bim/module/pset_template/ui.py
M	src/bonsai/bonsai/bim/module/qto/__init__.py
M	src/bonsai/bonsai/bim/module/qto/calculator.py
M	src/bonsai/bonsai/bim/module/qto/data.py
M	src/bonsai/bonsai/bim/module/qto/helper.py
M	src/bonsai/bonsai/bim/module/qto/operator.py
M	src/bonsai/bonsai/bim/module/qto/prop.py
M	src/bonsai/bonsai/bim/module/qto/ui.py
M	src/bonsai/bonsai/bim/module/resource/__init__.py
M	src/bonsai/bonsai/bim/module/resource/data.py
M	src/bonsai/bonsai/bim/module/resource/operator.py
M	src/bonsai/bonsai/bim/module/resource/prop.py
M	src/bonsai/bonsai/bim/module/resource/ui.py
M	src/bonsai/bonsai/bim/module/root/__init__.py
M	src/bonsai/bonsai/bim/module/root/data.py
M	src/bonsai/bonsai/bim/module/root/operator.py
M	src/bonsai/bonsai/bim/module/root/prop.py
M	src/bonsai/bonsai/bim/module/root/ui.py
M	src/bonsai/bonsai/bim/module/search/__init__.py
M	src/bonsai/bonsai/bim/module/search/data.py
M	src/bonsai/bonsai/bim/module/search/operator.py
M	src/bonsai/bonsai/bim/module/search/prop.py
M	src/bonsai/bonsai/bim/module/search/ui.py
M	src/bonsai/bonsai/bim/module/sequence/__init__.py
M	src/bonsai/bonsai/bim/module/sequence/data.py
M	src/bonsai/bonsai/bim/module/sequence/gantt/index.js
M	src/bonsai/bonsai/bim/module/sequence/helper.py
M	src/bonsai/bonsai/bim/module/sequence/operator.py
M	src/bonsai/bonsai/bim/module/sequence/prop.py
M	src/bonsai/bonsai/bim/module/sequence/ui.py
M	src/bonsai/bonsai/bim/module/spatial/__init__.py
M	src/bonsai/bonsai/bim/module/spatial/data.py
M	src/bonsai/bonsai/bim/module/spatial/decorator.py
M	src/bonsai/bonsai/bim/module/spatial/operator.py
M	src/bonsai/bonsai/bim/module/spatial/prop.py
M	src/bonsai/bonsai/bim/module/spatial/ui.py
M	src/bonsai/bonsai/bim/module/spatial/workspace.py
M	src/bonsai/bonsai/bim/module/structural/__init__.py
M	src/bonsai/bonsai/bim/module/structural/data.py
M	src/bonsai/bonsai/bim/module/structural/decorator.py
M	src/bonsai/bonsai/bim/module/structural/load_decoration_data.py
M	src/bonsai/bonsai/bim/module/structural/operator.py
M	src/bonsai/bonsai/bim/module/structural/prop.py
M	src/bonsai/bonsai/bim/module/structural/shader.py
M	src/bonsai/bonsai/bim/module/structural/ui.py
M	src/bonsai/bonsai/bim/module/structural/workspace.py
M	src/bonsai/bonsai/bim/module/style/__init__.py
M	src/bonsai/bonsai/bim/module/style/data.py
M	src/bonsai/bonsai/bim/module/style/operator.py
M	src/bonsai/bonsai/bim/module/style/prop.py
M	src/bonsai/bonsai/bim/module/style/ui.py
M	src/bonsai/bonsai/bim/module/system/__init__.py
M	src/bonsai/bonsai/bim/module/system/data.py
M	src/bonsai/bonsai/bim/module/system/decorator.py
M	src/bonsai/bonsai/bim/module/system/operator.py
M	src/bonsai/bonsai/bim/module/system/prop.py
M	src/bonsai/bonsai/bim/module/system/ui.py
M	src/bonsai/bonsai/bim/module/tester/__init__.py
M	src/bonsai/bonsai/bim/module/tester/data.py
M	src/bonsai/bonsai/bim/module/tester/operator.py
M	src/bonsai/bonsai/bim/module/tester/prop.py
M	src/bonsai/bonsai/bim/module/tester/ui.py
M	src/bonsai/bonsai/bim/module/type/__init__.py
M	src/bonsai/bonsai/bim/module/type/data.py
M	src/bonsai/bonsai/bim/module/type/operator.py
M	src/bonsai/bonsai/bim/module/type/prop.py
M	src/bonsai/bonsai/bim/module/type/ui.py
M	src/bonsai/bonsai/bim/module/unit/__init__.py
M	src/bonsai/bonsai/bim/module/unit/data.py
M	src/bonsai/bonsai/bim/module/unit/operator.py
M	src/bonsai/bonsai/bim/module/unit/prop.py
M	src/bonsai/bonsai/bim/module/unit/ui.py
M	src/bonsai/bonsai/bim/module/void/__init__.py
M	src/bonsai/bonsai/bim/module/void/data.py
M	src/bonsai/bonsai/bim/module/void/operator.py
M	src/bonsai/bonsai/bim/module/void/prop.py
M	src/bonsai/bonsai/bim/module/void/ui.py
M	src/bonsai/bonsai/bim/module/web/__init__.py
M	src/bonsai/bonsai/bim/module/web/data.py
M	src/bonsai/bonsai/bim/module/web/operator.py
M	src/bonsai/bonsai/bim/module/web/prop.py
M	src/bonsai/bonsai/bim/module/web/ui.py
M	src/bonsai/bonsai/bim/operator.py
A	src/bonsai/bonsai/bim/parametric_lifecycle.py
M	src/bonsai/bonsai/bim/prop.py
M	src/bonsai/bonsai/bim/schema.py
M	src/bonsai/bonsai/bim/ui.py
M	src/bonsai/bonsai/core/aggregate.py
M	src/bonsai/bonsai/core/attribute.py
M	src/bonsai/bonsai/core/brick.py
M	src/bonsai/bonsai/core/bsdd.py
A	src/bonsai/bonsai/core/connection.py
M	src/bonsai/bonsai/core/context.py
M	src/bonsai/bonsai/core/cost.py
M	src/bonsai/bonsai/core/covering.py
M	src/bonsai/bonsai/core/debug.py
M	src/bonsai/bonsai/core/document.py
M	src/bonsai/bonsai/core/drawing.py
M	src/bonsai/bonsai/core/geometry.py
M	src/bonsai/bonsai/core/georeference.py
M	src/bonsai/bonsai/core/ifcgit.py
M	src/bonsai/bonsai/core/library.py
M	src/bonsai/bonsai/core/material.py
M	src/bonsai/bonsai/core/misc.py
M	src/bonsai/bonsai/core/model.py
M	src/bonsai/bonsai/core/nest.py
M	src/bonsai/bonsai/core/owner.py
M	src/bonsai/bonsai/core/patch.py
M	src/bonsai/bonsai/core/profile.py
M	src/bonsai/bonsai/core/project.py
M	src/bonsai/bonsai/core/pset.py
M	src/bonsai/bonsai/core/qto.py
M	src/bonsai/bonsai/core/resource.py
M	src/bonsai/bonsai/core/root.py
M	src/bonsai/bonsai/core/search.py
M	src/bonsai/bonsai/core/sequence.py
M	src/bonsai/bonsai/core/spatial.py
M	src/bonsai/bonsai/core/structural.py
M	src/bonsai/bonsai/core/style.py
M	src/bonsai/bonsai/core/system.py
M	src/bonsai/bonsai/core/tool.py
M	src/bonsai/bonsai/core/type.py
M	src/bonsai/bonsai/core/unit.py
M	src/bonsai/bonsai/core/web.py
M	src/bonsai/bonsai/tool/__init__.py
M	src/bonsai/bonsai/tool/aggregate.py
A	src/bonsai/bonsai/tool/array.py
M	src/bonsai/bonsai/tool/attribute.py
A	src/bonsai/bonsai/tool/autosave.py
M	src/bonsai/bonsai/tool/bcf.py
M	src/bonsai/bonsai/tool/blender.py
M	src/bonsai/bonsai/tool/boundary.py
M	src/bonsai/bonsai/tool/brick.py
M	src/bonsai/bonsai/tool/bsdd.py
M	src/bonsai/bonsai/tool/cad.py
M	src/bonsai/bonsai/tool/clash.py
M	src/bonsai/bonsai/tool/classification.py
A	src/bonsai/bonsai/tool/clip_box.py
M	src/bonsai/bonsai/tool/collector.py
A	src/bonsai/bonsai/tool/connection.py
M	src/bonsai/bonsai/tool/context.py
M	src/bonsai/bonsai/tool/cost.py
M	src/bonsai/bonsai/tool/covering.py
M	src/bonsai/bonsai/tool/debug.py
M	src/bonsai/bonsai/tool/demo.py
M	src/bonsai/bonsai/tool/document.py
M	src/bonsai/bonsai/tool/drawing.py
A	src/bonsai/bonsai/tool/duplicate.py
M	src/bonsai/bonsai/tool/feature.py
M	src/bonsai/bonsai/tool/geometry.py
M	src/bonsai/bonsai/tool/georeference.py
M	src/bonsai/bonsai/tool/group.py
M	src/bonsai/bonsai/tool/ifc.py
M	src/bonsai/bonsai/tool/ifcgit.py
M	src/bonsai/bonsai/tool/layer.py
M	src/bonsai/bonsai/tool/library.py
M	src/bonsai/bonsai/tool/loader.py
M	src/bonsai/bonsai/tool/material.py
M	src/bonsai/bonsai/tool/misc.py
M	src/bonsai/bonsai/tool/model.py
M	src/bonsai/bonsai/tool/nest.py
A	src/bonsai/bonsai/tool/numeric_input.py
M	src/bonsai/bonsai/tool/owner.py
A	src/bonsai/bonsai/tool/parametric.py
M	src/bonsai/bonsai/tool/patch.py
M	src/bonsai/bonsai/tool/polyline.py
M	src/bonsai/bonsai/tool/profile.py
M	src/bonsai/bonsai/tool/project.py
M	src/bonsai/bonsai/tool/pset.py
M	src/bonsai/bonsai/tool/pset_template.py
M	src/bonsai/bonsai/tool/qto.py
M	src/bonsai/bonsai/tool/raycast.py
M	src/bonsai/bonsai/tool/resource.py
M	src/bonsai/bonsai/tool/root.py
M	src/bonsai/bonsai/tool/search.py
M	src/bonsai/bonsai/tool/sequence.py
A	src/bonsai/bonsai/tool/slab.py
M	src/bonsai/bonsai/tool/snap.py
M	src/bonsai/bonsai/tool/spatial.py
M	src/bonsai/bonsai/tool/structural.py
M	src/bonsai/bonsai/tool/style.py
M	src/bonsai/bonsai/tool/surveyor.py
M	src/bonsai/bonsai/tool/system.py
M	src/bonsai/bonsai/tool/type.py
M	src/bonsai/bonsai/tool/unit.py
A	src/bonsai/bonsai/tool/wall.py
M	src/bonsai/bonsai/tool/web.py
M	src/bonsai/docs/_templates/sidebar/brand.html
M	src/bonsai/docs/guides/authoring/basic_modeling/creating_walls.rst
M	src/bonsai/docs/guides/development/code_style.rst
M	src/bonsai/docs/guides/development/index.rst
M	src/bonsai/docs/guides/development/installation.rst
A	src/bonsai/docs/guides/development/maintenance.rst
M	src/bonsai/docs/quickstart/create_model.rst
M	src/bonsai/docs/reference/project_overview/project_info.rst
M	src/bonsai/pyproject.toml
M	src/bonsai/pytest.ini
A	src/bonsai/requirements-dev.txt
M	src/bonsai/runpytest.py
A	src/bonsai/scripts/bonsai_deps.py
M	src/bonsai/scripts/bonsai_translations.py
M	src/bonsai/scripts/classifications/brick_classifiction.py
M	src/bonsai/scripts/classifications/uniclass_classification.py
M	src/bonsai/scripts/classifications/vbis.py
M	src/bonsai/scripts/classifications/xml_classification.py
M	src/bonsai/scripts/dev_environment.py
A	src/bonsai/scripts/dev_environment_vscode_config.py
M	src/bonsai/scripts/dxf2ifc.py
M	src/bonsai/scripts/extract.py
M	src/bonsai/scripts/gbxml.py
M	src/bonsai/scripts/generate_au_library.py
M	src/bonsai/scripts/generate_demo_library.py
M	src/bonsai/scripts/generate_entourage_library.py
M	src/bonsai/scripts/generate_furniture_library.py
M	src/bonsai/scripts/generate_landscape_library.py
M	src/bonsai/scripts/generate_png_icons.py
M	src/bonsai/scripts/generate_site_library.py
M	src/bonsai/scripts/generate_steel_profiles_library.py
M	src/bonsai/scripts/generate_util_type_json.py
M	src/bonsai/scripts/geonodes_modifier_prototype.py
M	src/bonsai/scripts/getIfcElements.py
M	src/bonsai/scripts/get_all_qtos.py
M	src/bonsai/scripts/get_description.py
M	src/bonsai/scripts/get_volume_by_material.py
M	src/bonsai/scripts/headless_import.py
M	src/bonsai/scripts/obj2ifc-meshlab.py
M	src/bonsai/scripts/obj2ifc.py
M	src/bonsai/scripts/replace_drawing_path.py
M	src/bonsai/scripts/reregister_bonsai.py
M	src/bonsai/scripts/setup_pytest.py
M	src/bonsai/scripts/standalone_blender_import.py
M	src/bonsai/scripts/standalone_drawer.py
M	src/bonsai/scripts/standalone_section_shader.py
M	src/bonsai/scripts/waldo.py
M	src/bonsai/test/bim/bootstrap.py
M	src/bonsai/test/bim/conftest.py
A	src/bonsai/test/bim/feature/array.feature
M	src/bonsai/test/bim/feature/boolean.feature
M	src/bonsai/test/bim/feature/classification.feature
M	src/bonsai/test/bim/feature/cost.feature
M	src/bonsai/test/bim/feature/covering.feature
M	src/bonsai/test/bim/feature/document.feature
M	src/bonsai/test/bim/feature/drawing.feature
M	src/bonsai/test/bim/feature/geometry.feature
M	src/bonsai/test/bim/feature/material.feature
M	src/bonsai/test/bim/feature/model.feature
M	src/bonsai/test/bim/feature/project.feature
M	src/bonsai/test/bim/feature/pset.feature
M	src/bonsai/test/bim/feature/root.feature
M	src/bonsai/test/bim/feature/spatial.feature
M	src/bonsai/test/bim/feature/structural.feature
M	src/bonsai/test/bim/feature/type.feature
A	src/bonsai/test/bim/module/clash/__init__.py
A	src/bonsai/test/bim/module/clash/test_clash_decorator_handlers_cleared.py
A	src/bonsai/test/bim/module/clip_box/__init__.py
A	src/bonsai/test/bim/module/clip_box/test_add_for_source.py
A	src/bonsai/test/bim/module/clip_box/test_clip_box.py
A	src/bonsai/test/bim/module/clip_box/test_clip_only_ifc_products.py
A	src/bonsai/test/bim/module/clip_box/test_face_quad.py
A	src/bonsai/test/bim/module/clip_box/test_include_linked_ifc.py
A	src/bonsai/test/bim/module/clip_box/test_source_kind_forward_compat.py
A	src/bonsai/test/bim/module/drawing/test_dimension_gizmo_priority.py
A	src/bonsai/test/bim/module/drawing/test_gizmos.py
M	src/bonsai/test/bim/module/drawing/test_segment_clipping.py
A	src/bonsai/test/bim/module/geometry/__init__.py
A	src/bonsai/test/bim/module/geometry/test_shape_aspects_forward_compat.py
A	src/bonsai/test/bim/module/model/__init__.py
A	src/bonsai/test/bim/module/model/conftest.py
A	src/bonsai/test/bim/module/model/test_array_batch_recut.py
A	src/bonsai/test/bim/module/model/test_array_batch_recut_forward_compat.py
A	src/bonsai/test/bim/module/model/test_array_duplicate_batched.py
A	src/bonsai/test/bim/module/model/test_connected_network_path_decorator.py
A	src/bonsai/test/bim/module/model/test_decorator_cache.py
A	src/bonsai/test/bim/module/model/test_decorator_no_mutating_triangulate.py
A	src/bonsai/test/bim/module/model/test_disconnect_elements.py
A	src/bonsai/test/bim/module/model/test_door_decorator.py
A	src/bonsai/test/bim/module/model/test_door_gizmos.py
A	src/bonsai/test/bim/module/model/test_enable_editing_parametric.py
A	src/bonsai/test/bim/module/model/test_fillet_operators.py
A	src/bonsai/test/bim/module/model/test_host_add_opening_gizmo.py
A	src/bonsai/test/bim/module/model/test_mep_actions_cache.py
A	src/bonsai/test/bim/module/model/test_mep_actions_visibility.py
A	src/bonsai/test/bim/module/model/test_mep_bend_preview.py
A	src/bonsai/test/bim/module/model/test_mep_bend_preview_cache.py
A	src/bonsai/test/bim/module/model/test_mep_bend_tessellation.py
A	src/bonsai/test/bim/module/model/test_mep_disconnect_integration.py
A	src/bonsai/test/bim/module/model/test_mep_distribution_fit_smoke.py
A	src/bonsai/test/bim/module/model/test_mep_port_operators.py
A	src/bonsai/test/bim/module/model/test_mep_segment_edition.py
A	src/bonsai/test/bim/module/model/test_merge_wall_convention.py
A	src/bonsai/test/bim/module/model/test_opening_decoration.py
A	src/bonsai/test/bim/module/model/test_preview_base.py
A	src/bonsai/test/bim/module/model/test_profile_decorator_duplicate_loop.py
A	src/bonsai/test/bim/module/model/test_railing_lifecycle.py
A	src/bonsai/test/bim/module/model/test_railing_schematic.py
A	src/bonsai/test/bim/module/model/test_recalculate_fill_forward_compat.py
A	src/bonsai/test/bim/module/model/test_regenerate_wall.py
A	src/bonsai/test/bim/module/model/test_roof_gizmos.py
A	src/bonsai/test/bim/module/model/test_stair_gizmos.py
A	src/bonsai/test/bim/module/model/test_transform_modal_gate.py
A	src/bonsai/test/bim/module/model/test_undo_resync_parametric_drafts.py
A	src/bonsai/test/bim/module/model/test_wall_array_child_filter_forward_compat.py
A	src/bonsai/test/bim/module/model/test_wall_gizmo_poll_gate.py
A	src/bonsai/test/bim/module/model/test_wall_gizmos.py
A	src/bonsai/test/bim/module/model/test_wall_gizmos_array_children.py
A	src/bonsai/test/bim/module/model/test_wall_gizmos_forward_compat.py
A	src/bonsai/test/bim/module/model/test_wall_header_refresh.py
A	src/bonsai/test/bim/module/model/test_wall_merge_openings.py
A	src/bonsai/test/bim/module/model/test_wall_offset_gizmos.py
A	src/bonsai/test/bim/module/model/test_wall_preview_mesh.py
A	src/bonsai/test/bim/module/model/test_wall_props_resync_on_dim_change.py
A	src/bonsai/test/bim/module/model/test_wall_slab_connections.py
A	src/bonsai/test/bim/module/model/test_wall_split_filled_opening.py
A	src/bonsai/test/bim/module/model/test_wall_split_openings.py
A	src/bonsai/test/bim/module/model/test_wall_tab_enters_parametric_edit.py
A	src/bonsai/test/bim/module/model/test_wall_topology_cache.py
A	src/bonsai/test/bim/module/patch/__init__.py
A	src/bonsai/test/bim/module/patch/test_execute_downgrade_e2e.py
A	src/bonsai/test/bim/module/patch/test_lossy_downgrade.py
A	src/bonsai/test/bim/module/patch/test_preset_label_reset.py
A	src/bonsai/test/bim/module/project/__init__.py
A	src/bonsai/test/bim/module/project/test_autosave.py
A	src/bonsai/test/bim/module/project/test_pending_opening_cuts.py
A	src/bonsai/test/bim/module/project/test_project_library_data.py
A	src/bonsai/test/bim/module/type/__init__.py
A	src/bonsai/test/bim/module/type/test_assign_type_forward_compat.py
A	src/bonsai/test/bim/module/type/test_assign_type_partition.py
M	src/bonsai/test/bim/stub.py
A	src/bonsai/test/bim/test_decorator_handlers_clear_forward_compat.py
A	src/bonsai/test/bim/test_execute_ifc_operator_partial_state.py
M	src/bonsai/test/bim/test_feature.py
A	src/bonsai/test/bim/test_handler_forward_compat.py
A	src/bonsai/test/bim/test_handler_restricted_context.py
A	src/bonsai/test/bim/test_parametric_lifecycle.py
A	src/bonsai/test/bim/test_parametric_registry.py
A	src/bonsai/test/bim/test_pen_dispatcher_forward_compat.py
A	src/bonsai/test/bim/test_preview_cancel_ops_forward_compat.py
A	src/bonsai/test/bim/test_prop.py
M	src/bonsai/test/core/bootstrap.py
M	src/bonsai/test/core/test_aggregate.py
M	src/bonsai/test/core/test_attribute.py
M	src/bonsai/test/core/test_brick.py
A	src/bonsai/test/core/test_connection.py
M	src/bonsai/test/core/test_context.py
M	src/bonsai/test/core/test_debug.py
M	src/bonsai/test/core/test_document.py
M	src/bonsai/test/core/test_drawing.py
M	src/bonsai/test/core/test_geometry.py
M	src/bonsai/test/core/test_georeference.py
A	src/bonsai/test/core/test_ifcgit.py
M	src/bonsai/test/core/test_material.py
M	src/bonsai/test/core/test_misc.py
A	src/bonsai/test/core/test_model.py
M	src/bonsai/test/core/test_nest.py
M	src/bonsai/test/core/test_owner.py
M	src/bonsai/test/core/test_project.py
M	src/bonsai/test/core/test_root.py
M	src/bonsai/test/core/test_spatial.py
M	src/bonsai/test/core/test_style.py
M	src/bonsai/test/core/test_system.py
M	src/bonsai/test/core/test_type.py
M	src/bonsai/test/core/test_unit.py
A	src/bonsai/test/files/Ex1-BoQ-without-query.csv
A	src/bonsai/test/files/Ex2-SoR.csv
A	src/bonsai/test/files/Ex3-BoQ-with-query.csv
A	src/bonsai/test/files/Ex4-BoQ-with-description.csv
A	src/bonsai/test/files/Ex5-SoR-with-description.csv
A	src/bonsai/test/files/Ex6-BoQ-with-categories.csv
A	src/bonsai/test/files/Ex7-BoQ-with-Rates.csv
A	src/bonsai/test/files/Ex8-BoQ-with-formula.csv
A	src/bonsai/test/files/snap-target.ifc
A	src/bonsai/test/files/snap.ifc
A	src/bonsai/test/files/wall.ifc
A	src/bonsai/test/modal/test_modal.py
A	src/bonsai/test/pyproject.toml
M	src/bonsai/test/tool/test_aggregate.py
M	src/bonsai/test/tool/test_blender.py
A	src/bonsai/test/tool/test_blender_any_array_child_cache.py
A	src/bonsai/test/tool/test_blender_dashed_line.py
M	src/bonsai/test/tool/test_brick.py
M	src/bonsai/test/tool/test_cad.py
M	src/bonsai/test/tool/test_classification.py
A	src/bonsai/test/tool/test_clip_box_for_source.py
M	src/bonsai/test/tool/test_collector.py
A	src/bonsai/test/tool/test_connection_forward_compat.py
M	src/bonsai/test/tool/test_context.py
A	src/bonsai/test/tool/test_cost.py
M	src/bonsai/test/tool/test_debug.py
M	src/bonsai/test/tool/test_document.py
M	src/bonsai/test/tool/test_drawing.py
M	src/bonsai/test/tool/test_geometry.py
A	src/bonsai/test/tool/test_geometry_batch_host_recut.py
M	src/bonsai/test/tool/test_georeference.py
M	src/bonsai/test/tool/test_ifc.py
A	src/bonsai/test/tool/test_ifcgit.py
M	src/bonsai/test/tool/test_library.py
M	src/bonsai/test/tool/test_loader.py
M	src/bonsai/test/tool/test_material.py
M	src/bonsai/test/tool/test_misc.py
M	src/bonsai/test/tool/test_model.py
M	src/bonsai/test/tool/test_nest.py
M	src/bonsai/test/tool/test_owner.py
M	src/bonsai/test/tool/test_patch.py
M	src/bonsai/test/tool/test_polyline.py
M	src/bonsai/test/tool/test_project.py
M	src/bonsai/test/tool/test_pset.py
A	src/bonsai/test/tool/test_pset_template.py
M	src/bonsai/test/tool/test_qto.py
M	src/bonsai/test/tool/test_root.py
M	src/bonsai/test/tool/test_sequence.py
A	src/bonsai/test/tool/test_shape_builder.py
M	src/bonsai/test/tool/test_spatial.py
M	src/bonsai/test/tool/test_style.py
M	src/bonsai/test/tool/test_surveyor.py
M	src/bonsai/test/tool/test_system.py
M	src/bonsai/test/tool/test_type.py
M	src/bonsai/test/tool/test_unit.py
A	src/bonsai/type-check-requirements.txt
A	src/bonsaiviewer-autodesk/.gitignore
A	src/bonsaiviewer-autodesk/Cargo.lock
A	src/bonsaiviewer-autodesk/Cargo.toml
A	src/bonsaiviewer-autodesk/connector.json
A	src/bonsaiviewer-autodesk/packaging/build.py
A	src/bonsaiviewer-autodesk/src/aps/browse.rs
A	src/bonsaiviewer-autodesk/src/aps/mod.rs
A	src/bonsaiviewer-autodesk/src/aps/transfer.rs
A	src/bonsaiviewer-autodesk/src/aps/types.rs
A	src/bonsaiviewer-autodesk/src/auth.rs
A	src/bonsaiviewer-autodesk/src/cache.rs
A	src/bonsaiviewer-autodesk/src/connector.rs
A	src/bonsaiviewer-autodesk/src/lib.rs
A	src/bonsaiviewer-autodesk/src/main.rs
A	src/bonsaiviewer-autodesk/src/progress.rs
A	src/bonsaiviewer-autodesk/src/rpc.rs
A	src/bonsaiviewer-autodesk/src/settings.rs
A	src/bonsaiviewer-autodesk/src/ui/browse.rs
A	src/bonsaiviewer-autodesk/src/ui/dialogs.rs
A	src/bonsaiviewer-autodesk/src/ui/mod.rs
A	src/bonsaiviewer-autodesk/src/ui/progress.rs
A	src/bonsaiviewer-autodesk/src/ui/settings.rs
A	src/bonsaiviewer-autodesk/tests/aps.rs
A	src/bonsaiviewer-autodesk/tests/rpc_smoke.rs
A	src/bonsaiviewer/CMakeLists.txt
A	src/bonsaiviewer/ElementRegistry.cpp
A	src/bonsaiviewer/ElementRegistry.h
A	src/bonsaiviewer/MainWindow.cpp
A	src/bonsaiviewer/MainWindow.h
A	src/bonsaiviewer/Measurement.cpp
A	src/bonsaiviewer/Measurement.h
A	src/bonsaiviewer/SessionState.cpp
A	src/bonsaiviewer/SessionState.h
A	src/bonsaiviewer/ViewerSettings.cpp
A	src/bonsaiviewer/ViewerSettings.h
A	src/bonsaiviewer/bonsaiviewer_resources.qrc
A	src/bonsaiviewer/components/Buttons.cpp
A	src/bonsaiviewer/components/Buttons.h
A	src/bonsaiviewer/components/Dialog.cpp
A	src/bonsaiviewer/components/Dialog.h
A	src/bonsaiviewer/components/KeyValueTable.cpp
A	src/bonsaiviewer/components/KeyValueTable.h
A	src/bonsaiviewer/components/Panel.cpp
A	src/bonsaiviewer/components/Panel.h
A	src/bonsaiviewer/components/Section.cpp
A	src/bonsaiviewer/components/Section.h
A	src/bonsaiviewer/components/Style.cpp
A	src/bonsaiviewer/components/Style.h
A	src/bonsaiviewer/components/SvgIcon.cpp
A	src/bonsaiviewer/components/SvgIcon.h
R052	src/ifcopenshell-python/ifcopenshell/express/txt/header_ifc4x1.txt	src/bonsaiviewer/components/Tabs.cpp
R052	src/ifcopenshell-python/ifcopenshell/express/txt/header_ifc2x3.txt	src/bonsaiviewer/components/Tabs.h
A	src/bonsaiviewer/docs/Makefile
A	src/bonsaiviewer/docs/_static/custom.css
A	src/bonsaiviewer/docs/conf.py
A	src/bonsaiviewer/docs/connectors/autodesk.rst
A	src/bonsaiviewer/docs/connectors/autodesk_development.rst
A	src/bonsaiviewer/docs/connectors/cloud_sync_protocol.rst
A	src/bonsaiviewer/docs/connectors/index.rst
A	src/bonsaiviewer/docs/debug-output.rst
A	src/bonsaiviewer/docs/env-vars.rst
A	src/bonsaiviewer/docs/index.rst
A	src/bonsaiviewer/docs/installation.rst
A	src/bonsaiviewer/docs/make.bat
A	src/bonsaiviewer/docs/requirements.txt
A	src/bonsaiviewer/docs/viewport_architecture.rst
A	src/bonsaiviewer/icons/box-3d-center.svg
A	src/bonsaiviewer/icons/box-3d-three-points.svg
A	src/bonsaiviewer/icons/building.svg
A	src/bonsaiviewer/icons/cellar.svg
A	src/bonsaiviewer/icons/check.svg
A	src/bonsaiviewer/icons/city.svg
A	src/bonsaiviewer/icons/clock-rotate-right.svg
A	src/bonsaiviewer/icons/cloud-square.svg
A	src/bonsaiviewer/icons/cube-bandage.svg
A	src/bonsaiviewer/icons/cube-cut-with-curve.svg
A	src/bonsaiviewer/icons/cube-dots.svg
A	src/bonsaiviewer/icons/cube-scan-solid.svg
A	src/bonsaiviewer/icons/cube-scan.svg
A	src/bonsaiviewer/icons/cube.svg
A	src/bonsaiviewer/icons/cursor-pointer.svg
A	src/bonsaiviewer/icons/database-restore.svg
A	src/bonsaiviewer/icons/database.svg
A	src/bonsaiviewer/icons/download-square.svg
A	src/bonsaiviewer/icons/drone.svg
A	src/bonsaiviewer/icons/eye-closed.svg
A	src/bonsaiviewer/icons/eye-solid.svg
A	src/bonsaiviewer/icons/eye.svg
A	src/bonsaiviewer/icons/face-3d-draft.svg
A	src/bonsaiviewer/icons/filter.svg
A	src/bonsaiviewer/icons/floppy-disk-arrow-in.svg
A	src/bonsaiviewer/icons/floppy-disk.svg
A	src/bonsaiviewer/icons/folder-minus.svg
A	src/bonsaiviewer/icons/folder-plus.svg
A	src/bonsaiviewer/icons/folder.svg
A	src/bonsaiviewer/icons/frame-alt.svg
A	src/bonsaiviewer/icons/home-alt.svg
A	src/bonsaiviewer/icons/home.svg
A	src/bonsaiviewer/icons/intersect.svg
A	src/bonsaiviewer/icons/minus-square.svg
A	src/bonsaiviewer/icons/perspective-view.svg
A	src/bonsaiviewer/icons/planimetry.svg
A	src/bonsaiviewer/icons/plus-square.svg
A	src/bonsaiviewer/icons/refresh-double.svg
A	src/bonsaiviewer/icons/select-edge3d.svg
A	src/bonsaiviewer/icons/select-face3d.svg
A	src/bonsaiviewer/icons/select-point3d.svg
A	src/bonsaiviewer/icons/settings.svg
A	src/bonsaiviewer/icons/sidebar-expand.svg
A	src/bonsaiviewer/icons/square3d-from-center.svg
A	src/bonsaiviewer/icons/xmark-circle.svg
A	src/bonsaiviewer/main.cpp
A	src/bonsaiviewer/modules/connectors/Discovery.cpp
A	src/bonsaiviewer/modules/connectors/Discovery.h
A	src/bonsaiviewer/modules/connectors/PickerDialog.cpp
A	src/bonsaiviewer/modules/connectors/PickerDialog.h
A	src/bonsaiviewer/modules/connectors/Process.cpp
A	src/bonsaiviewer/modules/connectors/Process.h
A	src/bonsaiviewer/modules/connectors/Registry.cpp
A	src/bonsaiviewer/modules/connectors/Registry.h
A	src/bonsaiviewer/modules/models/AddModelDialog.cpp
A	src/bonsaiviewer/modules/models/AddModelDialog.h
A	src/bonsaiviewer/modules/models/Commands.cpp
A	src/bonsaiviewer/modules/models/Commands.h
A	src/bonsaiviewer/modules/models/FederationItemModel.cpp
A	src/bonsaiviewer/modules/models/FederationItemModel.h
A	src/bonsaiviewer/modules/models/Panel.cpp
A	src/bonsaiviewer/modules/models/Panel.h
A	src/bonsaiviewer/modules/models/SettingsDialog.cpp
A	src/bonsaiviewer/modules/models/SettingsDialog.h
A	src/bonsaiviewer/modules/models/SettingsView.cpp
A	src/bonsaiviewer/modules/models/SettingsView.h
A	src/bonsaiviewer/modules/models/Types.h
A	src/bonsaiviewer/modules/models/View.cpp
A	src/bonsaiviewer/modules/models/View.h
A	src/bonsaiviewer/modules/project/Commands.cpp
A	src/bonsaiviewer/modules/project/Commands.h
A	src/bonsaiviewer/modules/project/RecentProjects.cpp
A	src/bonsaiviewer/modules/project/RecentProjects.h
A	src/bonsaiviewer/modules/project/SaveProjectDialog.cpp
A	src/bonsaiviewer/modules/project/SaveProjectDialog.h
A	src/bonsaiviewer/modules/properties/Panel.cpp
A	src/bonsaiviewer/modules/properties/Panel.h
A	src/bonsaiviewer/modules/properties/Types.h
A	src/bonsaiviewer/modules/properties/View.cpp
A	src/bonsaiviewer/modules/properties/View.h
A	src/bonsaiviewer/modules/settings/Dialog.cpp
A	src/bonsaiviewer/modules/settings/Dialog.h
A	src/bonsaiviewer/modules/spatial_hierarchy/Panel.cpp
A	src/bonsaiviewer/modules/spatial_hierarchy/Panel.h
A	src/bonsaiviewer/modules/spatial_hierarchy/Types.h
A	src/bonsaiviewer/modules/spatial_hierarchy/View.cpp
A	src/bonsaiviewer/modules/spatial_hierarchy/View.h
A	src/bonsaiviewer/modules/todo/Panel.cpp
R052	src/ifcopenshell-python/ifcopenshell/express/txt/header_ifc4.txt	src/bonsaiviewer/modules/todo/Panel.h
A	src/bonsaiviewer/modules/viewport/Commands.cpp
A	src/bonsaiviewer/modules/viewport/Commands.h
A	src/bonsaiviewer/modules/viewport/Panel.cpp
R050	src/ifcopenshell-python/ifcopenshell/express/txt/header_ifc4x2.txt	src/bonsaiviewer/modules/viewport/Panel.h
A	src/bonsaiviewer/modules/viewport/View.cpp
A	src/bonsaiviewer/modules/viewport/View.h
M	src/bsdd/bsdd.py
M	src/bsdd/bsdd_json.py
M	src/bsdd/pyproject.toml
M	src/bsdd/tests/test_bsdd.py
M	src/bsdd/type_hints.py
M	src/bsdd/yml_to_classes.py
M	src/common.mk
M	src/examples/CMakeLists.txt
M	src/examples/IfcAdvancedHouse.cpp
M	src/examples/IfcAlignment.cpp
M	src/examples/IfcOpenHouse.cpp
M	src/examples/IfcParseExamples.cpp
M	src/examples/IfcSimplifiedAlignment.cpp
A	src/examples/README.md
D	src/examples/arbitrary_open_profile_def.cpp
D	src/examples/composite_profile_def.cpp
D	src/examples/csg_primitive.cpp
D	src/examples/ellipse_pies.cpp
D	src/examples/faces.cpp
D	src/examples/ifc_curve_rebar.cpp
D	src/examples/profiles.cpp
D	src/examples/suzanne_geometry.h
D	src/examples/triangulated_faceset.cpp
M	src/exterior-shell-extractor/main.py
A	src/helpers/CMakeLists.txt
A	src/helpers/element.cpp
A	src/helpers/element.h
A	src/helpers/geolocation.cpp
A	src/helpers/geolocation.h
A	src/helpers/geolocation_transform.cpp
A	src/helpers/geolocation_transform.h
A	src/helpers/placement.cpp
A	src/helpers/placement.h
A	src/helpers/pset.cpp
A	src/helpers/pset.h
A	src/helpers/schema_dispatch.i
A	src/helpers/unit.cpp
A	src/helpers/unit.h
A	src/helpers/unit_convert.cpp
A	src/helpers/unit_convert.h
M	src/ifc2ca/README.md
M	src/ifc2ca/_deprecated/ca2ifc.py
M	src/ifc2ca/_deprecated/scriptCodeAsterBonded.py
M	src/ifc2ca/_deprecated/scriptSalomeBonded.py
M	src/ifc2ca/ca2ifc.py
M	src/ifc2ca/ifc2ca.py
M	src/ifc4d/__main__.py
M	src/ifc4d/ifc4d/common.py
M	src/ifc4d/ifc4d/csv2ifc.py
M	src/ifc4d/ifc4d/csv4d2ifc.py
M	src/ifc4d/ifc4d/ifc2msp.py
M	src/ifc4d/ifc4d/ifc2p6.py
M	src/ifc4d/ifc4d/msp2ifc.py
M	src/ifc4d/ifc4d/p62ifc.py
M	src/ifc4d/ifc4d/p6xer2ifc.py
M	src/ifc4d/ifc4d/pp2ifc.py
M	src/ifc4d/ifc4d/wpattern.py
M	src/ifc4d/pyproject.toml
A	src/ifc5d/Ex1 - BoQ without query.csv
A	src/ifc5d/Ex2 - SoR.csv
A	src/ifc5d/Ex3 - BoQ with query.csv
A	src/ifc5d/Ex4 - BoQ with description.csv
A	src/ifc5d/Ex5 - SoR_with_description.csv
A	src/ifc5d/Ex6 - BoQ with categories.csv
A	src/ifc5d/Ex7 - BoQ with Rates.csv
A	src/ifc5d/Ex8 - BoQ with formula.csv
M	src/ifc5d/README.md
M	src/ifc5d/ifc5d/IFC4QtoBaseQuantities.json
M	src/ifc5d/ifc5d/IFC4QtoBaseQuantitiesBlender.json
M	src/ifc5d/ifc5d/IFC4X3QtoBaseQuantities.json
M	src/ifc5d/ifc5d/IFC4X3QtoBaseQuantitiesBlender.json
M	src/ifc5d/ifc5d/csv2ifc.py
M	src/ifc5d/ifc5d/ifc2json.py
M	src/ifc5d/ifc5d/ifc5Dspreadsheet.py
M	src/ifc5d/ifc5d/qto.py
M	src/ifc5d/ifc5d/typst_template_ifc_cost_schedule.typ
M	src/ifc5d/pyproject.toml
M	src/ifc5d/test/test_csv2ifc.py
A	src/ifc5d/test/test_qto.py
M	src/ifcbimtester/bimtester/__init__.py
M	src/ifcbimtester/bimtester/clean.py
M	src/ifcbimtester/bimtester/features/environment.py
M	src/ifcbimtester/bimtester/features/steps/aggregation/en.py
M	src/ifcbimtester/bimtester/features/steps/all.py
M	src/ifcbimtester/bimtester/features/steps/application/en.py
M	src/ifcbimtester/bimtester/features/steps/attributes_eleclasses/en.py
M	src/ifcbimtester/bimtester/features/steps/attributes_psets/en.py
M	src/ifcbimtester/bimtester/features/steps/classification/en.py
M	src/ifcbimtester/bimtester/features/steps/element_classes/en.py
M	src/ifcbimtester/bimtester/features/steps/geocoding/en.py
M	src/ifcbimtester/bimtester/features/steps/geolocation/en.py
M	src/ifcbimtester/bimtester/features/steps/geometric_detail/en.py
M	src/ifcbimtester/bimtester/features/steps/model_federation/en.py
M	src/ifcbimtester/bimtester/features/steps/project_setup/en.py
M	src/ifcbimtester/bimtester/features/steps/spatial_structure/en.py
M	src/ifcbimtester/bimtester/guiwidget.py
M	src/ifcbimtester/bimtester/reports.py
M	src/ifcbimtester/bimtester/run.py
M	src/ifcbimtester/bimtester/util.py
M	src/ifcbimtester/cli.py
M	src/ifcbimtester/examples/steps/aggregation.py
M	src/ifcbimtester/examples/steps/attributes_eleclasses.py
M	src/ifcbimtester/gui.py
M	src/ifcblender/io_import_scene_ifc/__init__.py
A	src/ifcchat/CNAME
A	src/ifcchat/README.md
A	src/ifcchat/api_anthropic.js
A	src/ifcchat/api_openai.js
A	src/ifcchat/api_openrouter.js
A	src/ifcchat/app.js
A	src/ifcchat/ifc_worker.js
A	src/ifcchat/index.html
A	src/ifcchat/style.css
M	src/ifccityjson/ifccityjson/__main__.py
M	src/ifccityjson/ifccityjson/cityjson2ifc/cityjson2ifc.py
M	src/ifcclash/ifcclash/__main__.py
M	src/ifcclash/ifcclash/ifcclash.py
M	src/ifcclash/make.py
M	src/ifcclash/pyproject.toml
M	src/ifcconvert/CMakeLists.txt
M	src/ifcconvert/IfcConvert.cpp
M	src/ifcconvert/validate_space_boundaries.cpp
M	src/ifcconvert/validate_storey_containment.cpp
M	src/ifcconvert/validate_wall_connectivity.cpp
M	src/ifcconvert/validation_utils.cpp
M	src/ifcconvert/validation_utils.h
M	src/ifccsv/ifccsv.py
M	src/ifccsv/pyproject.toml
M	src/ifcdiff/ifcdiff.py
M	src/ifcdiff/test.py
A	src/ifcedit/Makefile
A	src/ifcedit/README.md
A	src/ifcedit/ifcedit/__init__.py
A	src/ifcedit/ifcedit/__main__.py
A	src/ifcedit/ifcedit/coerce.py
A	src/ifcedit/ifcedit/discover.py
A	src/ifcedit/ifcedit/foreach.py
A	src/ifcedit/ifcedit/quantify.py
A	src/ifcedit/ifcedit/run.py
A	src/ifcedit/pyproject.toml
A	src/ifcedit/tests/__init__.py
A	src/ifcedit/tests/conftest.py
A	src/ifcedit/tests/test_coerce.py
A	src/ifcedit/tests/test_discover.py
A	src/ifcedit/tests/test_foreach.py
A	src/ifcedit/tests/test_main.py
A	src/ifcedit/tests/test_quantify.py
A	src/ifcedit/tests/test_run.py
M	src/ifcfm/ifcfm/__init__.py
M	src/ifcfm/ifcfm/__main__.py
M	src/ifcfm/ifcfm/basic.py
M	src/ifcfm/ifcfm/cobie24.py
M	src/ifcfm/ifcfm/cobie24legacy.py
M	src/ifcfm/pyproject.toml
A	src/ifcfuzz/CMakeLists.txt
A	src/ifcfuzz/README.md
A	src/ifcfuzz/ifcparse_fuzzer.cpp
A	src/ifcfuzz/run.sh
D	src/ifcgeom/AbstractKernel.h
M	src/ifcgeom/CMakeLists.txt
D	src/ifcgeom/ConversionResult.cpp
D	src/ifcgeom/ConversionResult.h
D	src/ifcgeom/ConversionSettings.h
D	src/ifcgeom/Converter.h
D	src/ifcgeom/GeometrySerializer.h
D	src/ifcgeom/IfcGeomElement.h
D	src/ifcgeom/Serialization/Serialization.cpp
D	src/ifcgeom/Serialization/Serialization.h
D	src/ifcgeom/Serialization/schema/Serialization.cpp
R060	src/ifcgeom/AbstractKernel.cpp	src/ifcgeom/abstract_kernel.cpp
A	src/ifcgeom/abstract_kernel.h
M	src/ifcgeom/abstract_mapping.cpp
M	src/ifcgeom/abstract_mapping.h
A	src/ifcgeom/conversion_result.cpp
A	src/ifcgeom/conversion_result.h
R077	src/ifcgeom/ConversionSettings.cpp	src/ifcgeom/conversion_settings.cpp
A	src/ifcgeom/conversion_settings.h
R059	src/ifcgeom/Converter.cpp	src/ifcgeom/converter.cpp
A	src/ifcgeom/converter.h
A	src/ifcgeom/element.h
M	src/ifcgeom/empty.h
R081	src/ifcgeom/IfcGeomFilter.h	src/ifcgeom/filter.h
M	src/ifcgeom/function_item_evaluator.cpp
M	src/ifcgeom/function_item_evaluator.h
A	src/ifcgeom/geometry_serializer.h
M	src/ifcgeom/hybrid_kernel.h
M	src/ifcgeom/ifc_geom_api.h
M	src/ifcgeom/infra_sweep_helper.cpp
M	src/ifcgeom/infra_sweep_helper.h
R058	src/ifcgeom/Iterator.cpp	src/ifcgeom/iterator.cpp
R052	src/ifcgeom/Iterator.h	src/ifcgeom/iterator.h
A	src/ifcgeom/kernel_plugin.cpp
A	src/ifcgeom/kernel_plugin.h
A	src/ifcgeom/kernel_registry.cpp
A	src/ifcgeom/kernel_registry.h
M	src/ifcgeom/kernels/CMakeLists.txt
D	src/ifcgeom/kernels/cgal/CgalConversionResult.cpp
D	src/ifcgeom/kernels/cgal/CgalConversionResult.h
D	src/ifcgeom/kernels/cgal/CgalKernel.h
A	src/ifcgeom/kernels/cgal/cgal_conversion_result.cpp
A	src/ifcgeom/kernels/cgal/cgal_conversion_result.h
R067	src/ifcgeom/kernels/cgal/CgalKernel.cpp	src/ifcgeom/kernels/cgal/cgal_kernel.cpp
A	src/ifcgeom/kernels/cgal/cgal_kernel.h
M	src/ifcgeom/kernels/cgal/nef_to_halfspace_tree.h
A	src/ifcgeom/kernels/cgal/plugin.cpp
M	src/ifcgeom/kernels/ifc_geomlibrary_api.h
A	src/ifcgeom/kernels/manifold/manifold_conversion_result.cpp
A	src/ifcgeom/kernels/manifold/manifold_conversion_result.h
A	src/ifcgeom/kernels/manifold/manifold_kernel.cpp
A	src/ifcgeom/kernels/manifold/manifold_kernel.h
A	src/ifcgeom/kernels/manifold/plugin.cpp
D	src/ifcgeom/kernels/opencascade/CITATION.cff
D	src/ifcgeom/kernels/opencascade/OpenCascadeConversionResult.h
D	src/ifcgeom/kernels/opencascade/OpenCascadeKernel.h
M	src/ifcgeom/kernels/opencascade/base_utils.cpp
M	src/ifcgeom/kernels/opencascade/base_utils.h
M	src/ifcgeom/kernels/opencascade/boolean_result.cpp
M	src/ifcgeom/kernels/opencascade/boolean_utils.cpp
M	src/ifcgeom/kernels/opencascade/boolean_utils.h
M	src/ifcgeom/kernels/opencascade/bspline_surface.cpp
M	src/ifcgeom/kernels/opencascade/clash_utils.cpp
M	src/ifcgeom/kernels/opencascade/clash_utils.h
M	src/ifcgeom/kernels/opencascade/extrusion.cpp
M	src/ifcgeom/kernels/opencascade/face.cpp
M	src/ifcgeom/kernels/opencascade/face_definition.cpp
M	src/ifcgeom/kernels/opencascade/face_definition.h
M	src/ifcgeom/kernels/opencascade/faceset_helper.cpp
M	src/ifcgeom/kernels/opencascade/layerset.cpp
M	src/ifcgeom/kernels/opencascade/layerset.h
M	src/ifcgeom/kernels/opencascade/loft.cpp
M	src/ifcgeom/kernels/opencascade/loop.cpp
M	src/ifcgeom/kernels/opencascade/matrix4.cpp
R068	src/ifcgeom/kernels/opencascade/OpenCascadeConversionResult.cpp	src/ifcgeom/kernels/opencascade/opencascade_conversion_result.cpp
A	src/ifcgeom/kernels/opencascade/opencascade_conversion_result.h
R077	src/ifcgeom/kernels/opencascade/OpenCascadeKernel.cpp	src/ifcgeom/kernels/opencascade/opencascade_kernel.cpp
A	src/ifcgeom/kernels/opencascade/opencascade_kernel.h
A	src/ifcgeom/kernels/opencascade/plugin.cpp
M	src/ifcgeom/kernels/opencascade/shell.cpp
M	src/ifcgeom/kernels/opencascade/solid.cpp
M	src/ifcgeom/kernels/opencascade/sweep_along_curve.cpp
M	src/ifcgeom/kernels/opencascade/sweep_utils.cpp
M	src/ifcgeom/kernels/opencascade/sweep_utils.h
R078	src/ifcgeom/kernels/opencascade/IfcGeomTree.h	src/ifcgeom/kernels/opencascade/tree.h
A	src/ifcgeom/kernels/opencascade/tree_backends.h
A	src/ifcgeom/kernels/opencascade/tree_brep_plugin.cpp
A	src/ifcgeom/kernels/opencascade/tree_trianglebvh_plugin.cpp
M	src/ifcgeom/kernels/opencascade/wire_builder.cpp
M	src/ifcgeom/kernels/opencascade/wire_builder.h
M	src/ifcgeom/kernels/opencascade/wire_utils.cpp
M	src/ifcgeom/kernels/opencascade/wire_utils.h
A	src/ifcgeom/kernels/passthrough/passthrough_conversion_result.cpp
A	src/ifcgeom/kernels/passthrough/passthrough_conversion_result.h
A	src/ifcgeom/kernels/passthrough/passthrough_kernel.cpp
A	src/ifcgeom/kernels/passthrough/passthrough_kernel.h
A	src/ifcgeom/kernels/passthrough/plugin.cpp
A	src/ifcgeom/mapping/CMakeLists.txt
M	src/ifcgeom/mapping/IfcAnnotationFillArea.cpp
M	src/ifcgeom/mapping/IfcArbitraryClosedProfileDef.cpp
M	src/ifcgeom/mapping/IfcArbitraryOpenProfileDef.cpp
A	src/ifcgeom/mapping/IfcAsymmetricIShapeProfileDef.cpp
M	src/ifcgeom/mapping/IfcAxis1Placement.cpp
M	src/ifcgeom/mapping/IfcAxis2Placement2D.cpp
M	src/ifcgeom/mapping/IfcAxis2Placement3D.cpp
M	src/ifcgeom/mapping/IfcAxis2PlacementLinear.cpp
M	src/ifcgeom/mapping/IfcBSplineCurveWithKnots.cpp
M	src/ifcgeom/mapping/IfcBSplineSurfaceWithKnots.cpp
M	src/ifcgeom/mapping/IfcBlock.cpp
M	src/ifcgeom/mapping/IfcBooleanResult.cpp
M	src/ifcgeom/mapping/IfcBoundingBox.cpp
M	src/ifcgeom/mapping/IfcCShapeProfileDef.cpp
M	src/ifcgeom/mapping/IfcCartesianPoint.cpp
M	src/ifcgeom/mapping/IfcCartesianTransformationOperator2D.cpp
M	src/ifcgeom/mapping/IfcCartesianTransformationOperator3D.cpp
M	src/ifcgeom/mapping/IfcCenterLineProfileDef.cpp
M	src/ifcgeom/mapping/IfcCircle.cpp
M	src/ifcgeom/mapping/IfcCircleProfileDef.cpp
M	src/ifcgeom/mapping/IfcCompositeCurve.cpp
M	src/ifcgeom/mapping/IfcCompositeProfileDef.cpp
M	src/ifcgeom/mapping/IfcConnectedFaceSet.cpp
M	src/ifcgeom/mapping/IfcCraneRailAShapeProfileDef.cpp
M	src/ifcgeom/mapping/IfcCsgSolid.cpp
M	src/ifcgeom/mapping/IfcCurveBoundedPlane.cpp
M	src/ifcgeom/mapping/IfcCurveSegment.cpp
M	src/ifcgeom/mapping/IfcCylindricalSurface.cpp
M	src/ifcgeom/mapping/IfcDerivedProfileDef.cpp
M	src/ifcgeom/mapping/IfcDirection.cpp
M	src/ifcgeom/mapping/IfcEdge.cpp
M	src/ifcgeom/mapping/IfcEdgeLoop.cpp
M	src/ifcgeom/mapping/IfcEllipse.cpp
M	src/ifcgeom/mapping/IfcEllipseProfileDef.cpp
M	src/ifcgeom/mapping/IfcExtrudedAreaSolid.cpp
M	src/ifcgeom/mapping/IfcExtrudedAreaSolidTapered.cpp
M	src/ifcgeom/mapping/IfcFace.cpp
M	src/ifcgeom/mapping/IfcFaceBasedSurfaceModel.cpp
M	src/ifcgeom/mapping/IfcFixedReferenceSweptAreaSolid.cpp
M	src/ifcgeom/mapping/IfcGeometricSet.cpp
M	src/ifcgeom/mapping/IfcGradientCurve.cpp
M	src/ifcgeom/mapping/IfcHalfSpaceSolid.cpp
M	src/ifcgeom/mapping/IfcIShapeProfileDef.cpp
M	src/ifcgeom/mapping/IfcIndexedPolyCurve.cpp
M	src/ifcgeom/mapping/IfcLShapeProfileDef.cpp
M	src/ifcgeom/mapping/IfcLine.cpp
M	src/ifcgeom/mapping/IfcManifoldSolidBrep.cpp
M	src/ifcgeom/mapping/IfcMappedItem.cpp
M	src/ifcgeom/mapping/IfcObjectPlacement.cpp
M	src/ifcgeom/mapping/IfcOffsetCurveByDistance.cpp
A	src/ifcgeom/mapping/IfcOpenCrossProfileDef.cpp
M	src/ifcgeom/mapping/IfcOrientedEdge.cpp
M	src/ifcgeom/mapping/IfcPlane.cpp
M	src/ifcgeom/mapping/IfcPointByDistanceExpression.cpp
M	src/ifcgeom/mapping/IfcPolyLoop.cpp
M	src/ifcgeom/mapping/IfcPolygonalBoundedHalfSpace.cpp
M	src/ifcgeom/mapping/IfcPolygonalFaceSet.cpp
M	src/ifcgeom/mapping/IfcPolyline.cpp
M	src/ifcgeom/mapping/IfcProduct.cpp
M	src/ifcgeom/mapping/IfcRectangleHollowProfileDef.cpp
M	src/ifcgeom/mapping/IfcRectangleProfileDef.cpp
M	src/ifcgeom/mapping/IfcRectangularPyramid.cpp
M	src/ifcgeom/mapping/IfcRectangularTrimmedSurface.cpp
M	src/ifcgeom/mapping/IfcRepresentation.cpp
M	src/ifcgeom/mapping/IfcRevolvedAreaSolid.cpp
M	src/ifcgeom/mapping/IfcRightCircularCone.cpp
M	src/ifcgeom/mapping/IfcRightCircularCylinder.cpp
M	src/ifcgeom/mapping/IfcRoundedRectangleProfileDef.cpp
M	src/ifcgeom/mapping/IfcSectionedSolidHorizontal.cpp
M	src/ifcgeom/mapping/IfcSectionedSurface.cpp
M	src/ifcgeom/mapping/IfcSegmentedReferenceCurve.cpp
M	src/ifcgeom/mapping/IfcShellBasedSurfaceModel.cpp
M	src/ifcgeom/mapping/IfcSphere.cpp
M	src/ifcgeom/mapping/IfcSphericalSurface.cpp
M	src/ifcgeom/mapping/IfcSubedge.cpp
M	src/ifcgeom/mapping/IfcSurfaceCurve.cpp
M	src/ifcgeom/mapping/IfcSurfaceCurveSweptAreaSolid.cpp
M	src/ifcgeom/mapping/IfcSurfaceOfLinearExtrusion.cpp
M	src/ifcgeom/mapping/IfcSurfaceOfRevolution.cpp
M	src/ifcgeom/mapping/IfcSweptDiskSolid.cpp
M	src/ifcgeom/mapping/IfcTShapeProfileDef.cpp
M	src/ifcgeom/mapping/IfcToroidalSurface.cpp
M	src/ifcgeom/mapping/IfcTrapeziumProfileDef.cpp
M	src/ifcgeom/mapping/IfcTriangulatedFaceSet.cpp
M	src/ifcgeom/mapping/IfcTrimmedCurve.cpp
M	src/ifcgeom/mapping/IfcUShapeProfileDef.cpp
M	src/ifcgeom/mapping/IfcVector.cpp
M	src/ifcgeom/mapping/IfcZShapeProfileDef.cpp
M	src/ifcgeom/mapping/bind_convert_decl.i
M	src/ifcgeom/mapping/mapping.cpp
M	src/ifcgeom/mapping/mapping.h
M	src/ifcgeom/mapping/mapping.i
A	src/ifcgeom/mapping/plugin.cpp
A	src/ifcgeom/mapping_plugin.cpp
A	src/ifcgeom/mapping_plugin.h
M	src/ifcgeom/profile_helper.cpp
M	src/ifcgeom/profile_helper.h
R088	src/ifcgeom/IfcGeomRenderStyles.h	src/ifcgeom/render_styles.h
R056	src/ifcgeom/IfcGeomRepresentation.cpp	src/ifcgeom/representation.cpp
R070	src/ifcgeom/IfcGeomRepresentation.h	src/ifcgeom/representation.h
A	src/ifcgeom/serialization/CMakeLists.txt
R078	src/ifcgeom/Serialization/ifc_geomserialization_api.h	src/ifcgeom/serialization/ifc_geomserialization_api.h
A	src/ifcgeom/serialization/opencascade_geometry_ifc_writer_plugin.cpp
A	src/ifcgeom/serialization/opencascade_geometry_ifc_writer_plugin.h
A	src/ifcgeom/serialization/schema/CMakeLists.txt
A	src/ifcgeom/serialization/schema/plugin.cpp
A	src/ifcgeom/serialization/schema/serialization.cpp
A	src/ifcgeom/serialization/serialization.cpp
A	src/ifcgeom/serialization/serialization.h
R077	src/ifcgeom/Serializer.h	src/ifcgeom/serializer.h
R052	src/ifcgeom/SurfaceStyle.cpp	src/ifcgeom/surface_style.cpp
M	src/ifcgeom/taxonomy.cpp
M	src/ifcgeom/taxonomy.h
A	src/ifcgeom/tests/CMakeLists.txt
A	src/ifcgeom/tests/test_ifcopenshell_geometry.cpp
A	src/ifcgeom/tree.cpp
A	src/ifcgeom/tree.h
A	src/ifcgeom/tree_plugin.cpp
R068	src/ifcparse/IfcWrite.h	src/ifcgeom/tree_plugin.h
A	src/ifcgeom/tree_registry.cpp
A	src/ifcgeom/tree_registry.h
M	src/ifcgeomserver/CMakeLists.txt
M	src/ifcgeomserver/IfcGeomServer.cpp
D	src/ifcjni/CITATION.cff
D	src/ifcjni/IfcJni.cpp
D	src/ifcjni/org_ifcopenshell_IfcOpenShellModel.h
M	src/ifcmax/CMakeLists.txt
M	src/ifcmax/IfcMax.cpp
M	src/ifcmax/IfcMax.h
A	src/ifcmcp/Makefile
A	src/ifcmcp/README.md
A	src/ifcmcp/ifcmcp/__init__.py
A	src/ifcmcp/ifcmcp/__main__.py
A	src/ifcmcp/ifcmcp/core.py
A	src/ifcmcp/ifcmcp/embedded.py
A	src/ifcmcp/ifcmcp/server.py
A	src/ifcmcp/pyproject.toml
A	src/ifcmcp/tests/__init__.py
A	src/ifcmcp/tests/conftest.py
A	src/ifcmcp/tests/test_edit.py
A	src/ifcmcp/tests/test_query.py
A	src/ifcmcp/tests/test_server.py
A	src/ifcmcp/tests/test_session.py
A	src/ifcmcp/tests/test_shape.py
M	src/ifcopenshell-python/Makefile
A	src/ifcopenshell-python/docs/bonsai-viewer.rst
M	src/ifcopenshell-python/docs/bonsai.rst
M	src/ifcopenshell-python/docs/conf.py
M	src/ifcopenshell-python/docs/ifcconvert.rst
M	src/ifcopenshell-python/docs/ifcconvert/usage.rst
A	src/ifcopenshell-python/docs/ifcedit.rst
A	src/ifcopenshell-python/docs/ifcmcp.rst
M	src/ifcopenshell-python/docs/ifcopenshell-python.rst
M	src/ifcopenshell-python/docs/ifcopenshell-python/geometry_creation.rst
M	src/ifcopenshell-python/docs/ifcopenshell-python/geometry_processing.rst
M	src/ifcopenshell-python/docs/ifcopenshell-python/installation.rst
A	src/ifcopenshell-python/docs/ifcopenshell-python/running_tests.rst
M	src/ifcopenshell-python/docs/ifcopenshell-python/selector_syntax.rst
M	src/ifcopenshell-python/docs/ifcopenshell.rst
A	src/ifcopenshell-python/docs/ifcopenshell/formats.rst
M	src/ifcopenshell-python/docs/ifcopenshell/geometry_settings.rst
M	src/ifcopenshell-python/docs/ifcopenshell/getting_started.rst
A	src/ifcopenshell-python/docs/ifcopenshell/ifcview_format.rst
M	src/ifcopenshell-python/docs/ifcopenshell/installation.rst
M	src/ifcopenshell-python/docs/ifcopenshell/serialiser_settings.rst
A	src/ifcopenshell-python/docs/ifcquery.rst
M	src/ifcopenshell-python/docs/ifctester.rst
A	src/ifcopenshell-python/docs/ifcviewer.rst
A	src/ifcopenshell-python/docs/ifcviewer/installation.rst
A	src/ifcopenshell-python/docs/ifcviewer/running_tests.rst
M	src/ifcopenshell-python/docs/index.rst
M	src/ifcopenshell-python/docs/introduction.rst
M	src/ifcopenshell-python/docs/introduction/introduction_to_ifc.rst
M	src/ifcopenshell-python/ifcopenshell/__init__.py
M	src/ifcopenshell-python/ifcopenshell/api/__init__.py
M	src/ifcopenshell-python/ifcopenshell/api/aggregate/assign_object.py
M	src/ifcopenshell-python/ifcopenshell/api/alignment/__init__.py
M	src/ifcopenshell-python/ifcopenshell/api/alignment/_add_segment_to_curve.py
M	src/ifcopenshell-python/ifcopenshell/api/alignment/_add_segment_to_layout.py
M	src/ifcopenshell-python/ifcopenshell/api/alignment/_add_zero_length_segment.py
M	src/ifcopenshell-python/ifcopenshell/api/alignment/_create_geometric_representation.py
M	src/ifcopenshell-python/ifcopenshell/api/alignment/_create_offset_curve_representation.py
M	src/ifcopenshell-python/ifcopenshell/api/alignment/_create_polyline_representation.py
M	src/ifcopenshell-python/ifcopenshell/api/alignment/_get_cant_segment.py
A	src/ifcopenshell-python/ifcopenshell/api/alignment/_get_key_point_tag.py
A	src/ifcopenshell-python/ifcopenshell/api/alignment/_get_segment_endpoint.py
M	src/ifcopenshell-python/ifcopenshell/api/alignment/_get_segment_start_point_label.py
M	src/ifcopenshell-python/ifcopenshell/api/alignment/_map_alignment_cant_segment.py
M	src/ifcopenshell-python/ifcopenshell/api/alignment/_map_alignment_horizontal_segment.py
A	src/ifcopenshell-python/ifcopenshell/api/alignment/_map_alignment_segment.py
M	src/ifcopenshell-python/ifcopenshell/api/alignment/_map_alignment_vertical_segment.py
A	src/ifcopenshell-python/ifcopenshell/api/alignment/_referent_distance_along.py
A	src/ifcopenshell-python/ifcopenshell/api/alignment/_sort_nest.py
M	src/ifcopenshell-python/ifcopenshell/api/alignment/_update_curve_segment_transition_code.py
A	src/ifcopenshell-python/ifcopenshell/api/alignment/_update_zero_length_segment_placement.py
A	src/ifcopenshell-python/ifcopenshell/api/alignment/add_positioning_referent.py
M	src/ifcopenshell-python/ifcopenshell/api/alignment/add_stationing_referent.py
M	src/ifcopenshell-python/ifcopenshell/api/alignment/add_vertical_layout.py
M	src/ifcopenshell-python/ifcopenshell/api/alignment/add_zero_length_segment.py
M	src/ifcopenshell-python/ifcopenshell/api/alignment/create.py
M	src/ifcopenshell-python/ifcopenshell/api/alignment/create_as_offset_curve.py
M	src/ifcopenshell-python/ifcopenshell/api/alignment/create_as_polyline.py
M	src/ifcopenshell-python/ifcopenshell/api/alignment/create_by_pi_method.py
M	src/ifcopenshell-python/ifcopenshell/api/alignment/create_from_csv.py
M	src/ifcopenshell-python/ifcopenshell/api/alignment/create_layout_segment.py
M	src/ifcopenshell-python/ifcopenshell/api/alignment/create_representation.py
M	src/ifcopenshell-python/ifcopenshell/api/alignment/create_segment_representations.py
M	src/ifcopenshell-python/ifcopenshell/api/alignment/distance_along_from_station.py
M	src/ifcopenshell-python/ifcopenshell/api/alignment/get_alignment_layout_nest.py
M	src/ifcopenshell-python/ifcopenshell/api/alignment/get_alignment_layouts.py
M	src/ifcopenshell-python/ifcopenshell/api/alignment/get_alignment_segment_nest.py
M	src/ifcopenshell-python/ifcopenshell/api/alignment/get_axis_subcontext.py
M	src/ifcopenshell-python/ifcopenshell/api/alignment/get_basis_curve.py
M	src/ifcopenshell-python/ifcopenshell/api/alignment/get_child_alignments.py
M	src/ifcopenshell-python/ifcopenshell/api/alignment/get_curve.py
A	src/ifcopenshell-python/ifcopenshell/api/alignment/get_curve_segment.py
M	src/ifcopenshell-python/ifcopenshell/api/alignment/get_curve_segment_transition_code.py
A	src/ifcopenshell-python/ifcopenshell/api/alignment/get_layout.py
M	src/ifcopenshell-python/ifcopenshell/api/alignment/get_layout_curve.py
M	src/ifcopenshell-python/ifcopenshell/api/alignment/get_layout_segments.py
M	src/ifcopenshell-python/ifcopenshell/api/alignment/get_mapped_segments.py
M	src/ifcopenshell-python/ifcopenshell/api/alignment/get_parent_alignment.py
R061	src/ifcopenshell-python/ifcopenshell/api/alignment/get_referent_nest.py	src/ifcopenshell-python/ifcopenshell/api/alignment/get_stationing_nest.py
M	src/ifcopenshell-python/ifcopenshell/api/alignment/has_zero_length_segment.py
M	src/ifcopenshell-python/ifcopenshell/api/alignment/layout_horizontal_alignment_by_pi_method.py
M	src/ifcopenshell-python/ifcopenshell/api/alignment/layout_vertical_alignment_by_pi_method.py
M	src/ifcopenshell-python/ifcopenshell/api/alignment/name_segments.py
A	src/ifcopenshell-python/ifcopenshell/api/alignment/update_alignment_parameter_segment_tags.py
A	src/ifcopenshell-python/ifcopenshell/api/alignment/update_end_point.py
M	src/ifcopenshell-python/ifcopenshell/api/alignment/update_fallback_position.py
A	src/ifcopenshell-python/ifcopenshell/api/alignment/update_key_point_referents.py
M	src/ifcopenshell-python/ifcopenshell/api/alignment/util.py
M	src/ifcopenshell-python/ifcopenshell/api/attribute/edit_attributes.py
M	src/ifcopenshell-python/ifcopenshell/api/boundary/assign_connection_geometry.py
M	src/ifcopenshell-python/ifcopenshell/api/boundary/edit_attributes.py
M	src/ifcopenshell-python/ifcopenshell/api/classification/add_classification.py
M	src/ifcopenshell-python/ifcopenshell/api/classification/add_reference.py
M	src/ifcopenshell-python/ifcopenshell/api/classification/edit_classification.py
M	src/ifcopenshell-python/ifcopenshell/api/classification/edit_reference.py
M	src/ifcopenshell-python/ifcopenshell/api/cogo/__init__.py
M	src/ifcopenshell-python/ifcopenshell/api/cogo/add_survey_point.py
M	src/ifcopenshell-python/ifcopenshell/api/cogo/assign_survey_point.py
M	src/ifcopenshell-python/ifcopenshell/api/cogo/bearing2dd.py
M	src/ifcopenshell-python/ifcopenshell/api/cogo/edit_survey_point.py
M	src/ifcopenshell-python/ifcopenshell/api/constraint/assign_constraint.py
M	src/ifcopenshell-python/ifcopenshell/api/constraint/edit_metric.py
M	src/ifcopenshell-python/ifcopenshell/api/constraint/edit_objective.py
M	src/ifcopenshell-python/ifcopenshell/api/context/add_context.py
M	src/ifcopenshell-python/ifcopenshell/api/context/edit_context.py
M	src/ifcopenshell-python/ifcopenshell/api/context/remove_context.py
M	src/ifcopenshell-python/ifcopenshell/api/control/assign_control.py
M	src/ifcopenshell-python/ifcopenshell/api/cost/add_cost_item.py
M	src/ifcopenshell-python/ifcopenshell/api/cost/add_cost_schedule.py
M	src/ifcopenshell-python/ifcopenshell/api/cost/assign_cost_item_quantity.py
M	src/ifcopenshell-python/ifcopenshell/api/cost/calculate_cost_item_resource_value.py
M	src/ifcopenshell-python/ifcopenshell/api/cost/copy_cost_item.py
M	src/ifcopenshell-python/ifcopenshell/api/cost/copy_cost_item_values.py
M	src/ifcopenshell-python/ifcopenshell/api/cost/copy_cost_schedule.py
M	src/ifcopenshell-python/ifcopenshell/api/cost/edit_cost_item.py
M	src/ifcopenshell-python/ifcopenshell/api/cost/edit_cost_item_quantity.py
M	src/ifcopenshell-python/ifcopenshell/api/cost/edit_cost_schedule.py
M	src/ifcopenshell-python/ifcopenshell/api/cost/edit_cost_value.py
M	src/ifcopenshell-python/ifcopenshell/api/cost/edit_cost_value_formula.py
M	src/ifcopenshell-python/ifcopenshell/api/cost/remove_cost_item.py
M	src/ifcopenshell-python/ifcopenshell/api/document/add_information.py
M	src/ifcopenshell-python/ifcopenshell/api/document/assign_document.py
M	src/ifcopenshell-python/ifcopenshell/api/document/edit_information.py
M	src/ifcopenshell-python/ifcopenshell/api/document/edit_reference.py
M	src/ifcopenshell-python/ifcopenshell/api/drawing/edit_text_literal.py
M	src/ifcopenshell-python/ifcopenshell/api/feature/add_feature.py
M	src/ifcopenshell-python/ifcopenshell/api/feature/remove_feature.py
M	src/ifcopenshell-python/ifcopenshell/api/geometry/__init__.py
M	src/ifcopenshell-python/ifcopenshell/api/geometry/add_axis_representation.py
M	src/ifcopenshell-python/ifcopenshell/api/geometry/add_boolean.py
M	src/ifcopenshell-python/ifcopenshell/api/geometry/add_door_representation.py
M	src/ifcopenshell-python/ifcopenshell/api/geometry/add_mesh_representation.py
M	src/ifcopenshell-python/ifcopenshell/api/geometry/add_profile_representation.py
M	src/ifcopenshell-python/ifcopenshell/api/geometry/add_railing_representation.py
M	src/ifcopenshell-python/ifcopenshell/api/geometry/add_representation.py
M	src/ifcopenshell-python/ifcopenshell/api/geometry/add_shape_aspect.py
M	src/ifcopenshell-python/ifcopenshell/api/geometry/add_slab_representation.py
A	src/ifcopenshell-python/ifcopenshell/api/geometry/add_topology_representation.py
M	src/ifcopenshell-python/ifcopenshell/api/geometry/add_wall_representation.py
M	src/ifcopenshell-python/ifcopenshell/api/geometry/add_window_representation.py
M	src/ifcopenshell-python/ifcopenshell/api/geometry/assign_representation.py
A	src/ifcopenshell-python/ifcopenshell/api/geometry/clip_solid.py
A	src/ifcopenshell-python/ifcopenshell/api/geometry/clip_solid_bounded.py
M	src/ifcopenshell-python/ifcopenshell/api/geometry/connect_element.py
M	src/ifcopenshell-python/ifcopenshell/api/geometry/connect_path.py
M	src/ifcopenshell-python/ifcopenshell/api/geometry/connect_wall.py
A	src/ifcopenshell-python/ifcopenshell/api/geometry/copy_representation.py
M	src/ifcopenshell-python/ifcopenshell/api/geometry/create_2pt_wall.py
M	src/ifcopenshell-python/ifcopenshell/api/geometry/disconnect_path.py
M	src/ifcopenshell-python/ifcopenshell/api/geometry/edit_object_placement.py
M	src/ifcopenshell-python/ifcopenshell/api/geometry/regenerate_wall_representation.py
M	src/ifcopenshell-python/ifcopenshell/api/geometry/remove_representation.py
M	src/ifcopenshell-python/ifcopenshell/api/geometry/unassign_representation.py
M	src/ifcopenshell-python/ifcopenshell/api/geometry/validate_type.py
M	src/ifcopenshell-python/ifcopenshell/api/georeference/add_georeferencing.py
M	src/ifcopenshell-python/ifcopenshell/api/georeference/edit_georeferencing.py
M	src/ifcopenshell-python/ifcopenshell/api/georeference/edit_true_north.py
M	src/ifcopenshell-python/ifcopenshell/api/georeference/edit_wcs.py
M	src/ifcopenshell-python/ifcopenshell/api/grid/__init__.py
M	src/ifcopenshell-python/ifcopenshell/api/grid/create_axis_curve.py
M	src/ifcopenshell-python/ifcopenshell/api/grid/create_grid_axis.py
M	src/ifcopenshell-python/ifcopenshell/api/grid/remove_grid_axis.py
M	src/ifcopenshell-python/ifcopenshell/api/group/add_group.py
M	src/ifcopenshell-python/ifcopenshell/api/group/assign_group.py
M	src/ifcopenshell-python/ifcopenshell/api/group/edit_group.py
M	src/ifcopenshell-python/ifcopenshell/api/layer/add_layer.py
M	src/ifcopenshell-python/ifcopenshell/api/layer/add_layer_with_style.py
M	src/ifcopenshell-python/ifcopenshell/api/layer/edit_layer.py
M	src/ifcopenshell-python/ifcopenshell/api/layer/unassign_layer.py
M	src/ifcopenshell-python/ifcopenshell/api/library/add_library.py
M	src/ifcopenshell-python/ifcopenshell/api/library/assign_reference.py
M	src/ifcopenshell-python/ifcopenshell/api/library/edit_library.py
M	src/ifcopenshell-python/ifcopenshell/api/library/edit_reference.py
M	src/ifcopenshell-python/ifcopenshell/api/library/unassign_reference.py
M	src/ifcopenshell-python/ifcopenshell/api/material/add_constituent.py
M	src/ifcopenshell-python/ifcopenshell/api/material/add_layer.py
M	src/ifcopenshell-python/ifcopenshell/api/material/add_material.py
M	src/ifcopenshell-python/ifcopenshell/api/material/add_material_set.py
M	src/ifcopenshell-python/ifcopenshell/api/material/add_profile.py
M	src/ifcopenshell-python/ifcopenshell/api/material/assign_material.py
M	src/ifcopenshell-python/ifcopenshell/api/material/assign_profile.py
M	src/ifcopenshell-python/ifcopenshell/api/material/edit_assigned_material.py
M	src/ifcopenshell-python/ifcopenshell/api/material/edit_constituent.py
M	src/ifcopenshell-python/ifcopenshell/api/material/edit_layer.py
M	src/ifcopenshell-python/ifcopenshell/api/material/edit_layer_usage.py
M	src/ifcopenshell-python/ifcopenshell/api/material/edit_material.py
M	src/ifcopenshell-python/ifcopenshell/api/material/edit_profile.py
M	src/ifcopenshell-python/ifcopenshell/api/material/edit_profile_usage.py
M	src/ifcopenshell-python/ifcopenshell/api/material/set_shape_aspect_constituents.py
M	src/ifcopenshell-python/ifcopenshell/api/material/unassign_material.py
M	src/ifcopenshell-python/ifcopenshell/api/nest/assign_object.py
M	src/ifcopenshell-python/ifcopenshell/api/owner/add_actor.py
M	src/ifcopenshell-python/ifcopenshell/api/owner/add_address.py
M	src/ifcopenshell-python/ifcopenshell/api/owner/add_application.py
M	src/ifcopenshell-python/ifcopenshell/api/owner/create_owner_history.py
M	src/ifcopenshell-python/ifcopenshell/api/owner/edit_actor.py
M	src/ifcopenshell-python/ifcopenshell/api/owner/edit_address.py
M	src/ifcopenshell-python/ifcopenshell/api/owner/edit_application.py
M	src/ifcopenshell-python/ifcopenshell/api/owner/edit_organisation.py
M	src/ifcopenshell-python/ifcopenshell/api/owner/edit_person.py
M	src/ifcopenshell-python/ifcopenshell/api/owner/edit_role.py
M	src/ifcopenshell-python/ifcopenshell/api/owner/remove_organisation.py
M	src/ifcopenshell-python/ifcopenshell/api/owner/remove_person.py
M	src/ifcopenshell-python/ifcopenshell/api/owner/settings.py
M	src/ifcopenshell-python/ifcopenshell/api/owner/update_owner_history.py
M	src/ifcopenshell-python/ifcopenshell/api/profile/add_arbitrary_profile.py
M	src/ifcopenshell-python/ifcopenshell/api/profile/add_arbitrary_profile_with_voids.py
M	src/ifcopenshell-python/ifcopenshell/api/profile/add_parameterized_profile.py
M	src/ifcopenshell-python/ifcopenshell/api/profile/edit_profile.py
M	src/ifcopenshell-python/ifcopenshell/api/project/append_asset.py
M	src/ifcopenshell-python/ifcopenshell/api/project/assign_declaration.py
M	src/ifcopenshell-python/ifcopenshell/api/project/create_file.py
M	src/ifcopenshell-python/ifcopenshell/api/pset/add_pset.py
M	src/ifcopenshell-python/ifcopenshell/api/pset/add_qto.py
M	src/ifcopenshell-python/ifcopenshell/api/pset/assign_pset.py
M	src/ifcopenshell-python/ifcopenshell/api/pset/edit_pset.py
M	src/ifcopenshell-python/ifcopenshell/api/pset/edit_qto.py
M	src/ifcopenshell-python/ifcopenshell/api/pset/unassign_pset.py
M	src/ifcopenshell-python/ifcopenshell/api/pset/unshare_pset.py
M	src/ifcopenshell-python/ifcopenshell/api/pset_template/add_prop_template.py
M	src/ifcopenshell-python/ifcopenshell/api/pset_template/edit_prop_template.py
M	src/ifcopenshell-python/ifcopenshell/api/pset_template/edit_pset_template.py
M	src/ifcopenshell-python/ifcopenshell/api/pset_template/remove_prop_template.py
M	src/ifcopenshell-python/ifcopenshell/api/pset_template/remove_pset_template.py
M	src/ifcopenshell-python/ifcopenshell/api/resource/add_resource.py
M	src/ifcopenshell-python/ifcopenshell/api/resource/add_resource_quantity.py
M	src/ifcopenshell-python/ifcopenshell/api/resource/assign_resource.py
M	src/ifcopenshell-python/ifcopenshell/api/resource/calculate_resource_usage.py
M	src/ifcopenshell-python/ifcopenshell/api/resource/calculate_resource_work.py
M	src/ifcopenshell-python/ifcopenshell/api/resource/edit_resource.py
M	src/ifcopenshell-python/ifcopenshell/api/resource/edit_resource_quantity.py
M	src/ifcopenshell-python/ifcopenshell/api/resource/edit_resource_time.py
M	src/ifcopenshell-python/ifcopenshell/api/resource/remove_resource_quantity.py
M	src/ifcopenshell-python/ifcopenshell/api/root/copy_class.py
M	src/ifcopenshell-python/ifcopenshell/api/root/create_entity.py
M	src/ifcopenshell-python/ifcopenshell/api/root/reassign_class.py
M	src/ifcopenshell-python/ifcopenshell/api/root/remove_product.py
M	src/ifcopenshell-python/ifcopenshell/api/sequence/add_date_time.py
M	src/ifcopenshell-python/ifcopenshell/api/sequence/add_task.py
M	src/ifcopenshell-python/ifcopenshell/api/sequence/add_time_period.py
M	src/ifcopenshell-python/ifcopenshell/api/sequence/add_work_calendar.py
M	src/ifcopenshell-python/ifcopenshell/api/sequence/add_work_plan.py
M	src/ifcopenshell-python/ifcopenshell/api/sequence/add_work_schedule.py
M	src/ifcopenshell-python/ifcopenshell/api/sequence/add_work_time.py
M	src/ifcopenshell-python/ifcopenshell/api/sequence/assign_process.py
M	src/ifcopenshell-python/ifcopenshell/api/sequence/assign_sequence.py
M	src/ifcopenshell-python/ifcopenshell/api/sequence/assign_work_plan.py
M	src/ifcopenshell-python/ifcopenshell/api/sequence/calculate_task_duration.py
M	src/ifcopenshell-python/ifcopenshell/api/sequence/cascade_schedule.py
M	src/ifcopenshell-python/ifcopenshell/api/sequence/create_baseline.py
M	src/ifcopenshell-python/ifcopenshell/api/sequence/duplicate_task.py
M	src/ifcopenshell-python/ifcopenshell/api/sequence/edit_lag_time.py
M	src/ifcopenshell-python/ifcopenshell/api/sequence/edit_recurrence_pattern.py
M	src/ifcopenshell-python/ifcopenshell/api/sequence/edit_sequence.py
M	src/ifcopenshell-python/ifcopenshell/api/sequence/edit_task.py
M	src/ifcopenshell-python/ifcopenshell/api/sequence/edit_task_time.py
M	src/ifcopenshell-python/ifcopenshell/api/sequence/edit_work_calendar.py
M	src/ifcopenshell-python/ifcopenshell/api/sequence/edit_work_plan.py
M	src/ifcopenshell-python/ifcopenshell/api/sequence/edit_work_schedule.py
M	src/ifcopenshell-python/ifcopenshell/api/sequence/edit_work_time.py
M	src/ifcopenshell-python/ifcopenshell/api/sequence/recalculate_schedule.py
M	src/ifcopenshell-python/ifcopenshell/api/sequence/remove_task.py
M	src/ifcopenshell-python/ifcopenshell/api/sequence/remove_work_plan.py
M	src/ifcopenshell-python/ifcopenshell/api/sequence/remove_work_schedule.py
M	src/ifcopenshell-python/ifcopenshell/api/sequence/unassign_sequence.py
M	src/ifcopenshell-python/ifcopenshell/api/spatial/assign_container.py
M	src/ifcopenshell-python/ifcopenshell/api/spatial/reference_structure.py
M	src/ifcopenshell-python/ifcopenshell/api/structural/__init__.py
M	src/ifcopenshell-python/ifcopenshell/api/structural/add_structural_activity.py
M	src/ifcopenshell-python/ifcopenshell/api/structural/add_structural_boundary_condition.py
M	src/ifcopenshell-python/ifcopenshell/api/structural/add_structural_load.py
A	src/ifcopenshell-python/ifcopenshell/api/structural/assign_product.py
M	src/ifcopenshell-python/ifcopenshell/api/structural/assign_structural_analysis_model.py
A	src/ifcopenshell-python/ifcopenshell/api/structural/assign_to_building.py
M	src/ifcopenshell-python/ifcopenshell/api/structural/edit_structural_analysis_model.py
M	src/ifcopenshell-python/ifcopenshell/api/structural/edit_structural_boundary_condition.py
M	src/ifcopenshell-python/ifcopenshell/api/structural/edit_structural_load.py
M	src/ifcopenshell-python/ifcopenshell/api/structural/edit_structural_load_case.py
M	src/ifcopenshell-python/ifcopenshell/api/structural/remove_structural_boundary_condition.py
M	src/ifcopenshell-python/ifcopenshell/api/structural/remove_structural_load_case.py
M	src/ifcopenshell-python/ifcopenshell/api/structural/remove_structural_load_group.py
M	src/ifcopenshell-python/ifcopenshell/api/structural/unassign_structural_analysis_model.py
M	src/ifcopenshell-python/ifcopenshell/api/style/add_style.py
M	src/ifcopenshell-python/ifcopenshell/api/style/add_surface_style.py
M	src/ifcopenshell-python/ifcopenshell/api/style/add_surface_textures.py
M	src/ifcopenshell-python/ifcopenshell/api/style/assign_item_style.py
M	src/ifcopenshell-python/ifcopenshell/api/style/assign_material_style.py
M	src/ifcopenshell-python/ifcopenshell/api/style/assign_representation_styles.py
M	src/ifcopenshell-python/ifcopenshell/api/style/edit_presentation_style.py
M	src/ifcopenshell-python/ifcopenshell/api/style/edit_surface_style.py
M	src/ifcopenshell-python/ifcopenshell/api/style/remove_style.py
M	src/ifcopenshell-python/ifcopenshell/api/style/unassign_representation_styles.py
M	src/ifcopenshell-python/ifcopenshell/api/system/add_port.py
M	src/ifcopenshell-python/ifcopenshell/api/system/assign_flow_control.py
M	src/ifcopenshell-python/ifcopenshell/api/system/assign_port.py
M	src/ifcopenshell-python/ifcopenshell/api/system/assign_system.py
M	src/ifcopenshell-python/ifcopenshell/api/system/connect_port.py
M	src/ifcopenshell-python/ifcopenshell/api/system/disconnect_port.py
M	src/ifcopenshell-python/ifcopenshell/api/system/edit_system.py
M	src/ifcopenshell-python/ifcopenshell/api/system/unassign_system.py
M	src/ifcopenshell-python/ifcopenshell/api/type/assign_type.py
M	src/ifcopenshell-python/ifcopenshell/api/type/map_type_representations.py
M	src/ifcopenshell-python/ifcopenshell/api/unit/__init__.py
M	src/ifcopenshell-python/ifcopenshell/api/unit/add_context_dependent_unit.py
M	src/ifcopenshell-python/ifcopenshell/api/unit/add_conversion_based_unit.py
M	src/ifcopenshell-python/ifcopenshell/api/unit/add_derived_unit.py
M	src/ifcopenshell-python/ifcopenshell/api/unit/add_si_unit.py
M	src/ifcopenshell-python/ifcopenshell/api/unit/assign_unit.py
M	src/ifcopenshell-python/ifcopenshell/api/unit/edit_derived_unit.py
M	src/ifcopenshell-python/ifcopenshell/api/unit/edit_monetary_unit.py
M	src/ifcopenshell-python/ifcopenshell/api/unit/edit_named_unit.py
M	src/ifcopenshell-python/ifcopenshell/api/unit/remove_unit.py
M	src/ifcopenshell-python/ifcopenshell/api/unit/unassign_unit.py
M	src/ifcopenshell-python/ifcopenshell/draw.py
M	src/ifcopenshell-python/ifcopenshell/entity_instance.py
M	src/ifcopenshell-python/ifcopenshell/express/bootstrap.py
D	src/ifcopenshell-python/ifcopenshell/express/cat.py
M	src/ifcopenshell-python/ifcopenshell/express/codegen.py
M	src/ifcopenshell-python/ifcopenshell/express/express_parser.py
M	src/ifcopenshell-python/ifcopenshell/express/header.py
M	src/ifcopenshell-python/ifcopenshell/express/header_schema.exp
M	src/ifcopenshell-python/ifcopenshell/express/implementation.py
M	src/ifcopenshell-python/ifcopenshell/express/mapping.py
M	src/ifcopenshell-python/ifcopenshell/express/nodes.py
M	src/ifcopenshell-python/ifcopenshell/express/rule_compiler.py
M	src/ifcopenshell-python/ifcopenshell/express/rule_executor.py
M	src/ifcopenshell-python/ifcopenshell/express/rules/IFC2X3.py
M	src/ifcopenshell-python/ifcopenshell/express/rules/IFC4.py
M	src/ifcopenshell-python/ifcopenshell/express/rules/IFC4X1.py
M	src/ifcopenshell-python/ifcopenshell/express/rules/IFC4X2.py
M	src/ifcopenshell-python/ifcopenshell/express/rules/IFC4X3.py
M	src/ifcopenshell-python/ifcopenshell/express/rules/IFC4X3_ADD1.py
M	src/ifcopenshell-python/ifcopenshell/express/rules/IFC4X3_ADD2.py
M	src/ifcopenshell-python/ifcopenshell/express/rules/IFC4X3_RC1.py
M	src/ifcopenshell-python/ifcopenshell/express/rules/IFC4X3_RC2.py
M	src/ifcopenshell-python/ifcopenshell/express/rules/IFC4X3_RC3.py
M	src/ifcopenshell-python/ifcopenshell/express/rules/IFC4X3_RC4.py
M	src/ifcopenshell-python/ifcopenshell/express/rules/IFC4X3_TC1.py
D	src/ifcopenshell-python/ifcopenshell/express/run.bat
M	src/ifcopenshell-python/ifcopenshell/express/schema.py
M	src/ifcopenshell-python/ifcopenshell/express/schema_class.py
M	src/ifcopenshell-python/ifcopenshell/express/templates.py
D	src/ifcopenshell-python/ifcopenshell/express/txt/header_ifc4x3_add1.txt
D	src/ifcopenshell-python/ifcopenshell/express/txt/header_ifc4x3_add2.txt
D	src/ifcopenshell-python/ifcopenshell/express/txt/header_ifc4x3_rc1.txt
D	src/ifcopenshell-python/ifcopenshell/express/txt/header_ifc4x3_rc2.txt
D	src/ifcopenshell-python/ifcopenshell/express/txt/header_ifc4x3_tc1.txt
M	src/ifcopenshell-python/ifcopenshell/file.py
M	src/ifcopenshell-python/ifcopenshell/geom/__init__.py
M	src/ifcopenshell-python/ifcopenshell/geom/app.py
M	src/ifcopenshell-python/ifcopenshell/geom/code_editor_pane.py
M	src/ifcopenshell-python/ifcopenshell/geom/main.py
M	src/ifcopenshell-python/ifcopenshell/geom/occ_utils.py
M	src/ifcopenshell-python/ifcopenshell/geom/stats.py
M	src/ifcopenshell-python/ifcopenshell/guid.py
M	src/ifcopenshell-python/ifcopenshell/ifcopenshell_wrapper.pyi
D	src/ifcopenshell-python/ifcopenshell/requirements.txt
M	src/ifcopenshell-python/ifcopenshell/settings.py
M	src/ifcopenshell-python/ifcopenshell/simple_spf
M	src/ifcopenshell-python/ifcopenshell/sql.py
M	src/ifcopenshell-python/ifcopenshell/stream.py
M	src/ifcopenshell-python/ifcopenshell/template.py
M	src/ifcopenshell-python/ifcopenshell/util/alignment.py
M	src/ifcopenshell-python/ifcopenshell/util/attribute.py
M	src/ifcopenshell-python/ifcopenshell/util/brick.py
M	src/ifcopenshell-python/ifcopenshell/util/classification.py
M	src/ifcopenshell-python/ifcopenshell/util/constraint.py
M	src/ifcopenshell-python/ifcopenshell/util/cost.py
M	src/ifcopenshell-python/ifcopenshell/util/data.py
M	src/ifcopenshell-python/ifcopenshell/util/date.py
M	src/ifcopenshell-python/ifcopenshell/util/doc.py
M	src/ifcopenshell-python/ifcopenshell/util/element.py
M	src/ifcopenshell-python/ifcopenshell/util/file.py
M	src/ifcopenshell-python/ifcopenshell/util/fm.py
M	src/ifcopenshell-python/ifcopenshell/util/generate_pset_templates.py
M	src/ifcopenshell-python/ifcopenshell/util/geolocation.py
M	src/ifcopenshell-python/ifcopenshell/util/ifc4x3dev_scrape_data_for_docs.py
M	src/ifcopenshell-python/ifcopenshell/util/mvd_info.py
M	src/ifcopenshell-python/ifcopenshell/util/placement.py
M	src/ifcopenshell-python/ifcopenshell/util/pset.py
M	src/ifcopenshell-python/ifcopenshell/util/representation.py
M	src/ifcopenshell-python/ifcopenshell/util/resource.py
M	src/ifcopenshell-python/ifcopenshell/util/schema.py
M	src/ifcopenshell-python/ifcopenshell/util/schema/ifc_classes_suggestions.json
A	src/ifcopenshell-python/ifcopenshell/util/scripts/sync_stub.py
M	src/ifcopenshell-python/ifcopenshell/util/scripts/validate_stub.py
M	src/ifcopenshell-python/ifcopenshell/util/selector.py
M	src/ifcopenshell-python/ifcopenshell/util/sequence.py
M	src/ifcopenshell-python/ifcopenshell/util/shape.py
M	src/ifcopenshell-python/ifcopenshell/util/shape_builder.py
M	src/ifcopenshell-python/ifcopenshell/util/system.py
M	src/ifcopenshell-python/ifcopenshell/util/type.py
M	src/ifcopenshell-python/ifcopenshell/util/unit.py
M	src/ifcopenshell-python/ifcopenshell/validate.py
M	src/ifcopenshell-python/pyproject.toml
A	src/ifcopenshell-python/scripts/compile-exp-rules.py
M	src/ifcopenshell-python/scripts/dev_environment.py
A	src/ifcopenshell-python/scripts/generate-exp-cpp.py
M	src/ifcopenshell-python/test/api/aggregate/test_assign_object.py
M	src/ifcopenshell-python/test/api/aggregate/test_unassign_object.py
A	src/ifcopenshell-python/test/api/alignment/test_add_positioning_referent.py
M	src/ifcopenshell-python/test/api/alignment/test_add_segment_to_layout.py
A	src/ifcopenshell-python/test/api/alignment/test_add_stationing_referent.py
M	src/ifcopenshell-python/test/api/alignment/test_add_stationing_to_alignment.py
M	src/ifcopenshell-python/test/api/alignment/test_add_vertical_alignment.py
M	src/ifcopenshell-python/test/api/alignment/test_create.py
M	src/ifcopenshell-python/test/api/alignment/test_create_as_offset_curve.py
M	src/ifcopenshell-python/test/api/alignment/test_create_as_polyline.py
M	src/ifcopenshell-python/test/api/alignment/test_create_by_pi_method.py
M	src/ifcopenshell-python/test/api/alignment/test_create_layout_segment.py
M	src/ifcopenshell-python/test/api/alignment/test_create_no_geometry.py
A	src/ifcopenshell-python/test/api/alignment/test_create_representation.py
M	src/ifcopenshell-python/test/api/alignment/test_distance_along_from_station.py
M	src/ifcopenshell-python/test/api/alignment/test_get_alignment.py
M	src/ifcopenshell-python/test/api/alignment/test_get_basis_curve.py
M	src/ifcopenshell-python/test/api/alignment/test_get_curve.py
M	src/ifcopenshell-python/test/api/alignment/test_get_layout_curve.py
M	src/ifcopenshell-python/test/api/alignment/test_has_zero_length_segment.py
M	src/ifcopenshell-python/test/api/alignment/test_horizontal_layout_by_pi_method.py
M	src/ifcopenshell-python/test/api/alignment/test_map_alignment_cant_segment.py
M	src/ifcopenshell-python/test/api/alignment/test_map_alignment_horizontal_segment.py
M	src/ifcopenshell-python/test/api/alignment/test_map_alignment_vertical_segment.py
M	src/ifcopenshell-python/test/api/alignment/test_name_segments.py
M	src/ifcopenshell-python/test/api/alignment/test_referent_names.py
A	src/ifcopenshell-python/test/api/alignment/test_update_alignment_parameter_segment_tags.py
M	src/ifcopenshell-python/test/api/alignment/test_update_curve_segment_transition_code.py
M	src/ifcopenshell-python/test/api/alignment/test_update_fallback_position.py
A	src/ifcopenshell-python/test/api/alignment/test_update_key_point_referents.py
M	src/ifcopenshell-python/test/api/alignment/test_vertical_layout_by_pi_method.py
M	src/ifcopenshell-python/test/api/boundary/test_copy_boundary.py
A	src/ifcopenshell-python/test/api/boundary/test_edit_attributes.py
M	src/ifcopenshell-python/test/api/boundary/test_remove_boundary.py
M	src/ifcopenshell-python/test/api/classification/test_add_classification.py
M	src/ifcopenshell-python/test/api/classification/test_add_reference.py
M	src/ifcopenshell-python/test/api/classification/test_remove_classification.py
M	src/ifcopenshell-python/test/api/classification/test_remove_reference.py
M	src/ifcopenshell-python/test/api/cogo/test_add_survey_point.py
M	src/ifcopenshell-python/test/api/cogo/test_assign_survey_point.py
M	src/ifcopenshell-python/test/api/cogo/test_bearing2dd.py
M	src/ifcopenshell-python/test/api/cogo/test_edit_survey_point.py
M	src/ifcopenshell-python/test/api/constraint/test_assign_constraint.py
M	src/ifcopenshell-python/test/api/constraint/test_unassign_constraint.py
M	src/ifcopenshell-python/test/api/context/test_add_context.py
M	src/ifcopenshell-python/test/api/context/test_edit_context.py
M	src/ifcopenshell-python/test/api/context/test_remove_context.py
M	src/ifcopenshell-python/test/api/control/test_assign_control.py
M	src/ifcopenshell-python/test/api/control/test_unassign_control.py
M	src/ifcopenshell-python/test/api/cost/test_add_cost_item.py
M	src/ifcopenshell-python/test/api/cost/test_add_cost_item_quantity.py
M	src/ifcopenshell-python/test/api/cost/test_add_cost_schedule.py
M	src/ifcopenshell-python/test/api/cost/test_copy_cost_schedule.py
A	src/ifcopenshell-python/test/api/cost/test_edit_cost_value.py
M	src/ifcopenshell-python/test/api/cost/test_remove_cost_item.py
M	src/ifcopenshell-python/test/api/cost/test_remove_cost_schedule.py
M	src/ifcopenshell-python/test/api/document/test_add_information.py
M	src/ifcopenshell-python/test/api/document/test_add_reference.py
M	src/ifcopenshell-python/test/api/document/test_assign_document.py
M	src/ifcopenshell-python/test/api/document/test_remove_information.py
M	src/ifcopenshell-python/test/api/document/test_remove_reference.py
M	src/ifcopenshell-python/test/api/document/test_unassign_document.py
M	src/ifcopenshell-python/test/api/drawing/test_assign_product.py
M	src/ifcopenshell-python/test/api/drawing/test_edit_text_literal.py
M	src/ifcopenshell-python/test/api/drawing/test_unassign_product.py
M	src/ifcopenshell-python/test/api/feature/test_add_feature.py
M	src/ifcopenshell-python/test/api/feature/test_add_filling.py
M	src/ifcopenshell-python/test/api/feature/test_remove_feature.py
M	src/ifcopenshell-python/test/api/geometry/test_add_boolean.py
M	src/ifcopenshell-python/test/api/geometry/test_add_profile_representation.py
A	src/ifcopenshell-python/test/api/geometry/test_add_railing_representation.py
M	src/ifcopenshell-python/test/api/geometry/test_add_shape_aspect.py
A	src/ifcopenshell-python/test/api/geometry/test_add_topology_representation.py
M	src/ifcopenshell-python/test/api/geometry/test_assign_representation.py
A	src/ifcopenshell-python/test/api/geometry/test_clip_solid.py
A	src/ifcopenshell-python/test/api/geometry/test_clip_solid_bounded.py
M	src/ifcopenshell-python/test/api/geometry/test_connect_element.py
M	src/ifcopenshell-python/test/api/geometry/test_connect_path.py
A	src/ifcopenshell-python/test/api/geometry/test_copy_representation.py
M	src/ifcopenshell-python/test/api/geometry/test_disconnect_element.py
M	src/ifcopenshell-python/test/api/geometry/test_disconnect_path.py
M	src/ifcopenshell-python/test/api/geometry/test_edit_object_placement.py
M	src/ifcopenshell-python/test/api/geometry/test_remove_boolean.py
M	src/ifcopenshell-python/test/api/geometry/test_remove_representation.py
M	src/ifcopenshell-python/test/api/geometry/test_unassign_representation.py
M	src/ifcopenshell-python/test/api/geometry/test_validate_type.py
M	src/ifcopenshell-python/test/api/georeference/test_add_georeferencing.py
M	src/ifcopenshell-python/test/api/georeference/test_edit_georeferencing.py
M	src/ifcopenshell-python/test/api/georeference/test_edit_true_north.py
M	src/ifcopenshell-python/test/api/georeference/test_edit_wcs.py
M	src/ifcopenshell-python/test/api/georeference/test_remove_georeferencing.py
M	src/ifcopenshell-python/test/api/grid/test_create_grid_axis.py
A	src/ifcopenshell-python/test/api/grid/test_remove_grid_axis.py
M	src/ifcopenshell-python/test/api/group/test_add_group.py
M	src/ifcopenshell-python/test/api/group/test_assign_group.py
M	src/ifcopenshell-python/test/api/group/test_remove_group.py
M	src/ifcopenshell-python/test/api/group/test_unassign_group.py
M	src/ifcopenshell-python/test/api/group/test_update_group_products.py
M	src/ifcopenshell-python/test/api/layer/test_add_layer.py
M	src/ifcopenshell-python/test/api/layer/test_add_layer_with_style.py
M	src/ifcopenshell-python/test/api/layer/test_assign_layer.py
M	src/ifcopenshell-python/test/api/layer/test_unassign_layer.py
M	src/ifcopenshell-python/test/api/library/test_add_library.py
M	src/ifcopenshell-python/test/api/library/test_add_reference.py
M	src/ifcopenshell-python/test/api/library/test_assign_reference.py
M	src/ifcopenshell-python/test/api/library/test_edit_library.py
M	src/ifcopenshell-python/test/api/library/test_edit_reference.py
M	src/ifcopenshell-python/test/api/library/test_remove_library.py
M	src/ifcopenshell-python/test/api/library/test_remove_reference.py
M	src/ifcopenshell-python/test/api/library/test_unassign_reference.py
M	src/ifcopenshell-python/test/api/material/test_add_material_set.py
M	src/ifcopenshell-python/test/api/material/test_assign_material.py
M	src/ifcopenshell-python/test/api/material/test_copy_material.py
M	src/ifcopenshell-python/test/api/material/test_edit_profile_usage.py
M	src/ifcopenshell-python/test/api/material/test_remove_material.py
M	src/ifcopenshell-python/test/api/material/test_remove_material_set.py
M	src/ifcopenshell-python/test/api/material/test_unassign_material.py
M	src/ifcopenshell-python/test/api/nest/test_assign_object.py
M	src/ifcopenshell-python/test/api/nest/test_unassign_object.py
M	src/ifcopenshell-python/test/api/owner/test_add_actor.py
M	src/ifcopenshell-python/test/api/owner/test_add_address.py
M	src/ifcopenshell-python/test/api/owner/test_add_application.py
M	src/ifcopenshell-python/test/api/owner/test_add_organisation.py
M	src/ifcopenshell-python/test/api/owner/test_add_person.py
M	src/ifcopenshell-python/test/api/owner/test_add_person_and_organisation.py
M	src/ifcopenshell-python/test/api/owner/test_add_role.py
M	src/ifcopenshell-python/test/api/owner/test_assign_actor.py
M	src/ifcopenshell-python/test/api/owner/test_create_owner_history.py
M	src/ifcopenshell-python/test/api/owner/test_edit_actor.py
M	src/ifcopenshell-python/test/api/owner/test_edit_address.py
M	src/ifcopenshell-python/test/api/owner/test_edit_application.py
M	src/ifcopenshell-python/test/api/owner/test_edit_organisation.py
M	src/ifcopenshell-python/test/api/owner/test_edit_person.py
M	src/ifcopenshell-python/test/api/owner/test_edit_role.py
M	src/ifcopenshell-python/test/api/owner/test_remove_actor.py
M	src/ifcopenshell-python/test/api/owner/test_remove_address.py
M	src/ifcopenshell-python/test/api/owner/test_remove_organisation.py
M	src/ifcopenshell-python/test/api/owner/test_remove_person.py
M	src/ifcopenshell-python/test/api/owner/test_remove_person_and_organisation.py
M	src/ifcopenshell-python/test/api/owner/test_remove_role.py
M	src/ifcopenshell-python/test/api/owner/test_unassign_actor.py
M	src/ifcopenshell-python/test/api/owner/test_update_owner_history.py
M	src/ifcopenshell-python/test/api/profile/test_add_parameterized_profile.py
M	src/ifcopenshell-python/test/api/profile/test_copy_profile.py
M	src/ifcopenshell-python/test/api/profile/test_remove_profile.py
M	src/ifcopenshell-python/test/api/project/test_append_asset.py
M	src/ifcopenshell-python/test/api/project/test_assign_declaration.py
M	src/ifcopenshell-python/test/api/project/test_create_file.py
M	src/ifcopenshell-python/test/api/project/test_unassign_declaration.py
M	src/ifcopenshell-python/test/api/pset/test_add_pset.py
M	src/ifcopenshell-python/test/api/pset/test_add_qto.py
M	src/ifcopenshell-python/test/api/pset/test_assign_pset.py
M	src/ifcopenshell-python/test/api/pset/test_edit_pset.py
M	src/ifcopenshell-python/test/api/pset/test_edit_qto.py
M	src/ifcopenshell-python/test/api/pset/test_remove_pset.py
M	src/ifcopenshell-python/test/api/pset/test_unassign_pset.py
M	src/ifcopenshell-python/test/api/pset/test_unshare_pset.py
M	src/ifcopenshell-python/test/api/pset_template/test_edit_prop_template.py
A	src/ifcopenshell-python/test/api/pset_template/test_remove_prop_template.py
A	src/ifcopenshell-python/test/api/pset_template/test_remove_pset_template.py
M	src/ifcopenshell-python/test/api/resource/test_add_resource_quantity.py
A	src/ifcopenshell-python/test/api/resource/test_assign_resource.py
M	src/ifcopenshell-python/test/api/resource/test_calculate_resource_work.py
A	src/ifcopenshell-python/test/api/resource/test_remove_resource_quantity.py
M	src/ifcopenshell-python/test/api/root/test_copy_class.py
M	src/ifcopenshell-python/test/api/root/test_create_entity.py
M	src/ifcopenshell-python/test/api/root/test_reassign_class.py
M	src/ifcopenshell-python/test/api/root/test_remove_product.py
M	src/ifcopenshell-python/test/api/sequence/test_add_date_time.py
M	src/ifcopenshell-python/test/api/sequence/test_assign_product.py
A	src/ifcopenshell-python/test/api/sequence/test_assign_sequence.py
M	src/ifcopenshell-python/test/api/sequence/test_calculate_task_duration.py
M	src/ifcopenshell-python/test/api/sequence/test_cascade_schedule.py
A	src/ifcopenshell-python/test/api/sequence/test_create_baseline.py
M	src/ifcopenshell-python/test/api/sequence/test_edit_task_time.py
M	src/ifcopenshell-python/test/api/sequence/test_edit_work_time.py
M	src/ifcopenshell-python/test/api/sequence/test_recalculate_schedule.py
M	src/ifcopenshell-python/test/api/sequence/test_remove_task.py
M	src/ifcopenshell-python/test/api/sequence/test_remove_work_calendar.py
M	src/ifcopenshell-python/test/api/sequence/test_remove_work_plan.py
M	src/ifcopenshell-python/test/api/sequence/test_remove_work_schedule.py
M	src/ifcopenshell-python/test/api/sequence/test_remove_work_time.py
M	src/ifcopenshell-python/test/api/sequence/test_unassign_product.py
A	src/ifcopenshell-python/test/api/sequence/test_unassign_sequence.py
M	src/ifcopenshell-python/test/api/spatial/test_assign_container.py
M	src/ifcopenshell-python/test/api/spatial/test_dereference_structure.py
M	src/ifcopenshell-python/test/api/spatial/test_reference_structure.py
M	src/ifcopenshell-python/test/api/spatial/test_unassign_container.py
M	src/ifcopenshell-python/test/api/structural/test_add_structural_analysis_model.py
A	src/ifcopenshell-python/test/api/structural/test_assign_product.py
M	src/ifcopenshell-python/test/api/structural/test_assign_structural_analysis_model.py
A	src/ifcopenshell-python/test/api/structural/test_assign_to_building.py
M	src/ifcopenshell-python/test/api/structural/test_edit_structural_analysis_model.py
M	src/ifcopenshell-python/test/api/structural/test_remove_structural_analysis_model.py
M	src/ifcopenshell-python/test/api/structural/test_unassign_structural_analysis_model.py
M	src/ifcopenshell-python/test/api/style/test_add_surface_style.py
M	src/ifcopenshell-python/test/api/style/test_add_surface_textures.py
M	src/ifcopenshell-python/test/api/style/test_assign_material_style.py
M	src/ifcopenshell-python/test/api/style/test_assign_representation_styles.py
M	src/ifcopenshell-python/test/api/style/test_edit_surface_style.py
M	src/ifcopenshell-python/test/api/style/test_remove_style.py
M	src/ifcopenshell-python/test/api/style/test_remove_surface_style.py
M	src/ifcopenshell-python/test/api/style/test_unassign_material_style.py
M	src/ifcopenshell-python/test/api/style/test_unassign_representation_styles.py
M	src/ifcopenshell-python/test/api/system/test_add_port.py
M	src/ifcopenshell-python/test/api/system/test_add_system.py
M	src/ifcopenshell-python/test/api/system/test_assign_flow_control.py
M	src/ifcopenshell-python/test/api/system/test_assign_port.py
M	src/ifcopenshell-python/test/api/system/test_assign_system.py
M	src/ifcopenshell-python/test/api/system/test_connect_port.py
M	src/ifcopenshell-python/test/api/system/test_disconnect_port.py
M	src/ifcopenshell-python/test/api/system/test_remove_system.py
M	src/ifcopenshell-python/test/api/system/test_unassign_flow_control.py
M	src/ifcopenshell-python/test/api/system/test_unassign_port.py
M	src/ifcopenshell-python/test/api/system/test_unassign_system.py
M	src/ifcopenshell-python/test/api/test_api.py
M	src/ifcopenshell-python/test/api/type/test_assign_type.py
M	src/ifcopenshell-python/test/api/type/test_map_type_representation.py
M	src/ifcopenshell-python/test/api/type/test_unassign_type.py
M	src/ifcopenshell-python/test/api/unit/test_add_context_dependent_unit.py
M	src/ifcopenshell-python/test/api/unit/test_add_conversion_based_unit.py
M	src/ifcopenshell-python/test/api/unit/test_add_monetary_unit.py
M	src/ifcopenshell-python/test/api/unit/test_add_si_unit.py
M	src/ifcopenshell-python/test/api/unit/test_assign_unit.py
M	src/ifcopenshell-python/test/api/unit/test_edit_derived_unit.py
M	src/ifcopenshell-python/test/api/unit/test_edit_monetary_unit.py
M	src/ifcopenshell-python/test/api/unit/test_edit_named_unit.py
M	src/ifcopenshell-python/test/api/unit/test_remove_unit.py
M	src/ifcopenshell-python/test/api/unit/test_unassign_unit.py
M	src/ifcopenshell-python/test/bootstrap.py
A	src/ifcopenshell-python/test/conftest.py
A	src/ifcopenshell-python/test/fixture_generate.py
M	src/ifcopenshell-python/test/fixtures/ColumnPSetsOfSets.ifc
M	src/ifcopenshell-python/test/fixtures/rules/fail-2-box-alignment-invalid-ifc2x3.ifc
M	src/ifcopenshell-python/test/fixtures/rules/fail-2-projects-ifc2x3.ifc
M	src/ifcopenshell-python/test/fixtures/rules/fail-IfcPostalAddress-USERDEFINED-None-ifc2x3.ifc
M	src/ifcopenshell-python/test/fixtures/rules/fail-IfcPostalAddress-all-unset-ifc2x3.ifc
M	src/ifcopenshell-python/test/fixtures/rules/fail-IfcTelecomAddress-USERDEFINED-None-ifc2x3.ifc
M	src/ifcopenshell-python/test/fixtures/rules/fail-IfcTelecomAddress-all-unset-ifc2x3.ifc
M	src/ifcopenshell-python/test/fixtures/rules/fail-actor-role-USERDEFINED-None-ifc2x3.ifc
M	src/ifcopenshell-python/test/fixtures/rules/fail-air-terminal-type-USERDEFINED-None-ifc2x3.ifc
M	src/ifcopenshell-python/test/fixtures/rules/fail-annotation-curve-occurence-IfcCartesianPoint-ifc2x3.ifc
M	src/ifcopenshell-python/test/fixtures/rules/fail-annotation-surface-IfcPolyline-ifc2x3.ifc
M	src/ifcopenshell-python/test/fixtures/rules/fail-arbitrary-profile-with-voids-3d-inner-2-ifc2x3.ifc
M	src/ifcopenshell-python/test/fixtures/rules/fail-arbitrary-profile-with-voids-3d-inner-ifc2x3.ifc
M	src/ifcopenshell-python/test/fixtures/rules/fail-arbitrary-profile-with-voids-3d-outer-ifc2x3.ifc
M	src/ifcopenshell-python/test/fixtures/rules/fail-arbitrary-profile-with-voids-curve-ifc2x3.ifc
M	src/ifcopenshell-python/test/fixtures/rules/fail-arbitrary-profile-with-voids-inner-line-ifc2x3.ifc
M	src/ifcopenshell-python/test/fixtures/rules/fail-assoc-material-IfcTask-IFC4.ifc
M	src/ifcopenshell-python/test/fixtures/rules/fail-axis2-2d-axis-ifc2x3.ifc
M	src/ifcopenshell-python/test/fixtures/rules/fail-axis2-2d-pos-ifc2x3.ifc
M	src/ifcopenshell-python/test/fixtures/rules/fail-axis2-2d-ref-ifc2x3.ifc
M	src/ifcopenshell-python/test/fixtures/rules/fail-axis2-anti-parallel-axes.ifc
M	src/ifcopenshell-python/test/fixtures/rules/fail-axis2-only-axis-ifc2x3.ifc
M	src/ifcopenshell-python/test/fixtures/rules/fail-axis2-only-ref-ifc2x3.ifc
M	src/ifcopenshell-python/test/fixtures/rules/fail-axis2-parallel-axes.ifc
M	src/ifcopenshell-python/test/fixtures/rules/fail-bspline-curve-point-dimensions-2-3-3-ifc2x3.ifc
M	src/ifcopenshell-python/test/fixtures/rules/fail-bspline-curve-point-dimensions-3-3-2-ifc2x3.ifc
M	src/ifcopenshell-python/test/fixtures/rules/fail-conv-unit-1-ifc2x3.ifc
M	src/ifcopenshell-python/test/fixtures/rules/fail-conv-unit-2-ifc2x3.ifc
M	src/ifcopenshell-python/test/fixtures/rules/fail-conv-unit-3-ifc2x3.ifc
M	src/ifcopenshell-python/test/fixtures/rules/fail-conv-unit-4-ifc2x3.ifc
M	src/ifcopenshell-python/test/fixtures/rules/fail-cshape-profile-width-0.2-depth-3.0-ifc2x3.ifc
M	src/ifcopenshell-python/test/fixtures/rules/fail-cshape-profile-width-0.3-depth-2.0-ifc2x3.ifc
R067	src/ifcopenshell-python/test/fixtures/rules/fail-cshape-profile-width-0.2-depth-2.0-ifc2x3.ifc	src/ifcopenshell-python/test/fixtures/rules/fail-expected-2-cshape-profile-width-0.2-depth-2.0-ifc2x3.ifc
R086	src/ifcopenshell-python/test/fixtures/rules/fail-site-latitude-7-ifc2x3.ifc	src/ifcopenshell-python/test/fixtures/rules/fail-expected-3-site-latitude-7-ifc2x3.ifc
M	src/ifcopenshell-python/test/fixtures/rules/fail-extrusion-depth--1.0-ifc2x3.ifc
M	src/ifcopenshell-python/test/fixtures/rules/fail-extrusion-depth-0.0-ifc2x3.ifc
M	src/ifcopenshell-python/test/fixtures/rules/fail-extrusion-dir-0.0-0.0-ifc4.ifc
M	src/ifcopenshell-python/test/fixtures/rules/fail-extrusion-dir-1.0-0.0-ifc2x3.ifc
M	src/ifcopenshell-python/test/fixtures/rules/fail-font-IfcDescriptiveMeasure-large.ifc
M	src/ifcopenshell-python/test/fixtures/rules/fail-font-IfcLengthMeasure--1.0.ifc
M	src/ifcopenshell-python/test/fixtures/rules/fail-lining-properties-1.0-None.ifc
M	src/ifcopenshell-python/test/fixtures/rules/fail-placement-2d-3d-ifc2x3.ifc
M	src/ifcopenshell-python/test/fixtures/rules/fail-poly-curve-1-2-1-2-ifc4.ifc
R068	src/ifcopenshell-python/test/fixtures/rules/fail-poly-curve-1-2-1-2-ifc4x3_add2.ifc	src/ifcopenshell-python/test/fixtures/rules/fail-poly-curve-1-2-1-2-ifc4x3.ifc
A	src/ifcopenshell-python/test/fixtures/rules/fail-property-list-value-distinct-value-types.ifc
M	src/ifcopenshell-python/test/fixtures/rules/fail-property-same-same-ifc2x3.ifc
R051	src/ifcopenshell-python/test/fixtures/rules/fail-rigid-op-IfcPlaneAngleMeasure-IfcLengthMeasure-ifc4x3_add2.ifc	src/ifcopenshell-python/test/fixtures/rules/fail-rigid-op-IfcPlaneAngleMeasure-IfcLengthMeasure-ifc4x3.ifc
M	src/ifcopenshell-python/test/fixtures/rules/fail-shaperep-boundingbox-multiple-bbox-ifc2x3.ifc
M	src/ifcopenshell-python/test/fixtures/rules/fail-shaperep-curve2d-3d-polyline-ifc2x3.ifc
M	src/ifcopenshell-python/test/fixtures/rules/fail-shaperep-geometriccurveset-with-surface-ifc2x3.ifc
M	src/ifcopenshell-python/test/fixtures/rules/fail-shaperep-surfacemodel-3d-polyline-ifc2x3.ifc
M	src/ifcopenshell-python/test/fixtures/rules/fail-shaperep-sweptsolid-3d-polyline-ifc2x3.ifc
M	src/ifcopenshell-python/test/fixtures/rules/fail-site-latitude-0-ifc2x3.ifc
M	src/ifcopenshell-python/test/fixtures/rules/fail-site-latitude-1-ifc2x3.ifc
M	src/ifcopenshell-python/test/fixtures/rules/fail-site-latitude-13-ifc2x3.ifc
M	src/ifcopenshell-python/test/fixtures/rules/fail-site-latitude-14-ifc2x3.ifc
M	src/ifcopenshell-python/test/fixtures/rules/fail-site-latitude-5-ifc2x3.ifc
M	src/ifcopenshell-python/test/fixtures/rules/fail-site-latitude-8-ifc2x3.ifc
M	src/ifcopenshell-python/test/fixtures/rules/fail-site-latitude-9-ifc2x3.ifc
M	src/ifcopenshell-python/test/fixtures/rules/fail-wall-2-same-psets.ifc
M	src/ifcopenshell-python/test/fixtures/rules/fail-wall-mls-ifc2x3.ifc
M	src/ifcopenshell-python/test/fixtures/rules/fail-wall-no-mls-ifc2x3.ifc
M	src/ifcopenshell-python/test/fixtures/rules/fail-zone-with-IfcWall-IfcSpace-ifc2x3.ifc
M	src/ifcopenshell-python/test/fixtures/rules/fail-zone-with-IfcWall-ifc2x3.ifc
M	src/ifcopenshell-python/test/fixtures/rules/generate_00.py
M	src/ifcopenshell-python/test/fixtures/rules/generate_01.py
M	src/ifcopenshell-python/test/fixtures/rules/generate_02.py
M	src/ifcopenshell-python/test/fixtures/rules/generate_03.py
M	src/ifcopenshell-python/test/fixtures/rules/generate_04.py
M	src/ifcopenshell-python/test/fixtures/rules/generate_05.py
M	src/ifcopenshell-python/test/fixtures/rules/generate_06.py
M	src/ifcopenshell-python/test/fixtures/rules/generate_07.py
M	src/ifcopenshell-python/test/fixtures/rules/generate_08.py
M	src/ifcopenshell-python/test/fixtures/rules/generate_09.py
M	src/ifcopenshell-python/test/fixtures/rules/generate_10.py
M	src/ifcopenshell-python/test/fixtures/rules/generate_11.py
M	src/ifcopenshell-python/test/fixtures/rules/generate_12.py
M	src/ifcopenshell-python/test/fixtures/rules/generate_13.py
M	src/ifcopenshell-python/test/fixtures/rules/generate_14.py
M	src/ifcopenshell-python/test/fixtures/rules/generate_15.py
M	src/ifcopenshell-python/test/fixtures/rules/generate_16.py
M	src/ifcopenshell-python/test/fixtures/rules/generate_17.py
M	src/ifcopenshell-python/test/fixtures/rules/generate_18.py
M	src/ifcopenshell-python/test/fixtures/rules/generate_19.py
M	src/ifcopenshell-python/test/fixtures/rules/generate_20.py
M	src/ifcopenshell-python/test/fixtures/rules/generate_21.py
M	src/ifcopenshell-python/test/fixtures/rules/generate_22.py
M	src/ifcopenshell-python/test/fixtures/rules/generate_23.py
M	src/ifcopenshell-python/test/fixtures/rules/generate_24.py
M	src/ifcopenshell-python/test/fixtures/rules/generate_25.py
A	src/ifcopenshell-python/test/fixtures/rules/generate_26.py
A	src/ifcopenshell-python/test/fixtures/rules/generate_27.py
M	src/ifcopenshell-python/test/fixtures/rules/pass-0-box-alignment-top-left-ifc2x3.ifc
M	src/ifcopenshell-python/test/fixtures/rules/pass-0-projects-ifc2x3.ifc
M	src/ifcopenshell-python/test/fixtures/rules/pass-1-box-alignment-center-ifc2x3.ifc
M	src/ifcopenshell-python/test/fixtures/rules/pass-1-projects-ifc2x3.ifc
M	src/ifcopenshell-python/test/fixtures/rules/pass-3-box-alignment-CENTER-uppercase-ifc2x3.ifc
A	src/ifcopenshell-python/test/fixtures/rules/pass-IfcCurveStyle-ifc2x3.ifc
M	src/ifcopenshell-python/test/fixtures/rules/pass-IfcPostalAddress-Country-Town-ifc2x3.ifc
M	src/ifcopenshell-python/test/fixtures/rules/pass-IfcPostalAddress-Country-ifc2x3.ifc
M	src/ifcopenshell-python/test/fixtures/rules/pass-IfcPostalAddress-HOME-None-ifc2x3.ifc
M	src/ifcopenshell-python/test/fixtures/rules/pass-IfcPostalAddress-HOME-SomethingUserdefined-ifc2x3.ifc
M	src/ifcopenshell-python/test/fixtures/rules/pass-IfcPostalAddress-None-None-ifc2x3.ifc
M	src/ifcopenshell-python/test/fixtures/rules/pass-IfcPostalAddress-None-SomethingUserdefined-ifc2x3.ifc
M	src/ifcopenshell-python/test/fixtures/rules/pass-IfcPostalAddress-USERDEFINED-SomethingUserdefined-ifc2x3.ifc
M	src/ifcopenshell-python/test/fixtures/rules/pass-IfcTelecomAddress-HOME-None-ifc2x3.ifc
M	src/ifcopenshell-python/test/fixtures/rules/pass-IfcTelecomAddress-HOME-SomethingUserdefined-ifc2x3.ifc
M	src/ifcopenshell-python/test/fixtures/rules/pass-IfcTelecomAddress-None-None-ifc2x3.ifc
M	src/ifcopenshell-python/test/fixtures/rules/pass-IfcTelecomAddress-None-SomethingUserdefined-ifc2x3.ifc
M	src/ifcopenshell-python/test/fixtures/rules/pass-IfcTelecomAddress-TelephoneNumbers-PagerNumber-ifc2x3.ifc
M	src/ifcopenshell-python/test/fixtures/rules/pass-IfcTelecomAddress-TelephoneNumbers-ifc2x3.ifc
M	src/ifcopenshell-python/test/fixtures/rules/pass-IfcTelecomAddress-USERDEFINED-SomethingUserdefined-ifc2x3.ifc
M	src/ifcopenshell-python/test/fixtures/rules/pass-actor-role-SUPPLIER-None-ifc2x3.ifc
M	src/ifcopenshell-python/test/fixtures/rules/pass-actor-role-SUPPLIER-Valid-ifc2x3.ifc
M	src/ifcopenshell-python/test/fixtures/rules/pass-actor-role-USERDEFINED-Valid-ifc2x3.ifc
M	src/ifcopenshell-python/test/fixtures/rules/pass-air-terminal-type-GRILLE-None-ifc2x3.ifc
M	src/ifcopenshell-python/test/fixtures/rules/pass-air-terminal-type-GRILLE-Something-ifc2x3.ifc
M	src/ifcopenshell-python/test/fixtures/rules/pass-air-terminal-type-USERDEFINED-Something-ifc2x3.ifc
M	src/ifcopenshell-python/test/fixtures/rules/pass-annotation-curve-occurence-IfcPolyline-ifc2x3.ifc
M	src/ifcopenshell-python/test/fixtures/rules/pass-annotation-curve-occurence-None-ifc2x3.ifc
M	src/ifcopenshell-python/test/fixtures/rules/pass-annotation-surface-IfcPlane-ifc2x3.ifc
M	src/ifcopenshell-python/test/fixtures/rules/pass-arbitrary-profile-with-voids-ifc2x3.ifc
M	src/ifcopenshell-python/test/fixtures/rules/pass-assoc-material-IfcWall-IFC4.ifc
M	src/ifcopenshell-python/test/fixtures/rules/pass-axis2-3d-pos-ifc2x3.ifc
M	src/ifcopenshell-python/test/fixtures/rules/pass-axis2-two-directions-ifc2x3.ifc
M	src/ifcopenshell-python/test/fixtures/rules/pass-bspline-curve-point-dimensions-2-2-2-ifc2x3.ifc
M	src/ifcopenshell-python/test/fixtures/rules/pass-bspline-curve-point-dimensions-3-3-3-ifc2x3.ifc
M	src/ifcopenshell-python/test/fixtures/rules/pass-conv-unit-0-ifc2x3.ifc
M	src/ifcopenshell-python/test/fixtures/rules/pass-cshape-profile-width-0.3-depth-3.0-ifc2x3.ifc
M	src/ifcopenshell-python/test/fixtures/rules/pass-extrusion-depth-1.0-ifc2x3.ifc
M	src/ifcopenshell-python/test/fixtures/rules/pass-extrusion-dir-0.0--1.0-ifc2x3.ifc
M	src/ifcopenshell-python/test/fixtures/rules/pass-extrusion-dir-0.0-0.0-ifc2x3.ifc
M	src/ifcopenshell-python/test/fixtures/rules/pass-extrusion-dir-0.0-1.0-ifc2x3.ifc
M	src/ifcopenshell-python/test/fixtures/rules/pass-extrusion-dir-1.0-0.001-ifc2x3.ifc
M	src/ifcopenshell-python/test/fixtures/rules/pass-font-IfcLengthMeasure-1.0.ifc
M	src/ifcopenshell-python/test/fixtures/rules/pass-font-IfcPositiveLengthMeasure-1.0.ifc
M	src/ifcopenshell-python/test/fixtures/rules/pass-lining-properties-1.0-1.0.ifc
M	src/ifcopenshell-python/test/fixtures/rules/pass-lining-properties-None-1.0.ifc
M	src/ifcopenshell-python/test/fixtures/rules/pass-lining-properties-None-None.ifc
M	src/ifcopenshell-python/test/fixtures/rules/pass-placement-3d-2d-ifc2x3.ifc
M	src/ifcopenshell-python/test/fixtures/rules/pass-placement-3d-3d-ifc2x3.ifc
M	src/ifcopenshell-python/test/fixtures/rules/pass-poly-curve-1-2-2-3-ifc4.ifc
R068	src/ifcopenshell-python/test/fixtures/rules/pass-poly-curve-1-2-2-3-ifc4x3_add2.ifc	src/ifcopenshell-python/test/fixtures/rules/pass-poly-curve-1-2-2-3-ifc4x3.ifc
M	src/ifcopenshell-python/test/fixtures/rules/pass-poly-curve-no-segments-ifc4.ifc
R065	src/ifcopenshell-python/test/fixtures/rules/pass-poly-curve-no-segments-ifc4x3_add2.ifc	src/ifcopenshell-python/test/fixtures/rules/pass-poly-curve-no-segments-ifc4x3.ifc
M	src/ifcopenshell-python/test/fixtures/rules/pass-property-different-somethingelse-ifc2x3.ifc
A	src/ifcopenshell-python/test/fixtures/rules/pass-property-list-value-label-values.ifc
A	src/ifcopenshell-python/test/fixtures/rules/pass-property-list-value-nil-values.ifc
R071	src/ifcopenshell-python/test/fixtures/rules/pass-rigid-op-IfcPlaneAngleMeasure-IfcPlaneAngleMeasure-ifc4x3_add2.ifc	src/ifcopenshell-python/test/fixtures/rules/pass-rigid-op-IfcPlaneAngleMeasure-IfcPlaneAngleMeasure-ifc4x3.ifc
M	src/ifcopenshell-python/test/fixtures/rules/pass-shaperep-boundingbox-single-bbox-ifc2x3.ifc
M	src/ifcopenshell-python/test/fixtures/rules/pass-shaperep-curve2d-2d-polyline-ifc2x3.ifc
M	src/ifcopenshell-python/test/fixtures/rules/pass-shaperep-geometriccurveset-with-curve-ifc2x3.ifc
M	src/ifcopenshell-python/test/fixtures/rules/pass-shaperep-surfacemodel-surface-model-ifc2x3.ifc
M	src/ifcopenshell-python/test/fixtures/rules/pass-shaperep-sweptsolid-extrusion-ifc2x3.ifc
M	src/ifcopenshell-python/test/fixtures/rules/pass-site-latitude-10-ifc2x3.ifc
M	src/ifcopenshell-python/test/fixtures/rules/pass-site-latitude-11-ifc2x3.ifc
M	src/ifcopenshell-python/test/fixtures/rules/pass-site-latitude-12-ifc2x3.ifc
M	src/ifcopenshell-python/test/fixtures/rules/pass-site-latitude-2-ifc2x3.ifc
M	src/ifcopenshell-python/test/fixtures/rules/pass-site-latitude-3-ifc2x3.ifc
M	src/ifcopenshell-python/test/fixtures/rules/pass-site-latitude-4-ifc2x3.ifc
M	src/ifcopenshell-python/test/fixtures/rules/pass-site-latitude-6-ifc2x3.ifc
M	src/ifcopenshell-python/test/fixtures/rules/pass-wall-0-same-psets.ifc
M	src/ifcopenshell-python/test/fixtures/rules/pass-wall-1-same-psets.ifc
M	src/ifcopenshell-python/test/fixtures/rules/pass-wall-different-psets.ifc
M	src/ifcopenshell-python/test/fixtures/rules/pass-wall-mlsu-ifc2x3.ifc
M	src/ifcopenshell-python/test/fixtures/rules/pass-zone-with-IfcSpace-ifc2x3.ifc
M	src/ifcopenshell-python/test/fixtures/rules/pass-zone-with-IfcZone-IfcSpace-ifc2x3.ifc
R100	src/ifcopenshell-python/test/fixtures/validate/fail-header-attr-too-few.ifc	src/ifcopenshell-python/test/fixtures/validate/fail-expected-2-header-attr-too-few.ifc
R100	src/ifcopenshell-python/test/fixtures/validate/fail-invalid-selected-enumeration.ifc	src/ifcopenshell-python/test/fixtures/validate/fail-expected-2-invalid-selected-enumeration.ifc
R100	src/ifcopenshell-python/test/fixtures/validate/fail-selected-simple-type-empty-typed-value.ifc	src/ifcopenshell-python/test/fixtures/validate/fail-expected-2-selected-simple-type-empty-typed-value.ifc
R100	src/ifcopenshell-python/test/fixtures/validate/fail-selected-simple-type-non-existant-type.ifc	src/ifcopenshell-python/test/fixtures/validate/fail-expected-2-selected-simple-type-non-existant-type.ifc
R082	src/ifcopenshell-python/test/fixtures/validate/fail-invalid-entity.ifc	src/ifcopenshell-python/test/fixtures/validate/fail-expected-3-invalid-entity.ifc
M	src/ifcopenshell-python/test/fixtures/validate/generate_00.py
R100	src/ifcopenshell-python/test/fixtures/validate/pass-not-duplicated-guids-ifc2x3.ifc	src/ifcopenshell-python/test/fixtures/validate/pass-duplicated-guids-ifc2x3.ifc
R100	src/ifcopenshell-python/test/fixtures/validate/pass-not-duplicated-guids-ifc4.ifc	src/ifcopenshell-python/test/fixtures/validate/pass-duplicated-guids-ifc4.ifc
R100	src/ifcopenshell-python/test/fixtures/validate/pass-not-duplicated-guids-ifc4x3.ifc	src/ifcopenshell-python/test/fixtures/validate/pass-duplicated-guids-ifc4x3.ifc
M	src/ifcopenshell-python/test/geom/geometry_tests.py
M	src/ifcopenshell-python/test/geom/polyhedral_shapes.py
M	src/ifcopenshell-python/test/geom/settings.py
M	src/ifcopenshell-python/test/geom/stats.py
M	src/ifcopenshell-python/test/geom/test_sweeps.py
M	src/ifcopenshell-python/test/test_create_shape.py
M	src/ifcopenshell-python/test/test_entity_instance.py
A	src/ifcopenshell-python/test/test_express_aggregate_bounds.py
M	src/ifcopenshell-python/test/test_file.py
R090	src/ifcopenshell-python/test/file_gc.py	src/ifcopenshell-python/test/test_file_gc.py
M	src/ifcopenshell-python/test/test_file_inverse.py
R090	src/ifcopenshell-python/test/global_id_updates.py	src/ifcopenshell-python/test/test_global_id_updates.py
M	src/ifcopenshell-python/test/test_guid.py
R099	src/ifcopenshell-python/test/instance_string_formatting.py	src/ifcopenshell-python/test/test_instance_string_formatting.py
M	src/ifcopenshell-python/test/test_mvd_info.py
M	src/ifcopenshell-python/test/test_open.py
M	src/ifcopenshell-python/test/test_package.py
A	src/ifcopenshell-python/test/test_parse.py
M	src/ifcopenshell-python/test/test_rules.py
A	src/ifcopenshell-python/test/test_shape_stats.py
M	src/ifcopenshell-python/test/test_sql.py
M	src/ifcopenshell-python/test/test_stream.py
M	src/ifcopenshell-python/test/test_streaming_rocksdb_and_simpletyperefs.py
M	src/ifcopenshell-python/test/test_validate.py
M	src/ifcopenshell-python/test/test_validate_rocksdb.py
M	src/ifcopenshell-python/test/test_wall_opening.py
M	src/ifcopenshell-python/test/test_write.py
M	src/ifcopenshell-python/test/typing_tests.py
M	src/ifcopenshell-python/test/util/scripts/test_validate_stub.py
M	src/ifcopenshell-python/test/util/test_alignment.py
M	src/ifcopenshell-python/test/util/test_attribute.py
M	src/ifcopenshell-python/test/util/test_brick.py
M	src/ifcopenshell-python/test/util/test_classification.py
A	src/ifcopenshell-python/test/util/test_cost.py
M	src/ifcopenshell-python/test/util/test_date.py
M	src/ifcopenshell-python/test/util/test_element.py
M	src/ifcopenshell-python/test/util/test_file.py
M	src/ifcopenshell-python/test/util/test_geolocation.py
M	src/ifcopenshell-python/test/util/test_placement.py
M	src/ifcopenshell-python/test/util/test_pset.py
M	src/ifcopenshell-python/test/util/test_schema.py
M	src/ifcopenshell-python/test/util/test_selector.py
M	src/ifcopenshell-python/test/util/test_shape_builder.py
M	src/ifcopenshell-python/test/util/test_system.py
M	src/ifcopenshell-python/test/util/test_type.py
M	src/ifcopenshell-python/test/util/test_unit.py
M	src/ifcopenshell-python/test/util/test_unit_conversion.py
A	src/ifcopenshell-python/type-check-requirements.txt
M	src/ifcparse/CMakeLists.txt
D	src/ifcparse/FileReader.cpp
D	src/ifcparse/FileReader.h
D	src/ifcparse/Header_section_schema.cpp
D	src/ifcparse/Header_section_schema.h
D	src/ifcparse/Ifc2x3.cpp
D	src/ifcparse/Ifc4.cpp
D	src/ifcparse/Ifc4x1.cpp
D	src/ifcparse/Ifc4x2.cpp
D	src/ifcparse/Ifc4x3.cpp
D	src/ifcparse/Ifc4x3_add1.cpp
D	src/ifcparse/Ifc4x3_add2.cpp
D	src/ifcparse/Ifc4x3_rc1.cpp
D	src/ifcparse/Ifc4x3_rc2.cpp
D	src/ifcparse/Ifc4x3_rc3-schema.cpp
D	src/ifcparse/Ifc4x3_rc3.cpp
D	src/ifcparse/Ifc4x3_rc4.cpp
D	src/ifcparse/Ifc4x3_tc1.cpp
D	src/ifcparse/IfcAlignmentHelper.cpp
D	src/ifcparse/IfcBaseClass.h
D	src/ifcparse/IfcEntityInstanceData.cpp
D	src/ifcparse/IfcEntityInstanceData.h
D	src/ifcparse/IfcException.cpp
D	src/ifcparse/IfcFile.cpp
D	src/ifcparse/IfcFile.h
D	src/ifcparse/IfcHierarchyHelper.cpp
D	src/ifcparse/IfcHierarchyHelper.h
D	src/ifcparse/IfcLogger.cpp
D	src/ifcparse/IfcLogger.h
D	src/ifcparse/IfcParse.cpp
D	src/ifcparse/IfcParse.h
D	src/ifcparse/IfcSIPrefix.cpp
D	src/ifcparse/IfcSchema.cpp
D	src/ifcparse/IfcSpfHeader.cpp
D	src/ifcparse/IfcUtil.cpp
D	src/ifcparse/aggregate_of_instance.h
A	src/ifcparse/alignment_helper.cpp
R060	src/ifcparse/IfcAlignmentHelper.h	src/ifcparse/alignment_helper.h
R083	src/ifcparse/Argument.h	src/ifcparse/argument.h
R089	src/ifcparse/ArgumentType.h	src/ifcparse/argument_type.h
M	src/ifcparse/buildinfo.cpp
R085	src/ifcparse/IfcCharacterDecoder.cpp	src/ifcparse/character_decoder.cpp
R079	src/ifcparse/IfcCharacterDecoder.h	src/ifcparse/character_decoder.h
A	src/ifcparse/entity_instance_data.cpp
A	src/ifcparse/exception.cpp
R076	src/ifcparse/IfcException.h	src/ifcparse/exception.h
A	src/ifcparse/express.cpp
A	src/ifcparse/express.h
A	src/ifcparse/file.cpp
A	src/ifcparse/file.h
M	src/ifcparse/file_open_status.h
A	src/ifcparse/file_reader.cpp
A	src/ifcparse/file_reader.h
R087	src/ifcparse/IfcGlobalId.cpp	src/ifcparse/global_id.cpp
R088	src/ifcparse/IfcGlobalId.h	src/ifcparse/global_id.h
A	src/ifcparse/hierarchy_helper.h
A	src/ifcparse/hierarchy_helper.i
M	src/ifcparse/ifc_parse_api.h
A	src/ifcparse/instance_data.h
A	src/ifcparse/logger.cpp
A	src/ifcparse/logger.h
M	src/ifcparse/macros.h
M	src/ifcparse/map_transformer.h
M	src/ifcparse/map_variant.h
A	src/ifcparse/parse.cpp
A	src/ifcparse/parse.h
D	src/ifcparse/parse_ifcxml.cpp
M	src/ifcparse/rocksdb_map_adapter.h
M	src/ifcparse/rocksdb_set_view.h
A	src/ifcparse/schema.cpp
R077	src/ifcparse/IfcSchema.h	src/ifcparse/schema.h
A	src/ifcparse/schema_plugin.cpp
R055	src/ifcparse/Header_section_schema-schema.cpp	src/ifcparse/schemas/Header_section_schema-schema.cpp
A	src/ifcparse/schemas/Header_section_schema.cpp
A	src/ifcparse/schemas/Header_section_schema.h
R100	src/ifcparse/Ifc2x3-definitions.h	src/ifcparse/schemas/Ifc2x3-definitions.h
R083	src/ifcparse/Ifc2x3-schema.cpp	src/ifcparse/schemas/Ifc2x3-schema.cpp
A	src/ifcparse/schemas/Ifc2x3.cpp
R072	src/ifcparse/Ifc2x3.h	src/ifcparse/schemas/Ifc2x3.h
R099	src/ifcparse/Ifc4-definitions.h	src/ifcparse/schemas/Ifc4-definitions.h
R083	src/ifcparse/Ifc4-schema.cpp	src/ifcparse/schemas/Ifc4-schema.cpp
A	src/ifcparse/schemas/Ifc4.cpp
R073	src/ifcparse/Ifc4.h	src/ifcparse/schemas/Ifc4.h
R100	src/ifcparse/Ifc4x1-definitions.h	src/ifcparse/schemas/Ifc4x1-definitions.h
R083	src/ifcparse/Ifc4x1-schema.cpp	src/ifcparse/schemas/Ifc4x1-schema.cpp
A	src/ifcparse/schemas/Ifc4x1.cpp
R073	src/ifcparse/Ifc4x1.h	src/ifcparse/schemas/Ifc4x1.h
R100	src/ifcparse/Ifc4x2-definitions.h	src/ifcparse/schemas/Ifc4x2-definitions.h
R083	src/ifcparse/Ifc4x2-schema.cpp	src/ifcparse/schemas/Ifc4x2-schema.cpp
A	src/ifcparse/schemas/Ifc4x2.cpp
R073	src/ifcparse/Ifc4x2.h	src/ifcparse/schemas/Ifc4x2.h
R100	src/ifcparse/Ifc4x3-definitions.h	src/ifcparse/schemas/Ifc4x3-definitions.h
R083	src/ifcparse/Ifc4x3-schema.cpp	src/ifcparse/schemas/Ifc4x3-schema.cpp
A	src/ifcparse/schemas/Ifc4x3.cpp
R071	src/ifcparse/Ifc4x3.h	src/ifcparse/schemas/Ifc4x3.h
R100	src/ifcparse/Ifc4x3_add1-definitions.h	src/ifcparse/schemas/Ifc4x3_add1-definitions.h
R083	src/ifcparse/Ifc4x3_add1-schema.cpp	src/ifcparse/schemas/Ifc4x3_add1-schema.cpp
A	src/ifcparse/schemas/Ifc4x3_add1.cpp
R071	src/ifcparse/Ifc4x3_add1.h	src/ifcparse/schemas/Ifc4x3_add1.h
R100	src/ifcparse/Ifc4x3_add2-definitions.h	src/ifcparse/schemas/Ifc4x3_add2-definitions.h
R083	src/ifcparse/Ifc4x3_add2-schema.cpp	src/ifcparse/schemas/Ifc4x3_add2-schema.cpp
A	src/ifcparse/schemas/Ifc4x3_add2.cpp
R071	src/ifcparse/Ifc4x3_add2.h	src/ifcparse/schemas/Ifc4x3_add2.h
R100	src/ifcparse/Ifc4x3_rc1-definitions.h	src/ifcparse/schemas/Ifc4x3_rc1-definitions.h
R083	src/ifcparse/Ifc4x3_rc1-schema.cpp	src/ifcparse/schemas/Ifc4x3_rc1-schema.cpp
A	src/ifcparse/schemas/Ifc4x3_rc1.cpp
R071	src/ifcparse/Ifc4x3_rc1.h	src/ifcparse/schemas/Ifc4x3_rc1.h
R100	src/ifcparse/Ifc4x3_rc2-definitions.h	src/ifcparse/schemas/Ifc4x3_rc2-definitions.h
R083	src/ifcparse/Ifc4x3_rc2-schema.cpp	src/ifcparse/schemas/Ifc4x3_rc2-schema.cpp
A	src/ifcparse/schemas/Ifc4x3_rc2.cpp
R071	src/ifcparse/Ifc4x3_rc2.h	src/ifcparse/schemas/Ifc4x3_rc2.h
R099	src/ifcparse/Ifc4x3_rc3-definitions.h	src/ifcparse/schemas/Ifc4x3_rc3-definitions.h
A	src/ifcparse/schemas/Ifc4x3_rc3-schema.cpp
A	src/ifcparse/schemas/Ifc4x3_rc3.cpp
R071	src/ifcparse/Ifc4x3_rc3.h	src/ifcparse/schemas/Ifc4x3_rc3.h
R099	src/ifcparse/Ifc4x3_rc4-definitions.h	src/ifcparse/schemas/Ifc4x3_rc4-definitions.h
R083	src/ifcparse/Ifc4x3_rc4-schema.cpp	src/ifcparse/schemas/Ifc4x3_rc4-schema.cpp
A	src/ifcparse/schemas/Ifc4x3_rc4.cpp
R071	src/ifcparse/Ifc4x3_rc4.h	src/ifcparse/schemas/Ifc4x3_rc4.h
R100	src/ifcparse/Ifc4x3_tc1-definitions.h	src/ifcparse/schemas/Ifc4x3_tc1-definitions.h
R083	src/ifcparse/Ifc4x3_tc1-schema.cpp	src/ifcparse/schemas/Ifc4x3_tc1-schema.cpp
A	src/ifcparse/schemas/Ifc4x3_tc1.cpp
R071	src/ifcparse/Ifc4x3_tc1.h	src/ifcparse/schemas/Ifc4x3_tc1.h
M	src/ifcparse/set_to_map_transformer.h
A	src/ifcparse/si_prefix.cpp
A	src/ifcparse/si_prefix.h
A	src/ifcparse/spf_header.cpp
R055	src/ifcparse/IfcSpfHeader.h	src/ifcparse/spf_header.h
M	src/ifcparse/storage.h
A	src/ifcparse/tests/CMakeLists.txt
A	src/ifcparse/tests/test_ifcopenshell_parse.cpp
A	src/ifcparse/utils.cpp
M	src/ifcparse/utils.h
R058	src/ifcparse/variantarray.h	src/ifcparse/variant_array.h
M	src/ifcpatch/bootstrap.py
M	src/ifcpatch/ifcpatch/__init__.py
M	src/ifcpatch/ifcpatch/__main__.py
M	src/ifcpatch/ifcpatch/recipes/AGS2IFC.py
M	src/ifcpatch/ifcpatch/recipes/AddGeometricRepresentationToAlignment.py
M	src/ifcpatch/ifcpatch/recipes/AddLinearPlacementFallbackPosition.py
M	src/ifcpatch/ifcpatch/recipes/AddZeroLengthSegmentToAlignment.py
M	src/ifcpatch/ifcpatch/recipes/AssignConstituentFractions.py
M	src/ifcpatch/ifcpatch/recipes/ConvertLengthUnit.py
M	src/ifcpatch/ifcpatch/recipes/ConvertNestToAggregate.py
M	src/ifcpatch/ifcpatch/recipes/ConvertPropertiesToQuantities.py
M	src/ifcpatch/ifcpatch/recipes/DowngradeIndexedPolyCurve.py
M	src/ifcpatch/ifcpatch/recipes/ExtractElements.py
M	src/ifcpatch/ifcpatch/recipes/ExtractPropertiesToSQLite.py
M	src/ifcpatch/ifcpatch/recipes/FixArchiCADToRevitDoorSwings.py
M	src/ifcpatch/ifcpatch/recipes/FixArchiCADToRevitSpaces.py
M	src/ifcpatch/ifcpatch/recipes/FixRevit2025TINs.py
M	src/ifcpatch/ifcpatch/recipes/FixRevitClassificationCodeTypes.py
M	src/ifcpatch/ifcpatch/recipes/FixRevitTINs.py
M	src/ifcpatch/ifcpatch/recipes/Ifc2Sql.py
M	src/ifcpatch/ifcpatch/recipes/MergeDuplicateTypes.py
M	src/ifcpatch/ifcpatch/recipes/MergeProjects.py
M	src/ifcpatch/ifcpatch/recipes/MergeStyles.py
M	src/ifcpatch/ifcpatch/recipes/Migrate.py
M	src/ifcpatch/ifcpatch/recipes/OffsetObjectPlacements.py
M	src/ifcpatch/ifcpatch/recipes/Optimise.py
M	src/ifcpatch/ifcpatch/recipes/PatchStationReferentPosition.py
M	src/ifcpatch/ifcpatch/recipes/PurgeData.py
M	src/ifcpatch/ifcpatch/recipes/RecycleNonRootedElements.py
M	src/ifcpatch/ifcpatch/recipes/RegenerateGlobalIds.py
M	src/ifcpatch/ifcpatch/recipes/ResetAbsoluteCoordinates.py
M	src/ifcpatch/ifcpatch/recipes/ResetSpatialElementLocations.py
M	src/ifcpatch/ifcpatch/recipes/SetFalseOrigin.py
M	src/ifcpatch/ifcpatch/recipes/SetWorldCoordinateSystem.py
M	src/ifcpatch/ifcpatch/recipes/SplitByBuildingStorey.py
M	src/ifcpatch/ifcpatch/recipes/TessellateElements.py
M	src/ifcpatch/ifcpatch/recipes/UnsharePsets.py
M	src/ifcpatch/pyproject.toml
M	src/ifcpatch/test/bootstrap.py
M	src/ifcpatch/test/test_ConvertLengthUnit.py
M	src/ifcpatch/test/test_ConvertPropertiesToQuantities.py
A	src/ifcpatch/test/test_DowngradeIndexedPolyCurve.py
M	src/ifcpatch/test/test_ExtractElements.py
A	src/ifcpatch/test/test_FixArchiCADToRevitSpaces.py
M	src/ifcpatch/test/test_Ifc2Sql.py
M	src/ifcpatch/test/test_MergeDuplicateTypes.py
M	src/ifcpatch/test/test_MergeProject.py
M	src/ifcpatch/test/test_Migrate.py
A	src/ifcpatch/test/test_Optimise.py
M	src/ifcpatch/test/test_RegenerateGlobalIds.py
M	src/ifcpatch/test/test_ResetSpatialElementLocations.py
M	src/ifcpatch/test/test_SetFalseOrigin.py
M	src/ifcpatch/test/test_TesselateElements.py
M	src/ifcpatch/test/test_UnsharePsets.py
M	src/ifcpatch/test/test_ifcpatch.py
A	src/ifcquery/Makefile
A	src/ifcquery/README.md
A	src/ifcquery/ifcquery/__init__.py
A	src/ifcquery/ifcquery/__main__.py
A	src/ifcquery/ifcquery/clash.py
A	src/ifcquery/ifcquery/contexts.py
A	src/ifcquery/ifcquery/cost.py
A	src/ifcquery/ifcquery/info.py
A	src/ifcquery/ifcquery/materials.py
A	src/ifcquery/ifcquery/plot.py
A	src/ifcquery/ifcquery/relations.py
A	src/ifcquery/ifcquery/render.py
A	src/ifcquery/ifcquery/schedule.py
A	src/ifcquery/ifcquery/schema.py
A	src/ifcquery/ifcquery/select.py
A	src/ifcquery/ifcquery/summary.py
A	src/ifcquery/ifcquery/tree.py
A	src/ifcquery/ifcquery/validate.py
A	src/ifcquery/pyproject.toml
A	src/ifcquery/tests/__init__.py
A	src/ifcquery/tests/conftest.py
A	src/ifcquery/tests/test_clash.py
A	src/ifcquery/tests/test_contexts.py
A	src/ifcquery/tests/test_cost.py
A	src/ifcquery/tests/test_info.py
A	src/ifcquery/tests/test_main.py
A	src/ifcquery/tests/test_materials.py
A	src/ifcquery/tests/test_plot.py
A	src/ifcquery/tests/test_relations.py
A	src/ifcquery/tests/test_render.py
A	src/ifcquery/tests/test_schedule.py
A	src/ifcquery/tests/test_schema.py
A	src/ifcquery/tests/test_select.py
A	src/ifcquery/tests/test_summary.py
A	src/ifcquery/tests/test_tree.py
A	src/ifcquery/tests/test_validate.py
M	src/ifcsverchok/Makefile
M	src/ifcsverchok/__init__.py
M	src/ifcsverchok/helper.py
M	src/ifcsverchok/ifcstore.py
M	src/ifcsverchok/nodes/ifc/add.py
M	src/ifcsverchok/nodes/ifc/add_pset.py
M	src/ifcsverchok/nodes/ifc/add_spatial_element.py
M	src/ifcsverchok/nodes/ifc/api.py
M	src/ifcsverchok/nodes/ifc/bmesh_to_ifc.py
M	src/ifcsverchok/nodes/ifc/by_guid.py
M	src/ifcsverchok/nodes/ifc/by_id.py
M	src/ifcsverchok/nodes/ifc/by_query.py
M	src/ifcsverchok/nodes/ifc/by_type.py
M	src/ifcsverchok/nodes/ifc/create_entity.py
M	src/ifcsverchok/nodes/ifc/create_file.py
M	src/ifcsverchok/nodes/ifc/create_project.py
M	src/ifcsverchok/nodes/ifc/create_shape.py
M	src/ifcsverchok/nodes/ifc/generate_guid.py
M	src/ifcsverchok/nodes/ifc/get_attribute.py
M	src/ifcsverchok/nodes/ifc/get_property.py
M	src/ifcsverchok/nodes/ifc/pick_ifc_class.py
M	src/ifcsverchok/nodes/ifc/quick_project_setup.py
M	src/ifcsverchok/nodes/ifc/read_entity.py
M	src/ifcsverchok/nodes/ifc/read_file.py
M	src/ifcsverchok/nodes/ifc/remove.py
M	src/ifcsverchok/nodes/ifc/select_blender_objects.py
A	src/ifcsverchok/nodes/ifc/shape_builder/extrude.py
A	src/ifcsverchok/nodes/ifc/shape_builder/mesh.py
A	src/ifcsverchok/nodes/ifc/shape_builder/polyline.py
A	src/ifcsverchok/nodes/ifc/shape_builder/rectangle.py
A	src/ifcsverchok/nodes/ifc/shape_builder/representation.py
A	src/ifcsverchok/nodes/ifc/shape_builder/shape_output.py
A	src/ifcsverchok/nodes/ifc/shape_builder/test.py
M	src/ifcsverchok/nodes/ifc/sverchok_to_ifc.py
M	src/ifcsverchok/nodes/ifc/write_file.py
A	src/ifcsverchok/pyproject.toml
M	src/ifctester/Makefile
M	src/ifctester/ifctester/__init__.py
M	src/ifctester/ifctester/__main__.py
M	src/ifctester/ifctester/facet.py
M	src/ifctester/ifctester/ids.py
M	src/ifctester/ifctester/reporter.py
M	src/ifctester/ifctester/templates/report.html
M	src/ifctester/pyproject.toml
M	src/ifctester/test/ids_doc_generator.py
M	src/ifctester/test/test_facet.py
M	src/ifctester/test/test_ids.py
M	src/ifctester/webapp/.gitignore
A	src/ifctester/webapp/biome.json
M	src/ifctester/webapp/index.html
D	src/ifctester/webapp/jsconfig.json
M	src/ifctester/webapp/package-lock.json
M	src/ifctester/webapp/package.json
M	src/ifctester/webapp/public/worker/api.py
D	src/ifctester/webapp/public/worker/bin/ifcopenshell-0.8.3+bb329af-cp313-cp313-emscripten_4_0_9_wasm32.whl
M	src/ifctester/webapp/serve.py
M	src/ifctester/webapp/src/App.svelte
A	src/ifctester/webapp/src/app.d.ts
M	src/ifctester/webapp/src/components/AppHeader.svelte
M	src/ifctester/webapp/src/components/AppRibbon.svelte
M	src/ifctester/webapp/src/components/AppToolbar.svelte
M	src/ifctester/webapp/src/components/CreateFacetDropdown.svelte
M	src/ifctester/webapp/src/components/IdsTabs.svelte
M	src/ifctester/webapp/src/config.json
M	src/ifctester/webapp/src/css/app.css
M	src/ifctester/webapp/src/lib/components/ui/dialog/dialog-close.svelte
M	src/ifctester/webapp/src/lib/components/ui/dialog/dialog-content.svelte
M	src/ifctester/webapp/src/lib/components/ui/dialog/dialog-description.svelte
M	src/ifctester/webapp/src/lib/components/ui/dialog/dialog-footer.svelte
M	src/ifctester/webapp/src/lib/components/ui/dialog/dialog-header.svelte
M	src/ifctester/webapp/src/lib/components/ui/dialog/dialog-overlay.svelte
M	src/ifctester/webapp/src/lib/components/ui/dialog/dialog-title.svelte
M	src/ifctester/webapp/src/lib/components/ui/dialog/dialog-trigger.svelte
R100	src/ifctester/webapp/src/lib/components/ui/dialog/index.js	src/ifctester/webapp/src/lib/components/ui/dialog/index.ts
M	src/ifctester/webapp/src/lib/components/ui/dropdown-menu/dropdown-menu-checkbox-item.svelte
M	src/ifctester/webapp/src/lib/components/ui/dropdown-menu/dropdown-menu-content.svelte
M	src/ifctester/webapp/src/lib/components/ui/dropdown-menu/dropdown-menu-group-heading.svelte
M	src/ifctester/webapp/src/lib/components/ui/dropdown-menu/dropdown-menu-group.svelte
M	src/ifctester/webapp/src/lib/components/ui/dropdown-menu/dropdown-menu-item.svelte
M	src/ifctester/webapp/src/lib/components/ui/dropdown-menu/dropdown-menu-label.svelte
M	src/ifctester/webapp/src/lib/components/ui/dropdown-menu/dropdown-menu-radio-group.svelte
M	src/ifctester/webapp/src/lib/components/ui/dropdown-menu/dropdown-menu-radio-item.svelte
M	src/ifctester/webapp/src/lib/components/ui/dropdown-menu/dropdown-menu-separator.svelte
M	src/ifctester/webapp/src/lib/components/ui/dropdown-menu/dropdown-menu-shortcut.svelte
M	src/ifctester/webapp/src/lib/components/ui/dropdown-menu/dropdown-menu-sub-content.svelte
M	src/ifctester/webapp/src/lib/components/ui/dropdown-menu/dropdown-menu-sub-trigger.svelte
M	src/ifctester/webapp/src/lib/components/ui/dropdown-menu/dropdown-menu-trigger.svelte
R100	src/ifctester/webapp/src/lib/components/ui/dropdown-menu/index.js	src/ifctester/webapp/src/lib/components/ui/dropdown-menu/index.ts
R100	src/ifctester/webapp/src/lib/components/ui/menubar/index.js	src/ifctester/webapp/src/lib/components/ui/menubar/index.ts
M	src/ifctester/webapp/src/lib/components/ui/menubar/menubar-checkbox-item.svelte
M	src/ifctester/webapp/src/lib/components/ui/menubar/menubar-content.svelte
M	src/ifctester/webapp/src/lib/components/ui/menubar/menubar-group-heading.svelte
M	src/ifctester/webapp/src/lib/components/ui/menubar/menubar-group.svelte
M	src/ifctester/webapp/src/lib/components/ui/menubar/menubar-item.svelte
M	src/ifctester/webapp/src/lib/components/ui/menubar/menubar-label.svelte
M	src/ifctester/webapp/src/lib/components/ui/menubar/menubar-radio-item.svelte
M	src/ifctester/webapp/src/lib/components/ui/menubar/menubar-separator.svelte
M	src/ifctester/webapp/src/lib/components/ui/menubar/menubar-shortcut.svelte
M	src/ifctester/webapp/src/lib/components/ui/menubar/menubar-sub-content.svelte
M	src/ifctester/webapp/src/lib/components/ui/menubar/menubar-sub-trigger.svelte
M	src/ifctester/webapp/src/lib/components/ui/menubar/menubar-trigger.svelte
M	src/ifctester/webapp/src/lib/components/ui/menubar/menubar.svelte
R100	src/ifctester/webapp/src/lib/components/ui/sonner/index.js	src/ifctester/webapp/src/lib/components/ui/sonner/index.ts
M	src/ifctester/webapp/src/lib/components/ui/sonner/sonner.svelte
R100	src/ifctester/webapp/src/lib/components/ui/tooltip/index.js	src/ifctester/webapp/src/lib/components/ui/tooltip/index.ts
M	src/ifctester/webapp/src/lib/components/ui/tooltip/tooltip-content.svelte
M	src/ifctester/webapp/src/lib/components/ui/tooltip/tooltip-trigger.svelte
D	src/ifctester/webapp/src/lib/utils.js
A	src/ifctester/webapp/src/lib/utils.ts
D	src/ifctester/webapp/src/main.js
A	src/ifctester/webapp/src/main.ts
R072	src/ifctester/webapp/src/modules/api/api.svelte.js	src/ifctester/webapp/src/modules/api/api.svelte.ts
R064	src/ifctester/webapp/src/modules/api/bonsai.svelte.js	src/ifctester/webapp/src/modules/api/bonsai.svelte.ts
R063	src/ifctester/webapp/src/modules/api/ids.svelte.js	src/ifctester/webapp/src/modules/api/ids.svelte.ts
R073	src/ifctester/webapp/src/modules/utils/toast.svelte.js	src/ifctester/webapp/src/modules/utils/toast.svelte.ts
R069	src/ifctester/webapp/src/modules/wasm/index.js	src/ifctester/webapp/src/modules/wasm/index.ts
R080	src/ifctester/webapp/src/modules/wasm/worker/api.js	src/ifctester/webapp/src/modules/wasm/worker/api.ts
R057	src/ifctester/webapp/src/modules/wasm/worker/ids.js	src/ifctester/webapp/src/modules/wasm/worker/ids.ts
R061	src/ifctester/webapp/src/modules/wasm/worker/worker.js	src/ifctester/webapp/src/modules/wasm/worker/worker.ts
M	src/ifctester/webapp/src/pages/Home/ApplicabilityPanel.svelte
M	src/ifctester/webapp/src/pages/Home/FacetEditor.svelte
M	src/ifctester/webapp/src/pages/Home/IdsMetadataEditor.svelte
M	src/ifctester/webapp/src/pages/Home/IdsViewer.svelte
M	src/ifctester/webapp/src/pages/Home/RequirementsPanel.svelte
M	src/ifctester/webapp/src/pages/Home/RestrictionEditor.svelte
M	src/ifctester/webapp/src/pages/Home/SpecificationEditor.svelte
M	src/ifctester/webapp/src/pages/Home/index.svelte
R100	src/ifctester/webapp/src/pages/index.js	src/ifctester/webapp/src/pages/index.ts
R100	src/ifctester/webapp/src/routes.js	src/ifctester/webapp/src/routes.ts
A	src/ifctester/webapp/src/types/ids.ts
A	src/ifctester/webapp/src/types/report.ts
A	src/ifctester/webapp/src/types/wasm.ts
A	src/ifctester/webapp/tsconfig.json
M	src/ifctester/webapp/vite.config.js
A	src/ifcviewer-minimal/CMakeLists.txt
A	src/ifcviewer-minimal/main.cpp
A	src/ifcviewer-web/CMakeLists.txt
A	src/ifcviewer-web/WebFederation.cpp
A	src/ifcviewer-web/WebFederation.h
A	src/ifcviewer-web/WebViewportHost.cpp
A	src/ifcviewer-web/WebViewportHost.h
A	src/ifcviewer-web/georef-a.ifc
A	src/ifcviewer-web/georef-a.ifcview
A	src/ifcviewer-web/georef-b.ifc
A	src/ifcviewer-web/georef-b.ifcview
A	src/ifcviewer-web/main_web.cpp
A	src/ifcviewer-web/make_sample.py
A	src/ifcviewer-web/sample.ifc
A	src/ifcviewer-web/sample.ifcview
A	src/ifcviewer-web/tests/.gitignore
A	src/ifcviewer-web/tests/axis.spec.mjs
A	src/ifcviewer-web/tests/background.spec.mjs
A	src/ifcviewer-web/tests/bindgroup-heap.spec.mjs
A	src/ifcviewer-web/tests/federation.spec.mjs
A	src/ifcviewer-web/tests/memory.spec.mjs
A	src/ifcviewer-web/tests/model-order.spec.mjs
A	src/ifcviewer-web/tests/opfs-cache.spec.mjs
A	src/ifcviewer-web/tests/outline.spec.mjs
A	src/ifcviewer-web/tests/package.json
A	src/ifcviewer-web/tests/playwright.config.mjs
A	src/ifcviewer-web/tests/scripting.spec.mjs
A	src/ifcviewer-web/tests/serve.mjs
A	src/ifcviewer-web/tests/smoke.spec.mjs
A	src/ifcviewer-web/tests/xray-marquee.spec.mjs
A	src/ifcviewer-web/web/IfcViewerWeb.html
A	src/ifcviewer-web/web/embedded.html
A	src/ifcviewer-web/web/ifcviewer.js
A	src/ifcviewer-web/web/index.html
A	src/ifcviewer-web/web/scripting.html
A	src/ifcviewer/AppSettings.cpp
A	src/ifcviewer/AppSettings.h
A	src/ifcviewer/AreaMeasurement.cpp
A	src/ifcviewer/AreaMeasurement.h
A	src/ifcviewer/AxisIndicatorRenderer.cpp
A	src/ifcviewer/AxisIndicatorRenderer.h
A	src/ifcviewer/BufferPool.cpp
A	src/ifcviewer/BufferPool.h
A	src/ifcviewer/CMakeLists.txt
A	src/ifcviewer/CameraMath.h
A	src/ifcviewer/ChunkPlanner.cpp
A	src/ifcviewer/ChunkPlanner.h
A	src/ifcviewer/Federation.cpp
A	src/ifcviewer/Federation.h
A	src/ifcviewer/FederationMath.cpp
A	src/ifcviewer/FederationMath.h
A	src/ifcviewer/FrameStats.h
A	src/ifcviewer/GeometryStreamer.cpp
A	src/ifcviewer/GeometryStreamer.h
A	src/ifcviewer/GpuAllocScope.cpp
A	src/ifcviewer/GpuAllocScope.h
A	src/ifcviewer/GpuBudget.cpp
A	src/ifcviewer/GpuBudget.h
A	src/ifcviewer/GpuMemory.cpp
A	src/ifcviewer/GpuMemory.h
A	src/ifcviewer/InstanceCompose.cpp
A	src/ifcviewer/InstanceCompose.h
A	src/ifcviewer/InstancedGeometry.h
A	src/ifcviewer/LengthMeasurement.cpp
A	src/ifcviewer/LengthMeasurement.h
A	src/ifcviewer/LodBuilder.cpp
A	src/ifcviewer/LodBuilder.h
A	src/ifcviewer/Log.h
A	src/ifcviewer/LogQt.h
A	src/ifcviewer/MetalSurface_mac.h
A	src/ifcviewer/MetalSurface_mac.mm
A	src/ifcviewer/ModelGpuData.h
A	src/ifcviewer/OverlayFrame.h
A	src/ifcviewer/OverlayRenderer.cpp
A	src/ifcviewer/OverlayRenderer.h
A	src/ifcviewer/SceneLoader.cpp
A	src/ifcviewer/SceneLoader.h
A	src/ifcviewer/SectionGizmoRenderer.cpp
A	src/ifcviewer/SectionGizmoRenderer.h
A	src/ifcviewer/SectionPlane.h
A	src/ifcviewer/SelectionState.h
A	src/ifcviewer/SidecarBuilder.cpp
A	src/ifcviewer/SidecarBuilder.h
A	src/ifcviewer/SidecarCache.cpp
A	src/ifcviewer/SidecarCache.h
A	src/ifcviewer/SidecarCompress.cpp
A	src/ifcviewer/SidecarCompress.h
A	src/ifcviewer/SidecarLayout.cpp
A	src/ifcviewer/SidecarLayout.h
A	src/ifcviewer/Stopwatch.h
A	src/ifcviewer/StreamingLoader.cpp
A	src/ifcviewer/StreamingLoader.h
A	src/ifcviewer/StreamingThread.cpp
A	src/ifcviewer/StreamingThread.h
A	src/ifcviewer/VertexQuantization.h
A	src/ifcviewer/ViewportCore.cpp
A	src/ifcviewer/ViewportCore.h
A	src/ifcviewer/ViewportHost.h
A	src/ifcviewer/ViewportWindow.cpp
A	src/ifcviewer/ViewportWindow.h
A	src/ifcviewer/VisibilityState.h
A	src/ifcviewer/WgpuDynamicOffsets.cpp
A	src/ifcviewer/WgpuDynamicOffsets.h
A	src/ifcviewer/tests/CMakeLists.txt
A	src/ifcviewer/tests/test_buffer_pool.cpp
A	src/ifcviewer/tests/test_chunk_planner.cpp
A	src/ifcviewer/tests/test_federation.cpp
A	src/ifcviewer/tests/test_gpu_budget.cpp
A	src/ifcviewer/tests/test_instance_compose.cpp
A	src/ifcviewer/tests/test_instanced_geometry.cpp
A	src/ifcviewer/tests/test_lod_builder.cpp
A	src/ifcviewer/tests/test_selection.cpp
A	src/ifcviewer/tests/test_sidecar_cache.cpp
A	src/ifcviewer/tests/test_sidecar_compress.cpp
A	src/ifcviewer/tests/test_sidecar_layout.cpp
A	src/ifcviewer/tests/test_streaming_loader.cpp
A	src/ifcviewer/tests/test_viewport_camera.cpp
A	src/ifcviewer/tests/test_visibility.cpp
M	src/ifcwrap/CMakeLists.txt
M	src/ifcwrap/IfcGeomWrapper.i
M	src/ifcwrap/IfcParseWrapper.i
M	src/ifcwrap/IfcPython.i
M	src/ifcwrap/utils/type_conversion.i
M	src/ifcwrap/utils/typemaps_in.i
M	src/ifcwrap/utils/typemaps_out.i
M	src/opencdeserver/api/app/api/bcf.py
M	src/opencdeserver/api/app/api/documents.py
M	src/opencdeserver/api/app/api/foundation.py
M	src/opencdeserver/api/app/api/logging.py
M	src/opencdeserver/api/app/api/user.py
M	src/opencdeserver/api/app/database/neo4j.py
M	src/opencdeserver/api/app/ifcgraph/ifcgraph.py
M	src/opencdeserver/api/app/main.py
M	src/opencdeserver/api/app/models/bcf_common.py
M	src/opencdeserver/api/app/models/bcf_request.py
M	src/opencdeserver/api/app/models/documents_common.py
M	src/opencdeserver/api/app/models/documents_not_used.py
M	src/opencdeserver/api/app/models/documents_other.py
M	src/opencdeserver/api/app/models/documents_request.py
M	src/opencdeserver/api/app/models/documents_response.py
M	src/opencdeserver/api/app/models/foundation_other.py
M	src/opencdeserver/api/app/models/other.py
M	src/opencdeserver/api/app/models/request.py
M	src/opencdeserver/api/app/repository/bcf.py
M	src/opencdeserver/api/app/repository/documents.py
M	src/opencdeserver/api/app/repository/foundation.py
M	src/opencdeserver/api/app/requirements.txt
M	src/opencdeserver/api/app/security/secure.py
A	src/plugin/CMakeLists.txt
A	src/plugin/plugin.cpp
A	src/plugin/plugin.h
R080	src/ifcparse/IfcSIPrefix.h	src/plugin/plugin_api.h
M	src/pyodide/demo-app/context.py
M	src/pyodide/demo-app/index.html
M	src/pyodide/demo-app/tests/missing_files.py
M	src/pyodide/demo-app/wheels
D	src/qtviewer/CITATION.cff
D	src/qtviewer/CMakeLists.txt
D	src/qtviewer/IfcViewerWidget.cpp
D	src/qtviewer/IfcViewerWidget.h
D	src/qtviewer/MainWindow.cpp
D	src/qtviewer/MainWindow.h
D	src/qtviewer/MessageLogger.h
D	src/qtviewer/ParseIfcFile.cpp
D	src/qtviewer/ParseIfcFile.h
D	src/qtviewer/main.cpp
D	src/qtviewer/resources/ifcopenshell_logo.ico
D	src/qtviewer/resources/ifcopenshell_logo.png
D	src/qtviewer/resources/ifcosLogo.icns
D	src/qtviewer/resources/ifcosLogo.iconset/Icon-100.png
D	src/qtviewer/resources/ifcosLogo.iconset/Icon-1024.png
D	src/qtviewer/resources/ifcosLogo.iconset/Icon-114.png
D	src/qtviewer/resources/ifcosLogo.iconset/Icon-120.png
D	src/qtviewer/resources/ifcosLogo.iconset/Icon-128.png
D	src/qtviewer/resources/ifcosLogo.iconset/Icon-144.png
D	src/qtviewer/resources/ifcosLogo.iconset/Icon-152.png
D	src/qtviewer/resources/ifcosLogo.iconset/Icon-16.png
D	src/qtviewer/resources/ifcosLogo.iconset/Icon-167.png
D	src/qtviewer/resources/ifcosLogo.iconset/Icon-172.png
D	src/qtviewer/resources/ifcosLogo.iconset/Icon-180.png
D	src/qtviewer/resources/ifcosLogo.iconset/Icon-196.png
D	src/qtviewer/resources/ifcosLogo.iconset/Icon-20.png
D	src/qtviewer/resources/ifcosLogo.iconset/Icon-256.png
D	src/qtviewer/resources/ifcosLogo.iconset/Icon-29.png
D	src/qtviewer/resources/ifcosLogo.iconset/Icon-32.png
D	src/qtviewer/resources/ifcosLogo.iconset/Icon-40.png
D	src/qtviewer/resources/ifcosLogo.iconset/Icon-48.png
D	src/qtviewer/resources/ifcosLogo.iconset/Icon-50.png
D	src/qtviewer/resources/ifcosLogo.iconset/Icon-512.png
D	src/qtviewer/resources/ifcosLogo.iconset/Icon-55.png
D	src/qtviewer/resources/ifcosLogo.iconset/Icon-57.png
D	src/qtviewer/resources/ifcosLogo.iconset/Icon-58.png
D	src/qtviewer/resources/ifcosLogo.iconset/Icon-60.png
D	src/qtviewer/resources/ifcosLogo.iconset/Icon-64.png
D	src/qtviewer/resources/ifcosLogo.iconset/Icon-72.png
D	src/qtviewer/resources/ifcosLogo.iconset/Icon-76.png
D	src/qtviewer/resources/ifcosLogo.iconset/Icon-80.png
D	src/qtviewer/resources/ifcosLogo.iconset/Icon-87.png
D	src/qtviewer/resources/ifcosLogo.iconset/Icon-88.png
D	src/qtviewer/resources/qt_res.aps
D	src/qtviewer/resources/qt_res.rc
D	src/qtviewer/resources/qt_resources.qrc
D	src/qtviewer/resources/resource.h
M	src/serializers/CMakeLists.txt
D	src/serializers/ColladaSerializer.h
D	src/serializers/HdfSerializer.cpp
D	src/serializers/HdfSerializer.h
D	src/serializers/JsonSerializer.cpp
D	src/serializers/JsonSerializer.h
D	src/serializers/RocksDbSerializer.cpp
D	src/serializers/RocksDbSerializer.h
D	src/serializers/XmlSerializer.cpp
D	src/serializers/XmlSerializer.h
R074	src/serializers/ColladaSerializer.cpp	src/serializers/collada_serializer.cpp
A	src/serializers/collada_serializer.h
A	src/serializers/document_rdb_plugin.cpp
A	src/serializers/document_serializer_plugin.cpp
A	src/serializers/document_serializer_plugin.h
A	src/serializers/geometry_dae_plugin.cpp
A	src/serializers/geometry_glb_plugin.cpp
A	src/serializers/geometry_igs_plugin.cpp
A	src/serializers/geometry_obj_plugin.cpp
A	src/serializers/geometry_serializer_plugin.cpp
A	src/serializers/geometry_serializer_plugin.h
A	src/serializers/geometry_stp_plugin.cpp
A	src/serializers/geometry_svg_plugin.cpp
A	src/serializers/geometry_ttl_plugin.cpp
A	src/serializers/geometry_usd_plugin.cpp
R076	src/serializers/GltfSerializer.cpp	src/serializers/gltf_serializer.cpp
R070	src/serializers/GltfSerializer.h	src/serializers/gltf_serializer.h
R083	src/serializers/IgesSerializer.h	src/serializers/iges_serializer.h
A	src/serializers/json_serializer.h
R080	src/serializers/OpenCascadeBasedSerializer.cpp	src/serializers/open_cascade_based_serializer.cpp
R071	src/serializers/OpenCascadeBasedSerializer.h	src/serializers/open_cascade_based_serializer.h
A	src/serializers/rocks_db_serializer.cpp
A	src/serializers/rocks_db_serializer.h
M	src/serializers/schema_dependent/CMakeLists.txt
D	src/serializers/schema_dependent/JsonSerializer.cpp
D	src/serializers/schema_dependent/XmlSerializer.cpp
A	src/serializers/schema_dependent/json_plugin.cpp
A	src/serializers/schema_dependent/json_serializer.cpp
R071	src/serializers/schema_dependent/JsonSerializer.h	src/serializers/schema_dependent/json_serializer.h
A	src/serializers/schema_dependent/xml_plugin.cpp
A	src/serializers/schema_dependent/xml_serializer.cpp
R072	src/serializers/schema_dependent/XmlSerializer.h	src/serializers/schema_dependent/xml_serializer.h
M	src/serializers/serializers_api.h
R083	src/serializers/StepSerializer.h	src/serializers/step_serializer.h
R056	src/serializers/SvgSerializer.cpp	src/serializers/svg_serializer.cpp
R070	src/serializers/SvgSerializer.h	src/serializers/svg_serializer.h
R081	src/serializers/TtlWktSerializer.cpp	src/serializers/ttl_wkt_serializer.cpp
R075	src/serializers/TtlWktSerializer.h	src/serializers/ttl_wkt_serializer.h
R087	src/serializers/USDSerializer.cpp	src/serializers/usd_serializer.cpp
R075	src/serializers/USDSerializer.h	src/serializers/usd_serializer.h
M	src/serializers/util.cpp
M	src/serializers/util.h
R074	src/serializers/WavefrontObjSerializer.cpp	src/serializers/wavefront_obj_serializer.cpp
R075	src/serializers/WavefrontObjSerializer.h	src/serializers/wavefront_obj_serializer.h
A	src/serializers/xml_serializer.h
D	src/svgfill
A	src/svgfill/3rdparty/.gersemirc
A	src/svgfill/3rdparty/svgpp
A	src/svgfill/CMakeLists.txt
A	src/svgfill/README.md
A	src/svgfill/examples/rects.svg
A	src/svgfill/examples/rects_output.svg
A	src/svgfill/src/arrange_polygons.cpp
A	src/svgfill/src/graph_2d.h
A	src/svgfill/src/linework_processing_facade.cpp
A	src/svgfill/src/linework_processing_plugin.h
A	src/svgfill/src/main.cpp
A	src/svgfill/src/progress.h
A	src/svgfill/src/svgfill.cpp
A	src/svgfill/src/svgfill.h
A	src/svgfill/src/svgfill_plugin.cpp
A	src/wrappergen/CMakeLists.txt
A	src/wrappergen/__init__.py
A	src/wrappergen/clang_frontend.py
A	src/wrappergen/config.py
A	src/wrappergen/conventions.py
A	src/wrappergen/emit.py
A	src/wrappergen/examples/print_walls.py
A	src/wrappergen/generate.py
A	src/wrappergen/generated/_ifcopenshell_experimental.cpp
A	src/wrappergen/generated/ifcopenshell_experimental.py
A	src/wrappergen/generated/ifcopenshell_experimental_c_api.cpp
A	src/wrappergen/generated/ifcopenshell_experimental_c_api.h
A	src/wrappergen/model.py
M	test/bpy.py
M	test/input
M	test/run.py
M	test/tests.py
M	win/build-all-win.py
M	win/build-all.cmd
A	win/build-all.py
M	win/build-deps.cmd
A	win/build-deps.py
D	win/build-deps.sh
M	win/build-ifcopenshell.bat
A	win/build-ifcopenshell.py
M	win/build-type-cfg.cmd
A	win/common.py
M	win/install-ifcopenshell.bat
R082	win/build-ifcopenshell.sh	win/install-ifcopenshell.py
D	win/install-ifcopenshell.sh
A	win/installers.py
A	win/patches/.gersemirc
M	win/patches/V7_8_1.patch
A	win/patches/mpfr-arm64-changes.patch
A	win/patches/mpir-arm64-changes.patch
M	win/readme.md
M	win/run-cmake.bat
A	win/run-cmake.py
D	win/run-cmake.sh
D	win/set-python-to-path.bat
D	win/utils/7za.exe
D	win/utils/license.txt
A	win/utils/tools.ps1
M	win/vs-cfg.cmd
A	win/vs_cfg.py
