481676e51b65cb93e520b9f073123f22a06b212b	HEAD
24ccb80322f52655135dad86001feea59e40c516	refs/dolt/data
810d3eab1e49c448fd207de1e88316d80319e917	refs/github-services/pull/1/head
89804507a9144c40e227ea4d734944da32e7f477	refs/github-services/pull/1014/head
0f857283e85d8966e6fa5cade76baf15804ca0b5	refs/github-services/pull/102/head
be919a3d00e444c37c0a8b7ba40cdd6cf7e1675d	refs/github-services/pull/102/merge
3c451e8837d1d9c193673a25b01be50ea577e94f	refs/github-services/pull/1022/head
7e8f2e9ba56a58952b4e93c6b4e2fee4184ea12c	refs/github-services/pull/1033/head
99ce6dad5018202516c39b2ad84b862222a3a9ee	refs/github-services/pull/1045/head
464dd87427bd9af503897a17814c36fce1479a8f	refs/github-services/pull/1053/head
e7443209d38930bc82f1676b5273879f95d774b3	refs/github-services/pull/1066/head
5cd6ac7c17461e06ab110ea4beb46e75c624682e	refs/github-services/pull/1067/head
66ba34a53689cb5eee7291b9349641d52b8f3b07	refs/github-services/pull/1068/head
ad7f030344c405e10cfa7d5cf06d82c121eeb825	refs/github-services/pull/1069/head
dc9cb6b6c7999d8c7650df1e5a3075018c5fbf05	refs/github-services/pull/107/head
185f92b7fa2b9bca43d86894559b61f9ec5da09c	refs/github-services/pull/1070/head
6c5f3dc93e07221cfeb75a61e67740b2f74c58d8	refs/github-services/pull/1073/head
b72324f6398e637646979df376d35830da1043fb	refs/github-services/pull/1075/head
fa9988905d9e4b9305b58825e2ae407010fb44cc	refs/github-services/pull/1079/head
e7cc64fd07beae8054452b2ce8277158151e1a44	refs/github-services/pull/108/head
da299d471b0eaaf646e42cc35ca5bd8e1b5a1f21	refs/github-services/pull/1080/head
2fd99ce7caf3679f051d3947dca586ecdc2ab0c1	refs/github-services/pull/1081/head
3011ea52e1937c87bd6bc212b20c9fcba5e5502b	refs/github-services/pull/1083/head
7f654151e6d77663989d6786e00f1c420ed545dc	refs/github-services/pull/1085/head
54d1c0ee88d0907186a84d8c37b2e7ff919c1033	refs/github-services/pull/1088/head
bfc506170632be0bd1d8a838aaaaa7e676a498a3	refs/github-services/pull/1090/head
191b32bcb7ca6bb60c4ab53b8e8208413002dd7b	refs/github-services/pull/1092/head
4f3120e7a32343ea17bcbe89ed61a12b2062806e	refs/github-services/pull/1093/head
06611e330faec20f91b3c09d6d80020815c9c43b	refs/github-services/pull/1096/head
e8829216215c129ce8803cf77a576fd65ef7cc93	refs/github-services/pull/1099/head
e2d3b3734f196894deb1f1ca263c54d2dbc02cd7	refs/github-services/pull/11/head
79987126f93eaa18beff1079f0a2dda0338b2cb3	refs/github-services/pull/1104/head
b9e34a107bdbc25c9b5b36e31e2df731d2c4fc30	refs/github-services/pull/1106/head
864428a764fc9f1bfc7260056de6ea8bcc0e0401	refs/github-services/pull/1113/head
cd2c7fac9a87f0c44b77e050f3c4aa18e205770b	refs/github-services/pull/1115/head
eee08bdb1785223590a1957462e7faafe3d57d3c	refs/github-services/pull/1117/head
001eaaa6dadea563a1f2c94647dc32faa23a55c1	refs/github-services/pull/112/head
37b7d762dd11475874b3030c990fea8b3ba28c54	refs/github-services/pull/1120/head
18cb8df3e6a6a2362532093e9206e12fbc3289d6	refs/github-services/pull/1122/head
266f184eb0de78275b464d68bfa1fa2b19e1e89b	refs/github-services/pull/1123/head
58529f4e4d72fb1b1ae2c7749a5c442da035d9c5	refs/github-services/pull/1125/head
5b82d20c364f79d4dcb3bd37fcd9fc579526cac4	refs/github-services/pull/1127/head
8955a1894d50173cb148768fb50bed602daa827a	refs/github-services/pull/113/head
a23ac4f532038bcb3c2765b7e0ddc8fa107bbfee	refs/github-services/pull/1130/head
a9acf4f83179693dbaa8908981968d632836e8ca	refs/github-services/pull/1132/head
7fdf80bb92ba472da8204a81e118fff07c364f46	refs/github-services/pull/1134/head
954073fa1c87cd9bfbeb32aa2b01a1c1969e6db5	refs/github-services/pull/1135/head
b128a0e4d66879511d25612d77e65a0d090d1bcb	refs/github-services/pull/1136/head
bcb8c68b8e00de250fec5af5fc0b8754a78a9682	refs/github-services/pull/1137/head
6b301b9e6d6e6ff05bf1c1c9558217a4740f06c3	refs/github-services/pull/1138/head
1def5db7e4214da6ab6b9f9c36aa198850208efd	refs/github-services/pull/114/head
ed7affaa06f3a775264e31f61d5bd23975be0ee5	refs/github-services/pull/1144/head
218b7910035501e5e2e987ca4d2596209a6afe44	refs/github-services/pull/1146/head
ecf67fe939be3d940512aa0d3f4a73f9da5f200a	refs/github-services/pull/115/head
d99348f16348d4bfafa56fe76038ea1ffd370d1c	refs/github-services/pull/1155/head
ca1b5fceeed9146049d6bc65851d94838aba6bf0	refs/github-services/pull/1156/head
3bfd5fd40eb09483ed06d58272f53576fc0efeb5	refs/github-services/pull/116/head
16db25220487359a553b3b7050536226edd5baf0	refs/github-services/pull/116/merge
ae81f2901ed98e2b9543921721893c0b0eefbe4b	refs/github-services/pull/1161/head
2e6d26a6f0cbfba86a20f83f9af975585db17d92	refs/github-services/pull/1166/head
c4fcaf63d818b133366be93055e8e0976d065387	refs/github-services/pull/1169/head
eef2caa5c6bc9c709a382fe9169fb08d77740e91	refs/github-services/pull/1169/merge
6f097b52f117862837ec70f6f20921917d2e62a1	refs/github-services/pull/1170/head
cbc6e2c744b98032f997ab0cb02d952feaaae173	refs/github-services/pull/1171/head
c1b3379f5e40c2eb4ab9f7de4749bd18f6aa9ad0	refs/github-services/pull/1172/head
6373ce4f06fe5fe186f14d2d87ea09f9df32c028	refs/github-services/pull/1175/head
d4ed20f1d037b8087a02aec52f6f21d0f65560e7	refs/github-services/pull/1181/head
8cc546a9a2086d411fa118d19a3fb9e6a8e2a150	refs/github-services/pull/1184/head
754620345551bf76e468e828cb7c62a4059b44fa	refs/github-services/pull/1187/head
b77934821d943bc4305fb4552fb6703d99f425a9	refs/github-services/pull/119/head
0483f05979a0a6e27d154b318c9736bd1523bf2e	refs/github-services/pull/1190/head
3e2c57a74bb9b6581c2a4fd5758769ee79fc9a05	refs/github-services/pull/1191/head
b48ac38be5d9a4a1db8e612c085bdd8efc31b4da	refs/github-services/pull/1192/head
93f04392ba876de39db969b6cd531a8532a92d8b	refs/github-services/pull/1193/head
cda803ab203d3fca113812c14065eb8017a7a9ac	refs/github-services/pull/1195/head
5b55b7bd97e9be6a4a53fe56dd5bf6aae85c4ebc	refs/github-services/pull/1196/head
d02ba71c5eddfd7cff698342d16e5c40e3d198e4	refs/github-services/pull/120/head
8f09b96b84039e2d8d9865fd4605df71984857ee	refs/github-services/pull/1201/head
7385e71f8b2c097ccce9cc19294df70f1f3f7538	refs/github-services/pull/1201/merge
67c479b22dd1c303c69b4ef293fba34db6e3cac5	refs/github-services/pull/1203/head
3e78d7fcc8a784dd6fbafda28fd6a5c1ceb43e2d	refs/github-services/pull/1204/head
e6c8128b8f15eb320100fbe474dab05fa219c224	refs/github-services/pull/1205/head
236375a391a2abb81d14ea64d8ee2f23b213e157	refs/github-services/pull/1211/head
f235f5765b89976d32aaad006352f8ece20d3565	refs/github-services/pull/1212/head
f277733ff546f897cd0d2b10532d83c9db87b99c	refs/github-services/pull/1219/head
d8fcc1496ae8f9c4ed19ef00a24464cef5029240	refs/github-services/pull/1220/head
f4a2ee8b3403d9b39866cff63bb08a3d680e67d5	refs/github-services/pull/1221/head
dd99415e1fe19e492ec9c774fa069d333818f8e7	refs/github-services/pull/1225/head
5dd1b401d6c053db871f15cd52b63a336ca80c32	refs/github-services/pull/1229/head
e410a7777441b6ec8af229148aefb0cd6d34b0b3	refs/github-services/pull/124/head
26d5537858002ff4fab5ba13f791179a88b19e22	refs/github-services/pull/1243/head
972c82addce83cf8b20f833b706c0a244031b0cd	refs/github-services/pull/1248/head
c7587528e40848b69c4b687aefccb63e754f2bdf	refs/github-services/pull/1249/head
9c656edec60548889b600c9643ac9df22f67a552	refs/github-services/pull/1251/head
ef75e4d349f2877388de994410ad3cdd74c5aa51	refs/github-services/pull/1252/head
7a548243ff64b647e372f317c7ca408dcee77447	refs/github-services/pull/1253/head
d71f5572a0a14bdf5d61e1970c624c99bcb25282	refs/github-services/pull/1254/head
421023e9bca4a9521a682a1375d78f0b7a97489b	refs/github-services/pull/1255/head
16ab1c9198abd47bab8fd72868d34113d95f95df	refs/github-services/pull/1256/head
964f33a203e943fcdc56a39d9bbf9f2cb3ec09a7	refs/github-services/pull/1259/head
843917a43168d05c029e615917a3461120cf99be	refs/github-services/pull/1262/head
19ae366ecd476019840601fb5baff5264377b405	refs/github-services/pull/1263/head
0f01626cd097cfec690fba4e2f843f505c510e51	refs/github-services/pull/1264/head
cee6208d24fe211a38d1104769f6f9f07f5e45d8	refs/github-services/pull/1265/head
a48e6ac1cd1b35782735920f3b2d7859518deb2b	refs/github-services/pull/1268/head
dc41ad5ab1d19af81b47c169e32e19c578aac1f3	refs/github-services/pull/1270/head
eb2fe339238903bc0fddababa5d2c93fb416420a	refs/github-services/pull/1271/head
dc3c0a19ac45d5b4faaa64f442f1296dc501a449	refs/github-services/pull/1273/head
7a6407a5f4e32d68b10042a7169f4324acbbdafe	refs/github-services/pull/1274/head
e2095f9ad15c0aae42b7354d5ac1aa206ea34f47	refs/github-services/pull/1278/head
870434ba5c2a690b3f7e97833d105181ba1f5e7c	refs/github-services/pull/1285/head
63584c44deb45bbbe28b56b5a99a57102ec9385d	refs/github-services/pull/1296/head
6aeddcabc0997be9587a76eb44e81b058198bded	refs/github-services/pull/1297/head
473a15a3ebc4f1f18b8d4878937f2512fa19c397	refs/github-services/pull/1299/head
a4ad90e99a95bc388a8dce08b62db300608f481d	refs/github-services/pull/130/head
33ec80e54d96d36de750d27b304c71f9a6a4ce63	refs/github-services/pull/1302/head
836a830989e75f49622f55bc6d19f45d6b8fe0a3	refs/github-services/pull/1307/head
b841f1a6b872fa3c53a1bd1cd68789b8d4365787	refs/github-services/pull/1309/head
72d8b5377cabd510c2f3db5ce99cbf8fe2adac1b	refs/github-services/pull/131/head
bdb0fead9a7c709cd610d949b70b81c43a863e11	refs/github-services/pull/1317/head
bf16b9cd66646eca99ae4143292ffc61135e3900	refs/github-services/pull/1319/head
a1f740bd81413354b5429adef378a37dd85aa9db	refs/github-services/pull/1334/head
e5e243e02a246d8bfc57ec6d4e2e3ff7cc15be01	refs/github-services/pull/1335/head
3dde06656667428fd0c37b1d302bb54a12997cdd	refs/github-services/pull/1342/head
33ec80e54d96d36de750d27b304c71f9a6a4ce63	refs/github-services/pull/1351/head
738c053366b8b7e3154d0172f3ba25e0a7eb7c76	refs/github-services/pull/1354/head
438f76e2e62af3e3916fb7e7cd65b1b776c5740f	refs/github-services/pull/1359/head
87296dbd1171451cbf7ec4fdadc614496498151b	refs/github-services/pull/1362/head
530f36ef4e58f0a232aa9a54464f01b98aeecd6c	refs/github-services/pull/1364/head
f58333fc00fa2f0f668d0d4d5705e8e989362c9c	refs/github-services/pull/1380/head
8b7cb568819482ad02a32041d4eb9317ca613b94	refs/github-services/pull/1381/head
25c81b071e3ac510be3eb6f40c5c3f1c6cae0814	refs/github-services/pull/1384/head
91b1bb15321f4fed92438e36f1ae05502515fe8e	refs/github-services/pull/1385/head
a44b85513c5c6d903b712e717eb484724b35df72	refs/github-services/pull/1387/head
ef849c6366815a80a1e8a71b4ba8228c0f13b14d	refs/github-services/pull/139/head
a0e9c6b93c671807b60de3e9f4a399b375e02e9d	refs/github-services/pull/1390/head
24acc7ab754ed5b146c3a70d6eee575777ce876b	refs/github-services/pull/1392/head
8a07c7a41dcf0ed16766e3ebdec5ade2d51b42d3	refs/github-services/pull/1397/head
48c2deb5e9e7388cd7cd08c49b142e65b565cf36	refs/github-services/pull/1398/head
fe699e0a81140d33b5c3a45a219e4fbd9892900b	refs/github-services/pull/14/head
ebab56cf6f658d83f1c1c1291aac4709acddc855	refs/github-services/pull/1400/head
a588fd7fe70613af67f628998877093e88cbf4e3	refs/github-services/pull/1414/head
731d3a35fde91ee1d7c5821419f5817be4385b57	refs/github-services/pull/1417/head
29cfd88b3cbbab890e6b21dd682d3f8828855087	refs/github-services/pull/1418/head
569ff43d5635b15ab265ca7c2b2d8c71cb4999d8	refs/github-services/pull/1419/head
e104211877fff83c475451868bffb6e269c106be	refs/github-services/pull/1420/head
20af879de6a271bf94cfdac2235f36e726a2a9ee	refs/github-services/pull/1425/head
bf9b86ca8cd2b455ead1de8d7496921b39ae2596	refs/github-services/pull/1426/head
76b183e86893d7542d1ef40fb738ff03d95d8c52	refs/github-services/pull/1431/head
946604fc98c25d6888d25da952ed14047b476faa	refs/github-services/pull/1432/head
f79f5af0792c73e077875062dc31d8f6231c3174	refs/github-services/pull/1433/head
f30ebd0aef65cd8c6c4251cb4d2c01394d5950df	refs/github-services/pull/1438/head
e7e0fef1c394a32b6e3caf44933f8efdcb9958af	refs/github-services/pull/144/head
6e6e2e8c2bc91262f93c34ba34c097044a1552bc	refs/github-services/pull/1445/head
5419d72a6a9e052bf27f7f6643218f8b6fbaaf9f	refs/github-services/pull/1447/head
e061da191d70cf1973e4f39d048006b23eaa223d	refs/github-services/pull/1458/head
790903d7dce914ac431b22b9089eae4e53d774df	refs/github-services/pull/1463/head
cf76a201eea35bfc481388ce009d836f445a4aac	refs/github-services/pull/1464/head
ac2a779b0081e8fd580ebcc304ca0f1f091fb164	refs/github-services/pull/1466/head
767e113d8cbf0a4a0ab0be63fce807ac464e3863	refs/github-services/pull/1467/head
f4621ff273d4a0f839a38ed56f1f87dc72144a6c	refs/github-services/pull/1468/head
1a83a76232ea0ef18819410f5dcfbfe52dc52ae9	refs/github-services/pull/1469/head
c405d5c21d5439d5cc4fa3ede71e1349b21a684e	refs/github-services/pull/147/head
41a32b8c8e12b5828e4a0eed69b034d1797b5b0b	refs/github-services/pull/1470/head
5d8f9db2394ce0deedd5c492075451f77a842326	refs/github-services/pull/1471/head
8b8f6a2753e401c1164c2d4ab06161da02fe2b9f	refs/github-services/pull/1473/head
3e144ffbca163cd78dd7fb1b0e7058260e24f72a	refs/github-services/pull/1476/head
96b590930b0a6968ba31f90da8311045478f9ea2	refs/github-services/pull/1480/head
b5ce837ac07fcfa64a90501e4764820dc7971924	refs/github-services/pull/1482/head
334039240a883730c614dc9beba856e26d35abdd	refs/github-services/pull/1484/head
9921e0cb7468771289c690bfaa58db1d5e19dadd	refs/github-services/pull/1486/head
aa50aab4fe8a3bdadcd1092394bdc835884258f1	refs/github-services/pull/1488/head
35981bb947ecacc0d481d9ecb4066a54cda0442a	refs/github-services/pull/1489/head
aba7115981b476d6910db92048c864de7478268f	refs/github-services/pull/149/head
1c3a69a70100afc4cd3c105a8af48f603aae600b	refs/github-services/pull/1494/head
56468cfce6e2d1295ce52b5c4e828185d4d5ed03	refs/github-services/pull/1498/head
9e54c783650a187e6a4ea32edaeb145a5ae099bf	refs/github-services/pull/150/head
5bebdc1f75ef5eecfd52ca20e93d0cd55ef27743	refs/github-services/pull/150/merge
a30f28d491caffbef78f700b32dd783f26f9e15c	refs/github-services/pull/1500/head
3112cf689b8fd188d1f03c35416e212019f6b30d	refs/github-services/pull/1506/head
b67ac4fb367759c87f107a43f9ed0056f4e42d2e	refs/github-services/pull/1521/head
5d8f71128e760d87eff4001eaf2c105bedd2b36c	refs/github-services/pull/1530/head
5e8e9e0f58522c8d282b3255035a87fb6a9f8b50	refs/github-services/pull/1534/head
9f1d4c2a8f2039b11c60e4951505916673530054	refs/github-services/pull/1539/head
d1600b52686d62dec82a70f9380f5f05b5384d59	refs/github-services/pull/1545/head
e29e64da1d7c70f8a9f09c341a59e09b89804030	refs/github-services/pull/1548/head
70b5bbabe498fcc52b92e3fe32d025cef5579b2c	refs/github-services/pull/1550/head
6a8f7186340560d6006057ff89279302dd9083f4	refs/github-services/pull/1555/head
739bbcc744856e281680e17485c72e554ccd62d6	refs/github-services/pull/156/head
30c9ca7810d1788c2bdf0664a7b251aa0e4dab41	refs/github-services/pull/1566/head
1e5132b20e1523d8b7d538ee6e64b5a0d9f5b186	refs/github-services/pull/1571/head
27febaa7590bcb87a6358376548344e04a1a8b86	refs/github-services/pull/1580/head
827ba3d991cef8aa51692ea6387072d4598b02d1	refs/github-services/pull/1583/head
eea56173aebe3242ae95e10f4b902148060a22e0	refs/github-services/pull/1586/head
4c1461b61223ae011134633cd7cf20fe1ac0c93a	refs/github-services/pull/159/head
02bede644eb04dc575793044cfcd17ff2b673e79	refs/github-services/pull/1595/head
2a4ee96ae4900a30e748a8128d2f70d3ca37302f	refs/github-services/pull/1596/head
d3438335a2f843ae54705f3da7d40d2bb20c060e	refs/github-services/pull/16/head
a2089fe86d625eae40a85f68fcc00692ad77a53c	refs/github-services/pull/160/head
d8dc7606f5ce681c98ed30dc4912a74072b04495	refs/github-services/pull/1601/head
7d9360027e47747b976ae006a94f2551980bc928	refs/github-services/pull/1604/head
703a66e78dcefd62a574430504b53a67aba619ae	refs/github-services/pull/1606/head
f97caebc020b577f993fab5f8a402cdac70f0626	refs/github-services/pull/1607/head
3d1ea31098979e6b79d8f08694ee0503bb4aac3b	refs/github-services/pull/161/head
f876cfbcef040f19672bbc404ea2aa5131b3a616	refs/github-services/pull/1612/head
626f8296d9c7219aa2b09774bcb8e5f3e77a8a0f	refs/github-services/pull/1613/head
2f8618d652fce5a7be83ccfcbee998bcc639cea6	refs/github-services/pull/1614/head
183d606984bd4d80ac4ecb0f3ccc19d6f455924c	refs/github-services/pull/1615/head
17b17893d6242c98ec832e7cbbad912a7c01e62c	refs/github-services/pull/1617/head
4c12cfd5fa13e32cae477a426fef71a43c2bbfbe	refs/github-services/pull/1618/head
8322b79cb9472d61e28f0b0dcb753ed1bfe5cecf	refs/github-services/pull/1620/head
0ea21be9f7e063ae8239945d4a032c8a3319a655	refs/github-services/pull/1621/head
8940c02e1dce3bd45e03dbfbc617a8337d601ec1	refs/github-services/pull/1623/head
9baaba070a27fcdf2d44583fe0cb2eff36a0fe3b	refs/github-services/pull/1626/head
7672d169b72800f07c13f8d1888d6fb8c9d215a6	refs/github-services/pull/1627/head
5682cdd71f37bb143a59156dbc102e6e808ff97d	refs/github-services/pull/1628/head
660fe0474d6c945af2510690940bf95e247d676a	refs/github-services/pull/1630/head
e17936ddc1341a39bf844fc3caed38cec7b4018c	refs/github-services/pull/1633/head
751a854e2732f7e6611c867b7a14fce8c8f64491	refs/github-services/pull/1644/head
400bd8ec2a97d6fe245e0e0e25374a35fb5cccd8	refs/github-services/pull/1655/head
0dba5d2934b27a918383e22374d4f6ccebaa5518	refs/github-services/pull/166/head
91c8129659391c53d7f8bdc2c0e205fca42448ab	refs/github-services/pull/166/merge
2d779847b98ff95fb34750f3cd4c96a4f91aa574	refs/github-services/pull/1661/head
9ab80d98bfd29f2db5bc921b17aa609b4d99b2d5	refs/github-services/pull/1662/head
dd299d6552c604f7064478ff91678a5ed7fadd2f	refs/github-services/pull/1665/head
f2c339cdebb2b9424f17ab3b3d7af214efe05ab0	refs/github-services/pull/1666/head
856e6c6ae64c1be27e6d615f5c5b093c693eece0	refs/github-services/pull/1668/head
34bdf924a9ca7fbf3c28a2cee3b3f6060cee0c96	refs/github-services/pull/1669/head
1a087b973d6cf0d9ee14066c6ea8db1f9d71f2cf	refs/github-services/pull/167/head
4fb8d37c872c99f25411f0daf25d01f29dfe86d4	refs/github-services/pull/1670/head
a25aebb6cb587a36eba31df595899b879dd1b22b	refs/github-services/pull/1671/head
1c9cd058c8b75edbabd24f80d68ed9a2e3b81b35	refs/github-services/pull/1673/head
7ae76f11ac8ce9ce3d907d5f69ca60e400ff7312	refs/github-services/pull/1680/head
f176d0f7d257938894e0ffca4666b1c91c83bee7	refs/github-services/pull/1682/head
155e14c5b783e8908ed646b29cc89c054054c3ab	refs/github-services/pull/1683/head
5242bb57a747c0ddd42781682b2ae202dfdff624	refs/github-services/pull/1687/head
d4c1cbd0a1437f5fdbf352f0e53f2aa9c47d8204	refs/github-services/pull/1688/head
c854adc6b0e40fdfb1bd8584ce3ec0d7567d27e8	refs/github-services/pull/1694/head
d4d4fad9a4c06bba2658063d260e4e436ef77682	refs/github-services/pull/1696/head
ad002dff29be15c163e1ee7e2505150b344c7f3a	refs/github-services/pull/1697/head
f74c58d394eb063eed5e02fe66798993c1380cb2	refs/github-services/pull/1698/head
a5f4cad699df71b002fc02507860c24ccf201074	refs/github-services/pull/1699/head
a8dee80616debcd4a942ada5836bcbe2655f84a0	refs/github-services/pull/1700/head
a4cc889d59a48de26c3dad9256c1e4739427b946	refs/github-services/pull/1701/head
a17e9f6fe5a6a195b511720139a93cddc93edb1e	refs/github-services/pull/1703/head
a295ec88789e18c93e1deee2e574dc9a6c96905f	refs/github-services/pull/1704/head
435688a64585443a0a55fb121caa50a7de802099	refs/github-services/pull/1708/head
15669746724566f032344335b1bce5b7c6348663	refs/github-services/pull/1710/head
c31d5ad9422a76a024bf0b7e7589f12cbac64a92	refs/github-services/pull/1715/head
d677ba72382e8608817f54c92a3bf3b7b849c755	refs/github-services/pull/1722/head
40a3ccf28dcd08210850354641dfce7d059f2dd4	refs/github-services/pull/1729/head
ec31aceaa4a2d9a91f454c70085dae5c12f335b5	refs/github-services/pull/173/head
b490f858409ef8e45d0d28e76da0501790064d01	refs/github-services/pull/1741/head
d27e96fa47494e98226f0a0ccf82c65363c5d853	refs/github-services/pull/1742/head
41c9cbbf74f81c068e19336bcd551c903ccdf7ca	refs/github-services/pull/1743/head
d03ab159ccdb4f2ebc213dbf27d32bb6cf8d3911	refs/github-services/pull/1744/head
dabb3b1cdeb3c75001060b421e2d06ea7d5eb11f	refs/github-services/pull/1746/head
0835b02c96b7a7c07f5d79d6d7614ea29d30bb5f	refs/github-services/pull/1754/head
9e3759f2eb36c245c64cc097d75a029406744798	refs/github-services/pull/176/head
f660fbdebbd60f3e572a03d508565adc9af709b0	refs/github-services/pull/1765/head
6b7c6a46df2dddd31f76b0a8a73da9b8484b71ca	refs/github-services/pull/1769/head
baa0ef2228672204710722ff3fbc65760931b62f	refs/github-services/pull/177/head
19928cb7492edfa38dc8083feda994e63e8e41bd	refs/github-services/pull/1771/head
50e7da684c3825780c43281485211025310ff1e3	refs/github-services/pull/1772/head
636fee13f433b29f0c86cb223c97a465367de799	refs/github-services/pull/1774/head
4429e7a2cec89281f99f1e1267949d10992ecfc0	refs/github-services/pull/1775/head
f58333fc00fa2f0f668d0d4d5705e8e989362c9c	refs/github-services/pull/1777/head
eb7869e2f7119bbeed199e7f384f310efdfc3490	refs/github-services/pull/1781/head
083f92033b4189034b514b0a3c64de20ec1fc505	refs/github-services/pull/1784/head
99987037dce784b27023c92eb7b700d31d0be14d	refs/github-services/pull/179/head
4656c4802bb5c53d9224442bcfcd8642543fee33	refs/github-services/pull/1791/head
8798e99edbeeae7922e6458448fe78ade59e0090	refs/github-services/pull/1798/head
37085bb5e4f9f0c5e918169726e983bbb66828de	refs/github-services/pull/1799/head
28e72f6887ab1534b7181c59309067a3c270e27b	refs/github-services/pull/1800/head
106fbfb5230359811a7d00d6e2a939521b1a10d6	refs/github-services/pull/1804/head
6b658a29105f6c587b91d582d8aba1b60af0305d	refs/github-services/pull/1805/head
a9fee2c4f6f246fa5eb4236656d2884099f6f449	refs/github-services/pull/1808/head
5576394f481829db3b490fbfa8a50125817c7980	refs/github-services/pull/1809/head
aaec9619cf40c8e3705ccd17373241ab563ffbde	refs/github-services/pull/1813/head
66a3660ff351a1deed85ae8396443c342b215b46	refs/github-services/pull/1817/head
3cd816f00447a9eb98ccffefb88e345527279ee3	refs/github-services/pull/1818/head
dff0a98b43406e3903a27b27c57fc89dd13c67b3	refs/github-services/pull/1820/head
0af29b56b8de9b9f313c6b0c6fc01fb231d907fe	refs/github-services/pull/1823/head
5470132e76354cc5c9316e2ae17934c9eed2f238	refs/github-services/pull/1825/head
1bf071dd8d84dd944f0dc0b2845be6028320e649	refs/github-services/pull/1826/head
0de734542b63213f2a10df250db2859b407fd5e6	refs/github-services/pull/1829/head
c2ecce54d011edca80b423e3566f941f394b9f4a	refs/github-services/pull/1831/head
c639f9cec649075c8cdb8b9183be12bf2ea19ef1	refs/github-services/pull/1832/head
7265e632a54b802debe0e23008d983ea726dc200	refs/github-services/pull/1833/head
3d16e3eaf03c66d599f099939041b27e8eae6992	refs/github-services/pull/1834/head
dd33c82b7bd2677a1ecf921a102a8ab6078063bf	refs/github-services/pull/1837/head
f74d5ba871512614640dd06ad56aa8ca54224b7c	refs/github-services/pull/1840/head
b2a4870032d15a7a1ce51bf1a25c340792a293c8	refs/github-services/pull/1841/head
9a662eedf29232d52cfdd061fedbf4945927db61	refs/github-services/pull/1842/head
24a270f3c8cf4d8156d077b3691727899f9eeb88	refs/github-services/pull/1845/head
83b731e831938b8e8a936862f439cd9b0f99057e	refs/github-services/pull/1846/head
5f67b9e9f0fe76f7f73a416a46ac9281d5d9464d	refs/github-services/pull/1847/head
1fff252bf62b359be8eb5e26b4ddd58bf9a6f950	refs/github-services/pull/1849/head
0f30b71fa82d1234a68aceb7949fe4736dd61141	refs/github-services/pull/1851/head
3fd6348369ee640e37369d4c8262ea83935ffabc	refs/github-services/pull/1851/merge
bb144ef26146cc685513d95d2c6793a3c184c8df	refs/github-services/pull/1852/head
aa50ded9d6b5f944c3e2b5a2cf27376427aab884	refs/github-services/pull/1859/head
35988f819d7a8a8b3da3f4f21f75cf500241ed2e	refs/github-services/pull/1864/head
be70bcd766c1124b9439116d28026288239d0160	refs/github-services/pull/1865/head
4e904ade11226282e8f2e8277e2f127e31879efb	refs/github-services/pull/1869/head
d642e4c627f807e45ff8fb93540bb662940fe7a9	refs/github-services/pull/187/head
de8dc82af7c8fad78eb71aaa45cce6bb2f738698	refs/github-services/pull/1873/head
4aa38ccad1075c780d914b468f5824bcf5fa78ac	refs/github-services/pull/1877/head
075a81eade987a56d6295be262b3424960a9de4a	refs/github-services/pull/1878/head
14ca901f6b424f810abae11171f74ff8677a7af9	refs/github-services/pull/188/head
1eee54c2d291dfe16c0dec94ec885781c600ee88	refs/github-services/pull/1881/head
e4e2289528de325ec68d76e044e77c4fbcf44beb	refs/github-services/pull/1884/head
b5339282e3a8416b89200643d73a35d0d501ee32	refs/github-services/pull/1887/head
3bc638f8ff9003f41aba707d5b47e1d1f2f032b9	refs/github-services/pull/1891/head
7731255a65b324da7de8459d5eedc9e01990853d	refs/github-services/pull/1891/merge
4634fc000e5fc1912fec439818bd1bf68df6abd6	refs/github-services/pull/1896/head
63da4fa0da769be53e698b94ceb66e1d96584784	refs/github-services/pull/1898/head
52afc68974e79c500094064bfcc2e61cbf3ec99c	refs/github-services/pull/1899/head
973fa9ccb5ee4291c328e5f03cb56012d3379c37	refs/github-services/pull/19/head
90414b135838d3f05c7b509bec8856ed25ba6d8a	refs/github-services/pull/190/head
7b411bcb893e443e7cc19d6886d9cba8f1cbc9cc	refs/github-services/pull/1901/head
27a6cc81d43f98845a7809bf17e4e18ac0d498c6	refs/github-services/pull/1902/head
4ce5c0536334a22966a716f5b6b8ec882e9443f5	refs/github-services/pull/1903/head
dae55fa68e876faa23b320192c3e12aedc35437b	refs/github-services/pull/1905/head
a7b6c2dfaf89611ddccd18af12018ffe7528a82f	refs/github-services/pull/1907/head
f794b647e109687046e920018dbbb7fb2784136b	refs/github-services/pull/1911/head
375bd7a28ef7a96b34301392f2b740cfac8d80ad	refs/github-services/pull/1912/head
cd02050d1dd82da5dad9f6fc8fbab81f86a418b6	refs/github-services/pull/1924/head
91f9ea8eaebb38027cdc2c42c72e221e5713fc00	refs/github-services/pull/1927/head
d4e4c03ccec6cd99c81db29857c86a198e56533e	refs/github-services/pull/193/head
f47e0f03ca6a2274ee497dda945471487c31ad97	refs/github-services/pull/1930/head
ec9f3cd60c5666099eddf9c8cbeba74df0a79960	refs/github-services/pull/1936/head
6db6a6dda60116f895a2e762a9c1738ff5bc27e7	refs/github-services/pull/1938/head
fc7a15cd7c2fffde93bd88629be472570d0e0b4d	refs/github-services/pull/1942/head
7f655008bb15501a3ade3eca3a07bbd42df0486a	refs/github-services/pull/1945/head
224245879d642718b6be676795346d986f697b3b	refs/github-services/pull/1946/head
e998e720d17db1077690547a76ffb94819c348ef	refs/github-services/pull/1955/head
649675b7bb163c6ea144fc422005ba05452f933d	refs/github-services/pull/1963/head
2845974d35b71f86c8e535c56df53b51575b149e	refs/github-services/pull/1964/head
5f06c217d35eac72f5f623172ea5a8f5d654a7ef	refs/github-services/pull/1971/head
3f5d53d36bd903ddd3d84ac9c163d6bf9333f8d9	refs/github-services/pull/1972/head
9d6fcd83394d72c98c551de13feed95edce64790	refs/github-services/pull/1978/head
dafddcd30dc0a7571f711ee0207e16c078e7b096	refs/github-services/pull/1979/head
b200be1cf7f730e3dbc33730cf226edcb20b28f6	refs/github-services/pull/1980/head
814ed637fe4f82a8351196c374dcbf6f27728de2	refs/github-services/pull/1986/head
7d2fa9df676b314d9e14d7b27caa54479ced7bfe	refs/github-services/pull/1988/head
206374a548ad5ce860eaf0623d678169c31a0f94	refs/github-services/pull/1990/head
3d47bb0903618c85e0628e6e3881595b2d5a2bf3	refs/github-services/pull/1996/head
94d214808e12fea57b22b06b5c40267dc4d16549	refs/github-services/pull/2/head
271f9d56f56b0cda2fcd07e4ba0e4450a4be99ec	refs/github-services/pull/2000/head
e2ae7123b7385e83d37756f44cb8b7ed67ad484b	refs/github-services/pull/2003/head
b30e68c2065538ddee4b3fa44d1a6c9c239cda4d	refs/github-services/pull/2008/head
e133b290be242fb1b80eba3d7b9a72d9ebc09978	refs/github-services/pull/201/head
a39e5abeb30b388b2bc533e0e6237c9110b32e03	refs/github-services/pull/201/merge
e5446d66b7c99871428b57e3e6e5460097043904	refs/github-services/pull/2013/head
e5446d66b7c99871428b57e3e6e5460097043904	refs/github-services/pull/2015/head
296ac0c336447f3e62acf357fff30b996e493e70	refs/github-services/pull/2030/head
4cafbd129bbbb64f6e0903a8704f1bf151777999	refs/github-services/pull/2030/merge
ce9bd81b158d0438b5e82822678122ea2e166458	refs/github-services/pull/2031/head
3a6f44fdc23e737e305634e727a07b2b6567b5ca	refs/github-services/pull/2042/head
fc0dfe1baafb3238e39bbfe6352d63ff649daaf1	refs/github-services/pull/205/head
3c03f105217d8654c8027b46cc27fa9bb59dc176	refs/github-services/pull/206/head
f9e846097ac6a8f0d5ad8728b10c32357d36e5e5	refs/github-services/pull/2067/head
06b978b50b73dda596d0f48123b0d652ab39f026	refs/github-services/pull/2068/head
d5ea39a0df285a4cf98311af679bb9137e003992	refs/github-services/pull/207/head
d598bfd822e2c25dba51456bc09f7a23eb4f13b2	refs/github-services/pull/2074/head
900cbce6269047859ba77913a47778c8c060fb94	refs/github-services/pull/2085/head
cbebd3804fe61aa1da6d59b5b936b5523e3b79f6	refs/github-services/pull/2086/head
be547ce58e0eb7d497bee4f8150ecb97b82e3ffa	refs/github-services/pull/2093/head
2294d62cfd43c39dfd7e096e1031f1fb800f7dc2	refs/github-services/pull/2093/merge
4843a1ce0bf62587cd249cbc0bfbade0d1adba39	refs/github-services/pull/210/head
4628de61e4030368e46ff67f459b08b9724f9c36	refs/github-services/pull/2100/head
bee2acab49a1aa445c1fc28b2987cd48cbc34d30	refs/github-services/pull/2101/head
a4e30defb9f317a9543ae328f9a8a829d63906e5	refs/github-services/pull/2102/head
be589f7a82fadeda30ad2d8df5b11da55c549694	refs/github-services/pull/2109/head
834e05a01ccbb6618ebdc8769d0a6e2f134082de	refs/github-services/pull/211/head
8f36edb34e8b7d1e3a877b3799794d1137de70ba	refs/github-services/pull/2113/head
d2b3b5df4c7188e47e4b5891aae6973599db78c0	refs/github-services/pull/2118/head
64fe653868f82ec387fbd813b5958efe2639cca0	refs/github-services/pull/2119/head
6160d65d18edcd86b9bf5b664bf85ab756c79303	refs/github-services/pull/2120/head
42438486422931099718afae73357b48502e9214	refs/github-services/pull/2122/head
3b7c9ff5546654923ae301b0d7b7d1c4aec85dd2	refs/github-services/pull/2129/head
45cc0f471809ac3b42a1afcebfcc0257a9848c65	refs/github-services/pull/2132/head
e99b18ec4202eea097e0b9049c0b44ee906e66b9	refs/github-services/pull/2135/head
a1df868bd264f658f839a058ab15a79173baacc6	refs/github-services/pull/2142/head
a0134af41b67667df98736026fc6cda40be83d0f	refs/github-services/pull/2146/head
6002b83635e2ef29b44fc9c62fae2bfd570e214e	refs/github-services/pull/2148/head
8d5face16b302f4236066f1e0131e6272b231e7f	refs/github-services/pull/215/head
6f45b22e6acf0035663752ed05915ad33701ac99	refs/github-services/pull/2158/head
020aa0ecf3956bcf73586ec4a788150e5c413038	refs/github-services/pull/216/head
523fb05b77d83253f588ce158184c9c80b43ee3a	refs/github-services/pull/2160/head
2cfc00d9e713f64c1a3f6b936ac32664736563f5	refs/github-services/pull/2165/head
e949af03f0238eb6a62028de166a6d4e379aea51	refs/github-services/pull/217/head
af259651ec68e9561f260a648afae8834a770502	refs/github-services/pull/2170/head
bbeb864f682f4c983a90dad34a5cf9cb70ad29c4	refs/github-services/pull/2171/head
c40f90011ee631f62dd229a2b7be6b199faf8fa9	refs/github-services/pull/2172/head
4509ffa75e5193f9d9b17b42cab2004b88e4b0c6	refs/github-services/pull/2178/head
447c8b5d27eda6f40c1e7f0a17279572cf22db81	refs/github-services/pull/2190/head
29fa4c0d183a7d3b227e273345ebf18c41d5b84b	refs/github-services/pull/2193/head
b3e590ab7e807eb5e55d1fd26ce81ccf9848c6a5	refs/github-services/pull/2194/head
b84b337bddc7ea9a4a18a5134dc4886995aaca22	refs/github-services/pull/2197/head
dc65c57baf214974be3d2ac0b6871eb978958cc8	refs/github-services/pull/2200/head
d69023729c9b156fb02aa61c27537cfe033fc172	refs/github-services/pull/221/head
f5225f83624fdbd192a3ee0fd1556a6c543001eb	refs/github-services/pull/2215/head
31c01a5378968cf62a2a60c6d57322929d4955ee	refs/github-services/pull/2219/head
d23f020d99b4ab2d73e8a3d858407a7fe76c01f5	refs/github-services/pull/222/head
f2773bd8547cbe251390690d2a0bec107f60ba72	refs/github-services/pull/2221/head
73724843afaba5cf17c11e98d6cda481226d17db	refs/github-services/pull/2223/head
78d677f1d8ff74670b4e4b435121754eadf6f806	refs/github-services/pull/2227/head
bc4575144afaa1c12fcef0439016c743d25a29d0	refs/github-services/pull/2228/head
0131bd74ff2daaa673d79b98ee18ecbab517c2e1	refs/github-services/pull/2231/head
2ccfede8c6256dd1667454369557ccbde9abc86f	refs/github-services/pull/2234/head
bb17084fcab80c16bea7c8916eb1f556ee04a9da	refs/github-services/pull/2235/head
eef337222802503a69a13ad44ceaaecadef91048	refs/github-services/pull/2236/head
7422f32b9db13bb182a8bf171ea041ae333c2f76	refs/github-services/pull/2236/merge
5dc2e9b36b23256fd16c90f9c1bb9fb42e20b131	refs/github-services/pull/2241/head
5e2fc7f2e91228f6b23a8fde8d1a98b8cb9efd56	refs/github-services/pull/2243/head
70f595d7a65ebc2c3629d0d310ffaab44bdef8a2	refs/github-services/pull/2245/head
8987a8d087590d9922a5f58a00db8959f265e130	refs/github-services/pull/2249/head
fa131dd91615b59e54047e551bc9cdea9c2cefaa	refs/github-services/pull/2250/head
65dcb8ada474eb655e9611dac510887d048f2db1	refs/github-services/pull/2253/head
018be92063b370687fde127b93780f89d92d84d2	refs/github-services/pull/2258/head
46cef849031e035a103a4ce285c817b39101acbe	refs/github-services/pull/226/head
2718b3a19360e11cdbd0e7a0da6d07f81d66c0ed	refs/github-services/pull/2262/head
b4929bb0a4b37807d6d03c9b370ea87ee5f659ea	refs/github-services/pull/2266/head
60465ea4c39dfb4fce2c456ba61b54a8a6d68c7c	refs/github-services/pull/2266/merge
0ac22bd54cededd4dfa1c921980c36db525a7783	refs/github-services/pull/2270/head
5e61e06cf7f397d28533486389f062300a1992f9	refs/github-services/pull/2287/head
724d06a00c6bde7138e74936ea3120b4c4b9a557	refs/github-services/pull/2290/head
e3d9dd747d0f618acce1e2a6e8ac6703734b9147	refs/github-services/pull/2292/head
afa0db3c7e35985d0b0e0b4f91d41696bb6661b2	refs/github-services/pull/2294/head
609fd35410b42ddaeb2cbc24c2ee614c16e057cf	refs/github-services/pull/2298/head
7275fcadd13efdafd52829eec98379fe423cffec	refs/github-services/pull/2302/head
ec2af060a57cb8b7ea667ff3de9e49ee4d558b54	refs/github-services/pull/2306/head
233c87544766df8acfc2de2b932d349cbf4d1d37	refs/github-services/pull/2312/head
95a38555341923c3b542bed4c21bcb449681f711	refs/github-services/pull/2312/merge
aa46b1e85665b09ad873cdfdbad259a6c9045fe8	refs/github-services/pull/2314/head
53687e6b7ceac18d33c1015eaa5669bd888ad8df	refs/github-services/pull/2315/head
0d6b97d97be3c219e5d2ab0cee877a5b1ff445d6	refs/github-services/pull/2316/head
9c3d5616fd22f0cfe8062262cba428e1e57c6ab3	refs/github-services/pull/2323/head
9fbe4b3361a7538066ffcf79f2bc3d7a9bd23967	refs/github-services/pull/2327/head
33fd6820167112f0f729702c8c14c126112e4a28	refs/github-services/pull/2328/head
b2b30c5ea7f571e0154f90eab21d396cb8f2423d	refs/github-services/pull/2329/head
6d8be0354d5731ef5a9c61cf8f3b172aa47d2d65	refs/github-services/pull/2330/head
74f1f3a92add11870920f08951e01f46145cfa7c	refs/github-services/pull/2334/head
0917da93c10feac0eb9acd48bfcb8cf8384852a8	refs/github-services/pull/2335/head
ab5e67c65fdccd580438785637f331918fb32e6e	refs/github-services/pull/2336/head
b74c46b98a73060b1314eda7d4dc41a1cfd5d7e0	refs/github-services/pull/2337/head
437d4b4c8f158ca62a43e46a5d56ce58ed618492	refs/github-services/pull/234/head
7ffca8059cbe3f266ca38d923e56467cd823ffac	refs/github-services/pull/2355/head
a32c0e519d80e8da730faaac4cd5c352aef2e99e	refs/github-services/pull/2357/head
fec15f328c2f5da6c0b97432111f59d747855e64	refs/github-services/pull/2366/head
850e40ce35645f386ebc80e0e84c79995e8f26c5	refs/github-services/pull/2367/head
4baa119008c8d9504933b3b5b00085ab31870092	refs/github-services/pull/2369/head
f2f11f57cc1e3d926ba7ed52f2518eb9174bf47d	refs/github-services/pull/2376/head
0f0055b0f1d2a000260112c3bd437df2a7775a2d	refs/github-services/pull/2377/head
4b1d110ddcf1f82b66dc8d14c70815075f5ad2d6	refs/github-services/pull/2378/head
96a140d3756279e2c6423a11f71b59487745c203	refs/github-services/pull/2380/head
662e665fba8b713d812c3f16d9e2556b7033f75b	refs/github-services/pull/2389/head
c1bea8fcd8177196af83a8c3ccd92d25f10ade44	refs/github-services/pull/2393/head
4998e341b6c018ff468d5a318fff6e1af77fe3bc	refs/github-services/pull/2394/head
2c0ea75960d284d3b60ac9f301ba49ec8f51b8f9	refs/github-services/pull/2395/head
38273b912aea6ddc42709ed10bb2fc1b4e03b7b3	refs/github-services/pull/240/head
ea166bedef89ee0a20ac25dde25043bdb36c19ff	refs/github-services/pull/2402/head
b20795ee803582c773ecf18d9e3c864d39de7d8b	refs/github-services/pull/2405/head
86785ab181c3bd7e37ec06851882383e5ee6f42d	refs/github-services/pull/2406/head
2388acf3a4db586ec0f71e1e1daeba98b61d2408	refs/github-services/pull/2407/head
910ea7bf98eaeae68dbfedae1fa3dd44774e25d9	refs/github-services/pull/2410/head
24c739b8cf1047842a36c1c0da3eb84734ff1631	refs/github-services/pull/2412/head
a8f64455eae7a1653ce45a945c83cf3c14e50046	refs/github-services/pull/242/head
5b1c8d711bbc6951af9aa831f5c10317748e53fb	refs/github-services/pull/2431/head
7d6ae324f6e8b3b51475fb8321d7ebf58189a8d0	refs/github-services/pull/2440/head
649a81e4f8a497e40bfcd3da264553daf317a23f	refs/github-services/pull/2441/head
a8ab6e76cc114aae9633b51a918bf5352367c4e8	refs/github-services/pull/2444/head
35b510adbe0590e98b4ec3ef8e7a8895cf85680a	refs/github-services/pull/2445/head
108333e96a7bc4d5502b313572e8ccab027b840a	refs/github-services/pull/2446/head
0b8f76900dab6256c4c5f75af0d9538dc64425a6	refs/github-services/pull/2450/head
e2172c3f811147c7e083d94b19dc47306fb3c530	refs/github-services/pull/2451/head
e582088cad0679d1aa5b2ce49fd923bbaf15d35e	refs/github-services/pull/2452/head
d0b0dccd38b48136f368d13c82be9309dccc499f	refs/github-services/pull/2456/head
2a215bb262f8058fcc4374884a49544f2a07347f	refs/github-services/pull/246/head
b46afddabc7b357cfa47f0b1d5527179c49e3a90	refs/github-services/pull/2460/head
75645a837a7653869289aebf15840574cfc3cd68	refs/github-services/pull/2461/head
d05161f40b41263dd06ee68daeee3a4b19a50e03	refs/github-services/pull/2463/head
bbef5760389c093285d018bb383795391df952fa	refs/github-services/pull/2466/head
42c379a1c309ffb278638f9e1eb5ba624fa623d8	refs/github-services/pull/247/head
4d238b77469ac8dfdf935879f39ad21a25ff3672	refs/github-services/pull/2470/head
6167d0e831e51ad34cfece1fc7aab318f9e8ea18	refs/github-services/pull/2476/head
208edbfade06dc2b690c328f05f6626a35e0de77	refs/github-services/pull/2476/merge
256c4cbee232f9e6f5a498ecd0c79a2bc47dbdbc	refs/github-services/pull/2478/head
9ff9441c29267c0a76a789c9889a0a5f661859a7	refs/github-services/pull/2484/head
91a498323d41da5cc6df16fae53134d15d1f68e7	refs/github-services/pull/2487/head
556dc709704d6998a1660c2cdfd7a6fc9b180562	refs/github-services/pull/2492/head
e9093b3a8334e55e59ca8cdc54c53bdb05d97518	refs/github-services/pull/2493/head
d2c643988b082d0c0cb67a8109e5097b71a89b40	refs/github-services/pull/2495/head
47ef4bef817c6290f774de45f3bbd21e69641c79	refs/github-services/pull/2498/head
5270710fc235665591b22246d762ab19b2146a4e	refs/github-services/pull/25/head
b7edaf06faf4826ee7f7ad1ac79e02b58bcdee08	refs/github-services/pull/2501/head
c1f3188d01cdd47161249a522b11792833cb17f9	refs/github-services/pull/2503/head
d50aab169118a145939ac48a3888a71c63132db4	refs/github-services/pull/2504/head
fb8b7202ab9ebf7f3cdbd91b9ac8dc8515c0533b	refs/github-services/pull/251/head
71720cc78e88da642d56ece3af75a145d369fe61	refs/github-services/pull/2512/head
11493cee8eb3c594145b69450274c6822230109a	refs/github-services/pull/2513/head
152eddc33db44285b7dc3d2372b99276727486bc	refs/github-services/pull/2515/head
4f585fd1dc16e2e9fcb12a0b13fae9d74ef0095d	refs/github-services/pull/2522/head
1b5ff7c98e6dbba79d2c968dd7cbfb1503c8010a	refs/github-services/pull/2525/head
f6572b60d1e4a55918b0a99a8ee912ad5b949188	refs/github-services/pull/2530/head
bdc24e80f17d63a70104f471c707c9202a96f16b	refs/github-services/pull/2534/head
b65a2a957ee529c56d181986020bf722bc0f3b36	refs/github-services/pull/254/head
5458f4f9dd6a41a91a7124734ca32ee7971516fa	refs/github-services/pull/2544/head
a28c60f4ce31d329a87701bfe42c07ded7bb7fab	refs/github-services/pull/2549/head
417ae47d090d5980ebd83b59300cd9cf8d172095	refs/github-services/pull/255/head
d6e087d1883d5320bef45e6f0cd5b9b9df52d1ea	refs/github-services/pull/2552/head
a13e409164acb319f5e7b53ecb88d0bcdf6393f6	refs/github-services/pull/2555/head
2ab30f98bf6023f1f3bbef477a6a7971f4bdda81	refs/github-services/pull/2557/head
7a4f68b9c2b6f6a9165dce3b907176714f0282ac	refs/github-services/pull/2558/head
3c596f02d44c431edd341c0c64bc48d585536afc	refs/github-services/pull/256/head
d313011d815c017c4bce2493aecde0ef15e4fcd1	refs/github-services/pull/2562/head
d06f9b618ef4a2405142a8b9aa7e04d616d16d7f	refs/github-services/pull/2565/head
de90d3fb6c1918598fe54c0146769f5404d7a3ce	refs/github-services/pull/2567/head
fbb3f9e83da02d22f6ec0a5706ba917bbb645226	refs/github-services/pull/2576/head
14c58cf0a31af1cd676dd4e79cba3cf27ba92e10	refs/github-services/pull/258/head
d588fa4661f5d1e8d4de26d74ea294f3326b06cd	refs/github-services/pull/2586/head
3d91cab0174c27aa152397d72f991b87893b8d2a	refs/github-services/pull/2588/head
fe838bdfcaf28b1fa43b185cbd5a4689546c4c40	refs/github-services/pull/2590/head
b918e7be7d05eb7ad4d999b60346de2548ba5fb9	refs/github-services/pull/2592/head
f0d02163abd6909f951c8c0a192b314427ad446b	refs/github-services/pull/260/head
8c5883ffaa931aec66b8b9174b7fcdcc4d1fc8b6	refs/github-services/pull/2605/head
1e8ffec654152f3ce898bf92eaf77014a3706cdd	refs/github-services/pull/2606/head
eb23372fd0ebffe2d03b415cc4572327acb01731	refs/github-services/pull/2612/head
e9411480772720fa3c4ed41ba262d175988b6ec8	refs/github-services/pull/2617/head
55a5e710eab9cc98ea0fad096bb8a59151f372ed	refs/github-services/pull/2618/head
2540ba3467b511b30ffa7db4a8f0daa9e553c1cc	refs/github-services/pull/2619/head
9bfed498f4a3f71405f1d4f5c3a9ac516937ff79	refs/github-services/pull/2622/head
be1fd97cb608fd7df6f62a03bc5fa805b44e976c	refs/github-services/pull/2627/head
75c06ad5d91be22efddc2453a48b711eb7589729	refs/github-services/pull/2628/head
540edcc3321aefba7bad5fcddeaa89b9e3a9c220	refs/github-services/pull/263/head
ae42ea4f1f17b7c7c518d95df282fdba45d53a06	refs/github-services/pull/264/head
dfeac601e4e5a471be8a7caeb879f720bc577737	refs/github-services/pull/2642/head
530ba80ce939b4374d1464b818456e2418fb2da8	refs/github-services/pull/2646/head
40ca0c3347250367e59ff8838dfcc2fa1d857911	refs/github-services/pull/2659/head
286c04dc772c70f09c0af717addfdc8a3295f29b	refs/github-services/pull/2661/head
252696f72da0b8d1319abd53c6785984da991d41	refs/github-services/pull/2662/head
2888a4fa94ae535b9a11482d4fe96e5c7140cac6	refs/github-services/pull/2672/head
946d4a71adbd764df032038095753c1bc174504a	refs/github-services/pull/2680/head
eea9488b294add22c7758ccb1eec61ca548ec33e	refs/github-services/pull/2683/head
bcab08cb5d737fac5e618359fbab66181494cc6b	refs/github-services/pull/2694/head
6b14fe6f4057c8fdb99a4e4dcd096e52625f710e	refs/github-services/pull/2695/head
a4504940d1b9c802ea94d9a766a6969e3602227e	refs/github-services/pull/2696/head
8d274fa73ed352f5f7a8483c99b51288c0663872	refs/github-services/pull/2699/head
71b5176e7d24d076b41bb2a83b64c248c9c0b41f	refs/github-services/pull/2700/head
7a9713549a202fc3b6659604fa12d08113b617c5	refs/github-services/pull/271/head
33f71759e1aff0b22a4c0c9c71a1771bbaab4f28	refs/github-services/pull/2727/head
b36d2b238b6e08b7db77962fffe58a10e45e9455	refs/github-services/pull/2728/head
652d697517441fc5f0ead9d15a843ced3aa16a50	refs/github-services/pull/2729/head
5e00403132ed4fa4e824c74d33adc4e1072da747	refs/github-services/pull/273/head
9cadb4226670e35f5851bee8c9bba59689522c19	refs/github-services/pull/2738/head
786719bbd1dc6c8c3a9cd4743da22fbd6c3f8377	refs/github-services/pull/2739/head
1b85928810d8ced9b227f1bd49c671a823820239	refs/github-services/pull/2749/head
645733cc4979b12d5bf564a31faac7b0eed6eef7	refs/github-services/pull/2757/head
c70ec5f3dc5ea36534a398cd01da6fa0717415d3	refs/github-services/pull/276/head
a00c9df62e48763b145f80cbbadfef026b77518d	refs/github-services/pull/2761/head
c56e7453363766721b7f4afd011fb60f884fac90	refs/github-services/pull/277/head
7858a28bcc411a1704ad545575bc0fff714dbd5d	refs/github-services/pull/2773/head
c9d8e22322e10b2a67835d0a1d25ace298cec246	refs/github-services/pull/2786/head
0f8d9ab7899875669f71df40b7dc6c6f9eccbbb8	refs/github-services/pull/2788/head
38bc34411cab1c79fdec5f986bc74fbe3c5767cd	refs/github-services/pull/2809/head
e6f563d69e052fd25abee8905e90b4f5e5458e4c	refs/github-services/pull/2812/head
a076246914c53d1ec42626844f2f3d5ea032afd2	refs/github-services/pull/284/head
b3e95ddd4343bbd7cfad0a79be2e075ccda74b0e	refs/github-services/pull/2846/head
a281f170eae8a5589c7c527889bd567406474c41	refs/github-services/pull/285/head
9ed593e639235466ed06b60d07c8e1223ed1e892	refs/github-services/pull/2854/head
8596e7fe2be8e1c84c9d09ecab3a8656a80370d8	refs/github-services/pull/2859/head
7d86ad623d4ca75e407e6da0bfdb8aa2609d25b4	refs/github-services/pull/2860/head
81171cf218ebeb318233f87be3de4d68c1ca84f9	refs/github-services/pull/2861/head
25e6806323b3deecb5fabf6b936da8325584a797	refs/github-services/pull/2865/head
01f81c1747d3c964e88c76b90f42bf8318cbb023	refs/github-services/pull/2866/head
91f4687eace4da0ccc2fe67ebd0f2f2dba7b27f0	refs/github-services/pull/2869/head
6f7354d22bdd8876f3aa097fc2568e2aa9c6e29d	refs/github-services/pull/287/head
e228fa9273220091941596ec9ad4dc3bcf8cfa09	refs/github-services/pull/2872/head
30ded402a76876c1d2e0447ef2273f799df14500	refs/github-services/pull/2874/head
a02999e4b35635358d718ae4bd03b41e01cc7907	refs/github-services/pull/2876/head
1cb16ef938584ae39f4b22b7df931563cdc375bc	refs/github-services/pull/2880/head
83648759cf0aaea0d6fe8d6ed0820cbb1d65ea59	refs/github-services/pull/2888/head
f7ccc80e0fe2a9358503df305ee30edbb818a6ec	refs/github-services/pull/289/head
e5dca46cf2c17b9e74d8b571048e4459b7d5aa39	refs/github-services/pull/2895/head
f12e980bfe8fcd3455c1ba0ccaa9897d9a9b01e1	refs/github-services/pull/29/head
9050cebd01d0719bf0a59390eea5dc2b5d3381b5	refs/github-services/pull/290/head
2fb6940f93f19673bc4168a70bbb0df7cefaab27	refs/github-services/pull/2907/head
c63a881b09ccba1223da992ff7e94f4da698ac81	refs/github-services/pull/2923/head
200e9ca9ef36b8b44aa6a9dd89f0b0bad4736b88	refs/github-services/pull/293/head
400ee07d6f0191f7b0e6f64118a875dfddaed32e	refs/github-services/pull/294/head
9370428601a50083781dee7bce1808d9895eb8a3	refs/github-services/pull/2941/head
9782041269a3d4851d5933261337e4668cdb06db	refs/github-services/pull/2943/head
359088bdeadb7b1e5991d1ba5d37fd405245e677	refs/github-services/pull/2944/head
95d6c9862355ae699aa1937dc840153ed4a43974	refs/github-services/pull/2949/head
76ee934c7f77e8dd7aba58df050498e187bc08b9	refs/github-services/pull/2957/head
5579330fc85483dcdc0b66d481bf1892a3c51faf	refs/github-services/pull/2958/head
2cbbc360c0cc6acef39e47776aec23a65518098b	refs/github-services/pull/2962/head
3a972070fdb093a996033a401e82c7bc78e4b392	refs/github-services/pull/2973/head
fffe749cc5ff57cd7eaf0c1d7a74d0d89783fc2b	refs/github-services/pull/2994/head
79f7903bc7d04158ae35c1a04b7ebf852aaafe9e	refs/github-services/pull/2996/head
483ea00a6af94af28fbbeb1ed901f8394f69273d	refs/github-services/pull/3004/head
a8935142ac2ef436b0feda10eaf2a0cbba9f653c	refs/github-services/pull/3012/head
67ffd82cc1e0068c150029ed52affb79d3c8c776	refs/github-services/pull/302/head
03b05b6ece574cfcfc632182d6106da4e14f6ede	refs/github-services/pull/3020/head
bf217b0ccd67eed8500420273522bb212543999a	refs/github-services/pull/3027/head
648eb8fdd1ee2aeec126aa6a289d73a6fc32e7f2	refs/github-services/pull/3032/head
43c0e54a4c85b3da386d46ae413e3bba1007d5f8	refs/github-services/pull/3056/head
3bd2b6ca8ed5333d2981c040dfcd9202b400fd99	refs/github-services/pull/306/head
69b1d0d142942f079d9648bda5c76928704606c8	refs/github-services/pull/3061/head
c4b0f66acb25be1c5bfff9224ce71ea567fb33fe	refs/github-services/pull/3062/head
8f3a65eb3be7ae733e3ca9920a864d36d1e4a94a	refs/github-services/pull/307/head
09a7131a720161352670a7c8285509a0237878cc	refs/github-services/pull/3077/head
e814a315f9b33da6c229697511519ff1f8d4bf3a	refs/github-services/pull/3087/head
10bec3eee0f62d435599127326a6748a5538e613	refs/github-services/pull/31/head
70bd22dc60c74883abd9cf84940291dc9bf687eb	refs/github-services/pull/3105/head
5eba7af79176069148977ff640716c3779e1b6b2	refs/github-services/pull/311/head
1c08ddfdca9b0e49ac7e60460fbd99d2262d6992	refs/github-services/pull/311/merge
c05eee6a179d4005cb3d3dca0321836918cc8927	refs/github-services/pull/3117/head
26f302619d52945e1bebf3c73dfef9912fec1acf	refs/github-services/pull/312/head
2dd5907a33b194d7372945a510dec2a7e2758efb	refs/github-services/pull/3130/head
6b84d5639d307b0519d31dc98c6516df66752a92	refs/github-services/pull/314/head
2a214ade02e27e49f380e333d2d47920383b7cd1	refs/github-services/pull/3142/head
51beb9c7c5114b02f10b956b38aec9b59bd0e4b7	refs/github-services/pull/3148/head
32111f4116bfd59ca35a4103a3f5b6b951915f1c	refs/github-services/pull/315/head
c7f8885842309b85cf4e898939d535b537ca44e3	refs/github-services/pull/3150/head
03e55357b546243fd45d055267d6bbd7a270fd7b	refs/github-services/pull/316/head
482dd95805bc2b776fd359dd0d40d930c195c4b5	refs/github-services/pull/3162/head
622a405cc8461c116610715f6c1b9def12e05846	refs/github-services/pull/3166/head
a43b2a2ae8cd21215c11755336db245210aa34ae	refs/github-services/pull/3177/head
fe44314a9ce90a5b01cb8fb475807b62a8416617	refs/github-services/pull/3190/head
5a5da2e8c4e6451cb04611b030996062c40f0c90	refs/github-services/pull/3213/head
91176349f731b095794926674a83ae719d74d5f0	refs/github-services/pull/3214/head
0cd3cd9e0d4724d0bc80f2920c9a093d30c9b379	refs/github-services/pull/3215/head
d9679d69053d85c0e58a650c39c229b83b30a906	refs/github-services/pull/322/head
87ad106908f825c2a91c6eae930e8581977d4245	refs/github-services/pull/3222/head
968ce2cfdd9f78241410251e8e5224502792dfdc	refs/github-services/pull/323/head
218006fe6b3af965c25b04783a8c048a7a622767	refs/github-services/pull/3232/head
fa387705c9f4404fac3c519102403c9eef7f27f5	refs/github-services/pull/3237/head
8310dedf72773a4fb898c1991f9fc3b2a7bfaef9	refs/github-services/pull/3239/head
71d78949b875caf68237cc7173152a6bdc0e8f2f	refs/github-services/pull/3247/head
8e854c5b648fe7a1ff14b98a385aca9b95c74ae0	refs/github-services/pull/3248/head
a1aff62d42ac06b0b1ddc02d4998bfbadaa5aec3	refs/github-services/pull/3267/head
bafa4b1e6ebbd59ff37301ba790e668bf6eb0810	refs/github-services/pull/327/head
6cacde2ab859a27ba1a2774c51b7afe8b0590a99	refs/github-services/pull/3270/head
6b4b3859f51717a5dfd36ce702e84bb72ab69227	refs/github-services/pull/3278/head
18ad025c5dde0d064545a36f2d5d22d0bd79e208	refs/github-services/pull/3279/head
2921ecce1aee957dd442509e4bd5bc94bd46c34c	refs/github-services/pull/3286/head
4a0e8d2a1d518cf38bc8a67bbcfbe92284bdecf6	refs/github-services/pull/3287/head
663198b48cf0153284540efd8abc84d57b3afa66	refs/github-services/pull/3292/head
472862411fbc7fd1d6fc834f62ab204710cf02d3	refs/github-services/pull/3307/head
501202180cd8648d8c2e8755410e446b3c19d4e4	refs/github-services/pull/3315/head
4d4b7d84fd174fadd768ffd3965ec354910018ed	refs/github-services/pull/3321/head
b72705a7383e267b0961f28acbaaf4be9d0394bd	refs/github-services/pull/3328/head
1c438844ce5544f9c6811fa4390fcae1d0fcfceb	refs/github-services/pull/3329/head
d017dd15756da86dba83eeae9c43d9188ece6920	refs/github-services/pull/3359/head
87d96d0c6e1c1ab72e8a3b16d17cbabb6fc1108c	refs/github-services/pull/3363/head
e6dc1d1acd67cb0de1c089ffdd95c4d5995497f9	refs/github-services/pull/3364/head
93aa24c6d2fdc962ed3f0615b4752c5481ebb340	refs/github-services/pull/3369/head
700d8a3b9c482e1ff5d009a97f5c2245650c9bac	refs/github-services/pull/3372/head
b508bd2ddac8584633a1fe3b753814ff2dcdf562	refs/github-services/pull/3377/head
459f1b23754fb45bd5485b80867b7c5ec0743422	refs/github-services/pull/3378/head
6d9141dbf68481253de5b71a5e8e77a8ede007d5	refs/github-services/pull/3384/head
6a7cf6843ab6ef18aa636e8cec43b8b498bb24bd	refs/github-services/pull/3392/head
aff31cb95985b46e122a3f337bc53ffb03db322b	refs/github-services/pull/3397/head
9516d35d22b6496b6888fec1dc18678a8943115d	refs/github-services/pull/3398/head
0f88520e750d1fc0c385deebc669c774969b64ea	refs/github-services/pull/34/head
7dc5bfb26e5873d0f0681373317641befdc5f43e	refs/github-services/pull/3401/head
19d3f98b6f9a58c05edf4f59da2db65990f7deec	refs/github-services/pull/3405/head
35328541bc3b9944c18d8e825bd1e13149b3203c	refs/github-services/pull/3409/head
3fb4d6a2e593bd1ff61afe2aebc5f1b5bb0ef689	refs/github-services/pull/3413/head
9003302b507917e92f40e468c068f3c76fdd6455	refs/github-services/pull/3426/head
33169660eb1ea9d0fb387e19f38257972a004c76	refs/github-services/pull/3428/head
3b7e62806f73fe9f92b7255198d84c7a77958cc9	refs/github-services/pull/3433/head
3f57aed42c3758f356c75fd7206a98c6474a6f41	refs/github-services/pull/3457/head
9ce2d70e2d67854ced50488c8df25bfc6f915e7d	refs/github-services/pull/3461/head
a23a66edc268cc1e4f80938dd5959b15378b83cd	refs/github-services/pull/3467/head
f29e4acb040deb9f80a6cab9e4f6911bcb97d932	refs/github-services/pull/3468/head
e7afbd947c008173a023571159c0ae54a87c5a40	refs/github-services/pull/3475/head
27d9d109761ea78d29b14e55de3fa2da453afdf7	refs/github-services/pull/3489/head
0d37347ee53b5ae200268465db618b533388edad	refs/github-services/pull/3495/head
ee75545ecd77d33b844e85289b6a8e1b32f8d5ec	refs/github-services/pull/35/head
086a4994d750e2c71268b8402fe174217dc49600	refs/github-services/pull/3503/head
0f7d9f5208827b8c5564236e4e51dc10cb54021b	refs/github-services/pull/3504/head
9ff776ea68490201afa4e9006ddec20134d6d99c	refs/github-services/pull/3508/head
50643887d67e609419e3af7b585cec0e358f69fb	refs/github-services/pull/352/head
0d71444b9dddcedd9d1582248b941ad98b4de636	refs/github-services/pull/352/merge
71f524b1a1255b7415ccd79a4a6cd713b442371e	refs/github-services/pull/3520/head
3a53e44da8f9e21adabf9d4f237a48f2e0d4261d	refs/github-services/pull/3522/head
0bcb37a938067f18a0f3b36af69b9cea57d063e2	refs/github-services/pull/3523/head
f8403dc5a5e65e1edba355bf56ce07d3de8166a4	refs/github-services/pull/3524/head
4343c4f6e7927865ce6fef587e2c9db974e55f32	refs/github-services/pull/3528/head
bd5a986e4e0486e79af8e72cab39175a81bb09f7	refs/github-services/pull/3534/head
c237362074b10370187c84d3a6f4b212ea496aeb	refs/github-services/pull/3544/head
a03f73e9896e989df0eb9b208da2efc596d6657a	refs/github-services/pull/3548/head
4f1e21dfb024fa2aea33eee150e2e6816b6c5bdd	refs/github-services/pull/3549/head
21c7f08857e496595d1fd1e88f8ff92d5c794b01	refs/github-services/pull/3553/head
f787029ebee24aea31991881ce98949602d6a6ea	refs/github-services/pull/3570/head
81b94f05347c433aed15be8cbc49b1c49b2087bb	refs/github-services/pull/3571/head
1e429130344445de77e8bde93a4fccee7e3e4ba5	refs/github-services/pull/3572/head
e0ea61c01377286c7f3678fb7ae0230276fba0cd	refs/github-services/pull/3574/head
08d7a03dd4dbf7c8f5397f6f9f03114f05d7c360	refs/github-services/pull/3575/head
494156805a9bc6a21b78e69e218bb45af10fabf0	refs/github-services/pull/3598/head
1b6c3ec1fb1322aaad5e89df75ea1ec94f0312aa	refs/github-services/pull/3600/head
867d186c7ff9b72797d56c36dbda4f3c97c46a18	refs/github-services/pull/3601/head
d1d42bf2b20959843397683decac24c969f3d5b2	refs/github-services/pull/3615/head
5854ab376391b410fb5443a64d0dd826660217f2	refs/github-services/pull/3619/head
724fadb5aa4c5b85fe30efa483f71baa43bf156d	refs/github-services/pull/3634/head
d4df96b7bab52a19b8b9de89506ff7dcdb2cbe8c	refs/github-services/pull/3637/head
a92d6602f7b27dc7d04afe5ef262b2e25cfea986	refs/github-services/pull/3638/head
707191619b620eb41625c51dee71b210fa9c0816	refs/github-services/pull/3655/head
a162722c2ae2704285fa6a7744d1a0275dc42dd3	refs/github-services/pull/3658/head
bcae6e1c930cd570f2d636e71573fa7710fc4c55	refs/github-services/pull/3661/head
5d28e4638e7ed2f1137236ce2dac04ea0ed2cf80	refs/github-services/pull/3689/head
9fc085ebd1c7cb1952bfacb13e719d2bae815500	refs/github-services/pull/3699/head
a6ad2c951e9fda89226da0647752ae4d3fa1a9e6	refs/github-services/pull/3706/head
39473c11e3e6c6dacee38a92f4758a892d994a0d	refs/github-services/pull/3708/head
c8895c065933f5c02b786835aeeaaa2b568db0bb	refs/github-services/pull/371/head
e18c120f35e7af0df9fd2fae1bde97644f59cc86	refs/github-services/pull/3723/head
0e4e92f9627887db0048ef29531add2c391cca1c	refs/github-services/pull/3727/head
cc8f103465c6ca057fe83fda172459e2e3148c89	refs/github-services/pull/3732/head
ac846d534230ad8e050245ce7479d087cc9cf7f4	refs/github-services/pull/3739/head
71577557610f957cc781388318bb871db9f69ea8	refs/github-services/pull/375/head
72031a86fe2dd938d21c91943f9625a5daaba9da	refs/github-services/pull/3751/head
b494b7d4d960ee0e7fc65dedc49cabed193738d8	refs/github-services/pull/3761/head
f7cd544fb0eb958df87a4193f43ab0ae5f0c03d5	refs/github-services/pull/3774/head
8383ef1615de1b9eb499675d54eb8966703fe4ca	refs/github-services/pull/3777/head
cc67098695dbfdcfed2e20a65e36ed11f7e79239	refs/github-services/pull/3789/head
d45bef5e70c2396d560fd84cd076ed61b2f16dd1	refs/github-services/pull/3790/head
25bea73248c5b9dd54fbdfb2af46c5de5b7372e2	refs/github-services/pull/3805/head
cf06895f1280ef4826bcdf387919b48d9d81629c	refs/github-services/pull/3815/head
11c8d479097eb39306c52ee9f8e78ddb9ee856e2	refs/github-services/pull/3820/head
d4f543d2ad0bc5402d1e1cc62b94be53fdee1708	refs/github-services/pull/3823/head
00d8ffeba09ede67168c3be2f4ad4d53fe30cc2c	refs/github-services/pull/3825/head
b9c234457d51dc5ad981cdd7b10738acbe29cc13	refs/github-services/pull/3826/head
c3c6402a48502aa6b0dd0462c7bbaa599a067ac1	refs/github-services/pull/3827/head
1b9fefddb94457af9c422a9e327c989016fd4373	refs/github-services/pull/3830/head
3df95b8970d77c41a8fb6ff0a130141bc5fc5eb1	refs/github-services/pull/3835/head
df09acfa317da143448054d170298047dde8ac72	refs/github-services/pull/3838/head
ce82a0b619c4d8dbc08048151b24c4ffe355d1fb	refs/github-services/pull/3850/head
fd9a666240852e8e354eca831f7eccd10a89523d	refs/github-services/pull/3851/head
3f3ce9798ee5751bc6987be7e8e2a00d0d0a128e	refs/github-services/pull/3851/merge
b0d177f74f993ce234a985f122486de0012f4375	refs/github-services/pull/3853/head
1a5f5d1480cb2c90553f76a23e425d2db1238b73	refs/github-services/pull/386/head
bea1e61739f2d043cb70256aeb6eabe25f14e5db	refs/github-services/pull/3860/head
6b57a57fb8143802f5e5d11bbf27024ebdc1537c	refs/github-services/pull/3864/head
da9e6c820d8421d97fac967d42f087091c166bcf	refs/github-services/pull/3864/merge
7e6b7584508a6aae48213c03adf9dfbbbf9c5892	refs/github-services/pull/387/head
ded7129f810650322b71a41ea45e260bc1c5fc25	refs/github-services/pull/3874/head
5722b76312ed7459b83269e677d0bafae9e9f7bd	refs/github-services/pull/3878/head
1b67c88cfb21b1c88cc941f567f6273df4aa2355	refs/github-services/pull/3885/head
a9dfc9a9fd1396175afcf640488962abac661415	refs/github-services/pull/3888/head
ccc79faf12ad42b9e2fb56253c9dbc1b3df98c1e	refs/github-services/pull/3899/head
851fadb4ec0b2651516afe9b26707e57347806e0	refs/github-services/pull/39/head
61bd98e7dbf8d5f05a9bffeebe26570f54e5f23d	refs/github-services/pull/3902/head
ac41a9e63a0a5ebc0010c55123a97d6d8a6ff9b6	refs/github-services/pull/3906/head
c8b99eed1119a5e21402cbe8670becead8bdec1a	refs/github-services/pull/3921/head
33dc49693a6079ac1ff8e92d8659ffe3b9e779b9	refs/github-services/pull/3923/head
ec2353a4f1ed273db20fdb6ec05818d056aaa313	refs/github-services/pull/3924/head
dacd190acde78077206397cceab740c2d9168514	refs/github-services/pull/3926/head
8ec8613dc89a8c9422751e615d7bfc744943a610	refs/github-services/pull/393/head
88badb8eccd7c10e9b8618dd4117d0d63d5429fe	refs/github-services/pull/3933/head
c8633ee350fbe4ed70345cad191b2b620ba137d6	refs/github-services/pull/3936/head
b0c24af6d9bf6667a437adc0795cfcdcf0f699fd	refs/github-services/pull/3943/head
b50f4a22402b6deb08473d066c7e59f2c021dc83	refs/github-services/pull/3945/head
248f969520666146a8d414527fcd8ce3c5a276ed	refs/github-services/pull/3946/head
b81fbf1993898725977ad0c6c916b626108c4799	refs/github-services/pull/3967/head
6dd5c37646f3b5b440cfd2565d296d16350e25fe	refs/github-services/pull/3968/head
d23e32c64afcdd90fee77fbe11dfeddc51e659c8	refs/github-services/pull/3969/head
f1ee4857691d12bb219c4546f8b6ff94d71a2f8c	refs/github-services/pull/3975/head
29f36ad0e47cf227f6bf19c79defa1ddeee594b0	refs/github-services/pull/3975/merge
6a4dfd30e623adbc72785a24932bd6f306d582d5	refs/github-services/pull/3979/head
8409859e8df6e6c4883e2fda26fe69d21a2e8da1	refs/github-services/pull/3982/head
12e69ff07af0f8026b472fffe51f36d04b80df51	refs/github-services/pull/3987/head
a80a126fd83ec2f1e0e3440efca89947e8f60d7d	refs/github-services/pull/3988/head
9acbddf0b47d468ca6055f6a9120e7d3259773e5	refs/github-services/pull/399/head
b596a34b959ea26913f8fb8d257568a1958e527e	refs/github-services/pull/3990/head
2ff3d65a3fff8ab8f178f5a8a09401708a918978	refs/github-services/pull/3991/head
667226f723b6fbd935ed6dbe4e4a9b08e8f3cf8b	refs/github-services/pull/3998/head
191b9d2022bbfa63e700f5c76bc08ab15fcc5b81	refs/github-services/pull/3999/head
be9cf8088cedb51c84699677cdf55cb5c8f69316	refs/github-services/pull/4002/head
7188d0bb1085c9d195aeaf549946270bfee360d3	refs/github-services/pull/4002/merge
dd8aec4dba8915149116b487267b32ffb7fbe78c	refs/github-services/pull/4003/head
5d0b239d13e46f6f327cd9c9f55aa794cc996be0	refs/github-services/pull/4010/head
a4e97205b3aaea790fe5b1fef5f52af650edc532	refs/github-services/pull/4021/head
6c808c097ef825852880a9ae9fe8d2f3be9f5038	refs/github-services/pull/4023/head
af17a682511e4b900abf389d8ce3ded579caf4d5	refs/github-services/pull/4030/head
bdcded3a887388535023c67956957b2a34361f03	refs/github-services/pull/4032/head
f5df72ce416c995874a403860648a165f1e5553e	refs/github-services/pull/404/head
b01bd8afb3bd3bc9b52a8471f52fa65c3c5dfc96	refs/github-services/pull/4041/head
0532a7005b9ca416953fee572f626d051342c61b	refs/github-services/pull/4055/head
ae1dfb468c6a1e2b9b54cfe987725ae85924cadd	refs/github-services/pull/4066/head
9aad2495862a4da99718a3bd6213a119e7c68abc	refs/github-services/pull/4071/head
7402c3a6188bca3c58a79a4bb3f1ebbc3878f919	refs/github-services/pull/4074/head
c562a520116ac55d65cc276b80af176d1103ce86	refs/github-services/pull/4083/head
92f80646cd635d98faf8731b66c588aa9a23fbc6	refs/github-services/pull/4088/head
5359e88f0e67c9e332fc73a89d5c2306202e2874	refs/github-services/pull/409/head
7893b217adba2cfd0854f4ecf5d0fa001e90ec70	refs/github-services/pull/4091/head
61cfb361fa5f0786b7d61c8b65bb4c00eb7d5856	refs/github-services/pull/4095/head
13985eb49dae51f0eaceffc3e7480dedd4eab684	refs/github-services/pull/4097/head
662a4bb6e91c6d1b8245adff3a42594e6796abab	refs/github-services/pull/4117/head
ff8f9032689561dcf57c4d8dc043ea6f8c672b6c	refs/github-services/pull/4120/head
593fca7c3db6a334d5418484733c649a2d22d12d	refs/github-services/pull/4125/head
61408a2ef75cf278d59cf7ba78f877e8257dd4e4	refs/github-services/pull/4135/head
429017b6da27665872721a527ec375a81c3b76b7	refs/github-services/pull/4145/head
fdb6890a08cab388aeff975ab3502bb02f832954	refs/github-services/pull/4151/head
ccdd598b81ba2e964d70b82db52b8844b297e0f4	refs/github-services/pull/4152/head
6598354266b386e5331b105444bab3c674117a63	refs/github-services/pull/4154/head
5af06c91e947224d0a2a805040d922321127d5bf	refs/github-services/pull/4160/head
9bdb94380fca0d122b4c12a0fc2829f8cbc9c728	refs/github-services/pull/4166/head
298856b168b1eae222b63bc2c456272794b6e1eb	refs/github-services/pull/4169/head
67c720b15981c1ca1d42e3e337d09dbb30542722	refs/github-services/pull/4169/merge
4d300ca8d8c24bbbb399d71b01665d4ae38341fe	refs/github-services/pull/4170/head
68a2480a66838077b82ee8b6bfddc5bb1374aa05	refs/github-services/pull/4171/head
573ebd9d3e390d6723192b9eb77a72508470022e	refs/github-services/pull/4179/head
e017024eef0d96528fdc9dcc7b370718c1a46cd0	refs/github-services/pull/4187/head
50dfe7ad90e0ff79311d28e218776f2eddc28a43	refs/github-services/pull/4188/head
e0250e1947afbf4b506c36f4c70e8d404d100ea2	refs/github-services/pull/4192/head
8c9a5e35c711cf8aaa46f5892d95c85384c47a85	refs/github-services/pull/4193/head
0fd2f04f087e91851eb277ebccf381ba4f591856	refs/github-services/pull/42/head
1499014b7fd88314e5c1d7c72c9b2ecdb3328436	refs/github-services/pull/4201/head
cdc7943cd748aa9d69ec36cbb83198a4eefa90c3	refs/github-services/pull/4214/head
4e14bef857aff4f6662ad8da9ffe1047b72c2d50	refs/github-services/pull/4229/head
d51e77c811aa96cfa74bfa975a4fb89e370e21dd	refs/github-services/pull/4251/head
a2e788fdf6070449804f6afc215611b274baf21d	refs/github-services/pull/4263/head
b4e217a9ad5baca1a262ce540f1631e4a67b1434	refs/github-services/pull/427/head
d16ae59a4095b8e73372de78f7ffc66cc0465792	refs/github-services/pull/427/merge
e03983645d7ed901015ff29220dcfb17f4226021	refs/github-services/pull/4271/head
d2cc8b2536e370bab1318b197a0ac1d6d57ac44d	refs/github-services/pull/4274/head
67f5cf534edbb9e6be16f060dc68f52840123335	refs/github-services/pull/428/head
feba8af4c755f97c1c837b5b9d34559817eca9b3	refs/github-services/pull/4282/head
7c3054ffb09bd82725e99b4cf3478872d528b9cc	refs/github-services/pull/4285/head
df8fceb0f5d26b7206a2b8dd2ecd9debed5baf22	refs/github-services/pull/4289/head
4463dd8af9e23fbbd9c99917cf150aa2846b0577	refs/github-services/pull/4291/head
df3307f18c9d359b3ef1ed0358a592574d44f755	refs/github-services/pull/4299/head
567f74ad2de76d17a9e94f69a07aebcc2ea0940d	refs/github-services/pull/4302/head
823ee9a603369baf990e0e6e335d79592bb14791	refs/github-services/pull/4320/head
6f6175c8c5de0d6ea75e4e121494bd2c00fed981	refs/github-services/pull/4324/head
fedd7570e857720a1dfca757b9cdab2bd8b25fbc	refs/github-services/pull/4337/head
ebd32cf935e8792c1dea23a53474f275dcb80fe3	refs/github-services/pull/4339/head
fb5fc63d91ea97afeec53b888b07611bb1fb4716	refs/github-services/pull/434/head
60b383298d7be665d5a1d805fd6f76cdd31c641d	refs/github-services/pull/4347/head
681a229860c3507b50dd21f94208c66f5a2ff641	refs/github-services/pull/4348/head
4fdb78aebcb10066c674d0939c21cb651ac73d58	refs/github-services/pull/4352/head
ce1b9187956d4f9c5c2d550f25def553c94ae70d	refs/github-services/pull/436/head
e4cebd4e5d66b4286428277f56e417c6ffc1793a	refs/github-services/pull/4374/head
d83656190ee647807a34f89cba418fadbbf2e4e7	refs/github-services/pull/4378/head
28faf6f7af225757c15f97d87c0159d2ac142482	refs/github-services/pull/4379/head
104a446724f1342eeaf702b63eeb8e46af80cc5d	refs/github-services/pull/4388/head
bce0f0d8d4d06015bbc82e9de71799fd3d02c676	refs/github-services/pull/4390/head
e6e71adba73ab474408217ea9a82c4530a837552	refs/github-services/pull/4397/head
d31bc9cbeb2ac92c398292b8c591515b739265b8	refs/github-services/pull/4398/head
36365c97433eca3a9690aec74fb5b795ea9fa2d4	refs/github-services/pull/440/head
fa781bab1de1cec7e599bce39b48f0c9c98a13a3	refs/github-services/pull/4401/head
0b6c6fd2fac8a3cef8eb38776e97ea88201d2923	refs/github-services/pull/4404/head
904fbc5d282ac2586bce7a33bd7e96b8087396fc	refs/github-services/pull/4406/head
3b2d9c50997395920dac30f115c9f0468ad4e132	refs/github-services/pull/4408/head
ba6e076a40cb5a6ce2b8ed972fcf28f0ae547d4e	refs/github-services/pull/4409/head
655217515f64d8ea7e41751ef7337781cb6e595c	refs/github-services/pull/4413/head
88a25c48dc4712aeea72a232805320ff238a2ebd	refs/github-services/pull/4417/head
d3f8dd2eae6aa09425b253f5fcdefdb61f0d3662	refs/github-services/pull/4422/head
91f71fcbfbdb881cfc24f457121dd5c623045067	refs/github-services/pull/4423/head
0ba26110b84b38fd96c43d726d7b372360106d3c	refs/github-services/pull/4426/head
97d15aa1c56091194526b0b1e18a416a6367a84e	refs/github-services/pull/4428/head
fcc7ec59df21da61927bf0b51c551eaaa30934c1	refs/github-services/pull/443/head
fb2eb21cdff511e83cf0da5a93cb6b28dda15ea0	refs/github-services/pull/4433/head
f442a99a2c5bbcecd70ff25d41db07cc32d5b8f0	refs/github-services/pull/4436/head
d64d1a52351e11a6a631938933fdacb40f3b242a	refs/github-services/pull/4437/head
01361cc8f24a0ed7bcd17d1f7f1eb30330fec86d	refs/github-services/pull/4440/head
5f176909ed0c0ad592e35a4a5ed68cb3b7fe1ae6	refs/github-services/pull/4445/head
98df977a467874a159f2b9847e557530d09c23f5	refs/github-services/pull/4456/head
0c4025b0e2e5e533fd204c117b4ee3e9dad99b5b	refs/github-services/pull/4459/head
84f704d6c4826b9a0cd82a4f393738606217f54d	refs/github-services/pull/4468/head
4b1feb30440d46f85f1b001b5b43d37c3c14fb35	refs/github-services/pull/447/head
d200164310d22f7355bf0cf8a014f2f6895119c7	refs/github-services/pull/4480/head
903e6be946838a9f3ef476a369bf8940afd11a28	refs/github-services/pull/4480/merge
da19c83dc258fbbe61db2b9b3ea63dc1a3eeacc9	refs/github-services/pull/4485/head
8677011da37919b0d7ccda87c349e466ae7b5ce0	refs/github-services/pull/4488/head
d86348733c2037fdf62cead373302f2f7f5147b8	refs/github-services/pull/4507/head
dc4fade91d9ed597022676f6a4ac7d0e1cb2760f	refs/github-services/pull/4513/head
bbc192678662bce61f8bd78b0e7a009756805652	refs/github-services/pull/4516/head
dfd7357754cdcdb79bf7cc0505147cf918559a82	refs/github-services/pull/4517/head
4e1fb3024fb9fdc678c5d37e7caaf24403df1a6d	refs/github-services/pull/4523/head
193556966205b60a2ac0513f57a51d77133d42ab	refs/github-services/pull/453/head
da3157c3bfebf4adfb34d1c2d9642ae70820b241	refs/github-services/pull/453/merge
d38e2638a487b22c433c14eadb09ea561868e53a	refs/github-services/pull/4538/head
d7a23386b65181d761a3d974cb1ee7e24da97082	refs/github-services/pull/454/head
ddf5755976d6755cc9b37c9205af86fdb0fb0796	refs/github-services/pull/4542/head
e20f2eec5192d7c4d1668990906e7f0bc5ee3c42	refs/github-services/pull/4551/head
004f82a0b66fc541226edbfea52917953bc048cb	refs/github-services/pull/4552/head
e9e19078f50d1ab1859ba6831ef6e29c0c15fd9d	refs/github-services/pull/4568/head
f99ca639c39948e7c7f3aabb280b60286f77f97c	refs/github-services/pull/4573/head
97f352e5a3b2f08065f8a8e76c4f168b15399193	refs/github-services/pull/4583/head
dd0996c797c4659b521dc0e8eeec568af4481026	refs/github-services/pull/4585/head
33cf314f6f778af384098c3baf03b56af10b990a	refs/github-services/pull/4590/head
1110f0cffb10e083cc836ba38983d7921107fa5a	refs/github-services/pull/4597/head
59b5bd93394ca10006f49d1001af8ec751602dbb	refs/github-services/pull/4611/head
76e436e0a6c12e103cc8eb684ba33d3f7f6da164	refs/github-services/pull/4618/head
bb7748cfc8a763b8525b5811334328bf83d83bfd	refs/github-services/pull/4623/head
8f34752141fa5b90b988dcdc3d3bdb6f7c417165	refs/github-services/pull/4626/head
fe403bc722176f0e44e21d8717434fe73d710c10	refs/github-services/pull/4634/head
55657a5c0711da358ca08cfdd9ac9a33917c9e99	refs/github-services/pull/4637/head
6e154d769ebce18cd1225ebaddddd62b34f7dcbf	refs/github-services/pull/4658/head
1dff2f73c796ff6cb3e364464ff2c49f44edf4b1	refs/github-services/pull/4663/head
7a8d8576a9c4fa344bfcc46272c0e20f62fc8007	refs/github-services/pull/4683/head
9a3039765f538e84f8bb5510ca89c2a70cb0b07c	refs/github-services/pull/469/head
5380a7dcefb25da348766278202e737001691991	refs/github-services/pull/469/merge
de913a24dde0cd6cedeccae14ddb6dce6ed4184f	refs/github-services/pull/4693/head
a1d584796a2691989f38ab2ab68c9e566923f51a	refs/github-services/pull/47/head
55208d2a04b11066f1b4f21a13bc4b93947dfbdb	refs/github-services/pull/470/head
738d18cad180a9e2e97b68f8df2790f3a7a9cacc	refs/github-services/pull/472/head
6a1ffb8ace8e6d39e0138250bde863022ea963d9	refs/github-services/pull/4735/head
3660dfcb0a6ed32b44216c9ee69d9172dc44c383	refs/github-services/pull/4741/head
0f835ca7394d8cad1b55f0503569729ea30081b6	refs/github-services/pull/4743/head
2f90a86e13373fd523a689294f411539925600ed	refs/github-services/pull/4745/head
e6a50a09ce3add2d24f46bbd18ddfce569d0123d	refs/github-services/pull/4749/head
70c178eb01c60d2c024ab202c802894b4298d013	refs/github-services/pull/475/head
99cf27c39aa3ebb7f9dc032bc1d3d5a702fb0453	refs/github-services/pull/4752/head
8e117b707a0e7458f4ce43d963892ba94a412a06	refs/github-services/pull/476/head
3ed5438ef0b6837f95646150280b792e94929107	refs/github-services/pull/4777/head
fcc8db402c5867d639765b96da98918df81dcf28	refs/github-services/pull/4784/head
6247fb3cdfa4fcb930b190b7d26906104b3959ab	refs/github-services/pull/4788/head
30c56430e0d44c7720204727404c1c7289b52a57	refs/github-services/pull/4789/head
8c9e4bae2fa98e46c6fd2444ee86d94f7c2ec07b	refs/github-services/pull/4792/head
f2ed5bceaf0620cbd024614af6e60becdc775c41	refs/github-services/pull/4794/head
14fbfc31628b54a042c9c2b1a02f634b831b9294	refs/github-services/pull/48/head
d0bbc04ab3cc61b66836f6d829f0921f97c0576f	refs/github-services/pull/481/head
0d61ef0264ed0f5f116e80cb6b9be1e3fc8e7b6b	refs/github-services/pull/482/head
fbff8b8170f4ce21b2fd7374cf796216ddaa9c69	refs/github-services/pull/4824/head
e3cb811225d232cd85b83af9e4da08bb9b770f5a	refs/github-services/pull/4829/head
9ddbe22e178a092af5cc1f94b9df6aed25788b1e	refs/github-services/pull/483/head
1e1066da3b8c1a1cd600cd93e6d9b75afc111f97	refs/github-services/pull/4830/head
9282e7d9dee11f8843709a4902bf2607a0b34ad3	refs/github-services/pull/484/head
ab31f9ae851875878a9fa74c97a907bc4634271d	refs/github-services/pull/4840/head
60218f410cbc8d7603c2435cd7935077f6d487b6	refs/github-services/pull/4841/head
8de03fa81c688c5f52a48cb2afdde09f9a39ac0b	refs/github-services/pull/4851/head
ea7a31e3e38dce9be413c8ed350531f66cf3c50e	refs/github-services/pull/4862/head
03d97b20aa2f417dd59c63e2a295ac9c890b036b	refs/github-services/pull/4862/merge
99a381be960d94851ae91b3502f43b016b41873c	refs/github-services/pull/4871/head
03baf4000a35e13dae4940eed0cc533c6a93a205	refs/github-services/pull/4875/head
bdc1464f72509b12cc8cf3e990dc52470a254648	refs/github-services/pull/4880/head
e2da9e9f26117ab8ad22df2e1613b5b2c32de05d	refs/github-services/pull/4884/head
ca846e96926f1936de76200066a054e55bad850f	refs/github-services/pull/4885/head
491eb3da329f6a0694c00c2f29924d779a07946d	refs/github-services/pull/4886/head
b2e8219caa793edadc5b798de625fa4fec49991e	refs/github-services/pull/489/head
8373e5f2d55888ffb39c57b140af1a1084e8e834	refs/github-services/pull/490/head
e52c0009bc4f59b24582495e451e3f70fb77d357	refs/github-services/pull/4901/head
9c877d1f0986db7ae9f82c7cf786d26599e784e6	refs/github-services/pull/4905/head
daab48adfb3aae11cc21239660071c0662f37428	refs/github-services/pull/4907/head
764171f929b99e7ebe11ef5e0d992f24ff195b3e	refs/github-services/pull/4910/head
ca1320a8059c273c12415c39ec04d8808d3e84b0	refs/github-services/pull/4918/head
5f7b597503305d0f04be1ac967eb980840d9bfef	refs/github-services/pull/4922/head
1205146e984137363220fbad74786ed50ea2d7de	refs/github-services/pull/4923/head
7b6444fa4eaf620f7b5f7df82b1407549913762e	refs/github-services/pull/4925/head
5f9f0f26eb4373cdbaae490a79d1fa54fbcd1822	refs/github-services/pull/4928/head
35d31976e3b6b859cc2d8e53f8b1e3ac68bbe42b	refs/github-services/pull/4929/head
5c947f01801f62246ad40b57bd843db704737667	refs/github-services/pull/4935/head
f604aa8b6b7b3084105d25e38c8f185557301f5f	refs/github-services/pull/4938/head
0a803c3a3c565268ef491f899c8a51db5d65d868	refs/github-services/pull/4941/head
3b2b2c51aba2e539c1fb9ec1f1672cddde3a2060	refs/github-services/pull/4953/head
40f95abc62e565e99d92561655f3a74f8aba584e	refs/github-services/pull/4959/head
e54cab4e62f2a371e99e2bdabd0d1de21c479ac0	refs/github-services/pull/4965/head
80611fe0e3e15652404155f1a16f9a7ce763c038	refs/github-services/pull/4967/head
7f62de8b1eabd57f7bf475bb2115bc7d9d5b94e1	refs/github-services/pull/4971/head
c4a281fc73108ffc62c3be00b29f50ceb46b16dc	refs/github-services/pull/4976/head
6402b0ed74c361de78f6a341aa6d71c2795e35bc	refs/github-services/pull/4979/head
6c79cd5cc51b5f488222d6d36d9f5d221e0cea4f	refs/github-services/pull/4990/head
a5a8e347c842f7f80f0656216b67b3b74de1d8d1	refs/github-services/pull/4995/head
05a0da8386768834c1caccd01206310adbe78c58	refs/github-services/pull/4997/head
bc723634fe4e92813055350b3cc7abc077bbda12	refs/github-services/pull/4999/head
fff6f976515fa209344ea46a87c7640b7b151822	refs/github-services/pull/5/head
d1f88cee96140e30bbe68d1ade526ce1e0711629	refs/github-services/pull/5008/head
6e0270f8ba3837037f32ca19338f49746e36ba24	refs/github-services/pull/5009/head
bc318e1f6699bdbc51f3dc0be13d156bd1fb59dd	refs/github-services/pull/5010/head
b2be5a707a9247810078e2595c2cf32256ea9488	refs/github-services/pull/5011/head
efdd844560008afe5fda7b4261d6e06ed142a323	refs/github-services/pull/5013/head
7ab08efe10daeda5366312e2e60582d483258fcf	refs/github-services/pull/5021/head
f4dc6c55770c971468a90a0e2b0f85f7596cf008	refs/github-services/pull/5035/head
fdeedf546ae46d27276508ff406e38a7bc52b9a9	refs/github-services/pull/5036/head
c1513a9e21406d1180b417c5131cad7cba3e18b0	refs/github-services/pull/5043/head
bc5e2ace820b731843d1008527a9f5508faa5b65	refs/github-services/pull/505/head
e94fa63e48cf37252e3cd0a1f205a93e738072e2	refs/github-services/pull/5053/head
9658ccb16ca2a653211b68dc75c16cf713ff4ba8	refs/github-services/pull/5056/head
68cc6aba33c54027f3b18d9995bc8e045e2c7b49	refs/github-services/pull/5057/head
a4250fa646ccd2c5f4d44490b893805c26a51787	refs/github-services/pull/5066/head
44961d5b7ce63407af6ac4034d747137f522664d	refs/github-services/pull/5068/head
58ab1b88229c77539311ac0c70c97191e72df310	refs/github-services/pull/508/head
b18c9afe41c577db005feac6a220a301cfb4031e	refs/github-services/pull/5082/head
fafca280e00fefb24a3735b947a5cffd3741c7c4	refs/github-services/pull/5089/head
a2f6f9accdb001f7cf4d604e37cc8b97610d5d42	refs/github-services/pull/5091/head
125a9592964fef7c3f72729861f72b52c4a7040c	refs/github-services/pull/5094/head
6b07f7b632abfa274cb448cd8bf7a3f07cc5d426	refs/github-services/pull/5095/head
e5583226c6907f14f25ab6601dab9eb544a679d2	refs/github-services/pull/5096/head
edc6f8ebd4638fe2fc36a4460d8b13f5252aa7ad	refs/github-services/pull/51/head
70c200222a6b1115261dc89a88d3613a090788eb	refs/github-services/pull/5100/head
ca781655b0f30a7045e31c3fd35ee125fe0bfdeb	refs/github-services/pull/5103/head
83427b9201ba6f095181a9624ad2d23470f6b850	refs/github-services/pull/5104/head
72e35a91f881cdb66b32ebc0b32c93353d1a8cae	refs/github-services/pull/5105/head
f40d1478304e7b7813fc78597adb13c9f84f8b57	refs/github-services/pull/5118/head
cdc5391be8167480a3fda043671c46a82b6f8af5	refs/github-services/pull/5121/head
bcd2ad3e9f1873afab4b37f38616f0156d615238	refs/github-services/pull/5122/head
2153726a32929b1f2878f09767697f61213e39aa	refs/github-services/pull/5127/head
74ee5076cec8b459ab0aa47e2a296856b54734a1	refs/github-services/pull/5129/head
c62ed5d3b6ab968927ab460b864eb285863abadc	refs/github-services/pull/5141/head
c3d50dd859fa57e1b7a7e2aa2d7bd999da358c14	refs/github-services/pull/5145/head
1099eb7b89a40888dae52f60d2f0b65ca007b155	refs/github-services/pull/5148/head
5e8cd8ecea7fe9480a70442d61f20c6e40433d72	refs/github-services/pull/5150/head
e963444eb626f4b9d8fc3d74ab1686951443e4b0	refs/github-services/pull/5151/head
9bdda96f4746d319c3bcde36d13a9fd58c83dfe3	refs/github-services/pull/5159/head
40cc43a1c7d7b53ab207f39b3d2de3d0c27485d7	refs/github-services/pull/5160/head
c9873900646d2ff46d24d9ef640b54ce0ec95b4f	refs/github-services/pull/5164/head
b15fc1579440af4d7cf4a25c581916e805c48c3a	refs/github-services/pull/5165/head
41bc806a93d43d593c092e8324449e8027e01624	refs/github-services/pull/5167/head
18235976f125a2a832574a33a2d24ce72683205b	refs/github-services/pull/5172/head
5a7c4dd5b91c15e75fe3cb78e761417984a421c0	refs/github-services/pull/5174/head
54b83b7cde8c36205a111aabcdf985abcd319c32	refs/github-services/pull/5179/head
9aba2740708f5c1a88c3bbc1e7306d4dcc94ae56	refs/github-services/pull/5180/head
a8157e7dd6ea6e99cee171f0e6a3e68f7a61c8c7	refs/github-services/pull/5184/head
801f71f23116b866ee798d2ea3368608797243bd	refs/github-services/pull/5185/head
8383b4f6a54cae29d8e152ff671d18bd42d020b7	refs/github-services/pull/5187/head
eeaa8a670da15c752459f18b1ece04a9560fe0bd	refs/github-services/pull/5197/head
4cc6d95031b9b4686661b9566794b262bcd851f8	refs/github-services/pull/5206/head
095d5645c8914970e51baa5c43fe3c50e96c5963	refs/github-services/pull/5207/head
e2d6232f86925d484aaac805a9057787bbb0e106	refs/github-services/pull/5208/head
42d53021844724fbc81c4fc4bdf1b0fdef55cc40	refs/github-services/pull/5209/head
91276b31eddf0f19f5d58c92124e95150899d58f	refs/github-services/pull/5210/head
773605330b29f28be25876aaabd5334dae552cd7	refs/github-services/pull/5217/head
7678f6069242a55eb621ca5a01e488932ef045f1	refs/github-services/pull/522/head
9a7455b6ff962d080e9564b7cd574afa83eea9d4	refs/github-services/pull/5223/head
079f8033848075b68d21ccdba97bcb4273dbc296	refs/github-services/pull/5227/head
8b8af680bc2c2b5758da724edae3bfe185386335	refs/github-services/pull/5236/head
7efbb41489e6ff5e57c8f47f1929a88c3c3e24a5	refs/github-services/pull/5242/head
3ad41cfba6b81342e689fe3c64e0cad529dcd846	refs/github-services/pull/5252/head
2f24194fda6179228fa832a4af126b2b4dc15250	refs/github-services/pull/5257/head
91e8f2afdf8c84f37ca50a774bb19bea6b4a6999	refs/github-services/pull/5263/head
a5207e5456aeb009cc334994d735c45476ab7aab	refs/github-services/pull/5272/head
3ff12d1620331c6e42a7ea107ce247a9578fd7dd	refs/github-services/pull/528/head
1750dcced6094d3671401b2d647194cbd7ed6e59	refs/github-services/pull/5281/head
1c19f0847125aaa092b1d5a8b83fd605b35f7590	refs/github-services/pull/5283/head
8cf5f3fad8e85384b34e8c5ac41ae7331b03582e	refs/github-services/pull/5287/head
39b4216e5578248d722165a6453725196ebccfa0	refs/github-services/pull/5289/head
76582a923f016d0cb8cef822d64d1a7f8752d607	refs/github-services/pull/5293/head
81f1d820ab6f5edc5f217ac31dc3e71b0c818e33	refs/github-services/pull/5295/head
7d145a5f69fd36325002cd4a3f92f09c949e934f	refs/github-services/pull/53/head
d042ea8334aa26d3bffd318bbc779f98b47e4f62	refs/github-services/pull/5306/head
334cd41ee63391309e102088590ef0ace3750af9	refs/github-services/pull/5321/head
78f7619134d0c26a010d1c0da0a4639ca5f067f1	refs/github-services/pull/5339/head
791d098800c4b3704d6fa0ecb795885db5edfc68	refs/github-services/pull/5342/head
562c563449d4bc18d16875f0ff4721f09fc8c546	refs/github-services/pull/5344/head
cc13bc4003b12572bd055b390ed49caeeda69ea4	refs/github-services/pull/5348/head
6419e81f2001604be2758fba1718dccd53863d8d	refs/github-services/pull/5354/head
36725ad157baeb481a78cd9a1e13a7b508910c00	refs/github-services/pull/5356/head
c650d98a041d59c94e64e123cd6924461f5ecace	refs/github-services/pull/5359/head
1697e49e6571abd156f85b6491068c0cc949e9c1	refs/github-services/pull/5362/head
7298098c8732a036ccda263d645e399f373f915f	refs/github-services/pull/5365/head
d862e80759566d968ba96ebfcb44da1f17a43d4f	refs/github-services/pull/5376/head
1dafc31aa9a24ed65e2f984abb930d4550a143e5	refs/github-services/pull/5406/head
44b68f5a4362dede695ec59e8c7d9046d0ad946a	refs/github-services/pull/542/head
840838f0c004cf3baddf5e4d4b16319eb037894d	refs/github-services/pull/5421/head
83618b4467e72a0822950b1b3824e2f8902e5c5f	refs/github-services/pull/5424/head
057cfd97b839147841dcbb48d22f75023c144614	refs/github-services/pull/5426/head
3052eea2909c86ccfa8f049b71e4e3f9a36538b5	refs/github-services/pull/543/head
3e63c29b4892759f50588c70b3892eab1ed26f97	refs/github-services/pull/5431/head
11b97884c62296137e7e3e943c2417122aeaaef4	refs/github-services/pull/5435/head
0142a7da1116db978b8dc597b5bf81f940af6014	refs/github-services/pull/5438/head
e3e9400999870bbe55b10dadfbbf8693631a65e8	refs/github-services/pull/5439/head
8e599683966733ef35af78fc8d4b540dbdc2b685	refs/github-services/pull/5441/head
ac18195361cb2eb476a2cd8603ad3c183eccc99a	refs/github-services/pull/5452/head
83b0ab7cfe7b660014aec7ec3cd3e81b1918310e	refs/github-services/pull/5452/merge
2c9eef98ac6ce865502da0dd3d6f69a0d8ed1450	refs/github-services/pull/5454/head
cdb02c7d49073ca42efdf91bbd35c8940a9b9d45	refs/github-services/pull/5463/head
fac7a869a8de18c39d225a692ac576bcf6db9fb4	refs/github-services/pull/5477/head
fca66aa826b3232660eecf14297a3ca13ab07496	refs/github-services/pull/5479/head
8fcb850803ed7964a1b57d3dc7b268798ddd2878	refs/github-services/pull/5481/head
c08502299645cd92b3bbe28f43f6ca37c169e081	refs/github-services/pull/550/head
99d6dbd83f06cbacc23ad10abed2367531f58704	refs/github-services/pull/5500/head
1bb32b3a340a4b3db870827425c8e9f594df6627	refs/github-services/pull/5501/head
f2764f879c4a19743631d0bc29375c8b6cc00d39	refs/github-services/pull/5523/head
fc3f803dcf6724a1b9527cdb7c06a93b48bb828d	refs/github-services/pull/5532/head
8a234d397d23be262850985bc2a26384d2426b62	refs/github-services/pull/5535/head
20fdff18bdc09fcb9c67391f2949ede0935c7cc9	refs/github-services/pull/555/head
b86bbb7d84f1c288476afbf7ca6422609c492772	refs/github-services/pull/5553/head
283705b77d3e92995762c890dc6b103355d1afda	refs/github-services/pull/5568/head
6068a12ea8242b330230190ff82ce7e0a392b877	refs/github-services/pull/5573/head
519e667464c1adf05a42be34b14d3ea9dda836bc	refs/github-services/pull/5579/head
08232d1da8a4e86a3696ce4757770e4bfdfe26eb	refs/github-services/pull/558/head
fa7cc4875870951752b29a2876751caa89127fb1	refs/github-services/pull/5593/head
fd7e459261722d66b3509e21082c88f2c1174f71	refs/github-services/pull/5598/head
d7f990d8bdbb67aef8b8ae023596660538848bdf	refs/github-services/pull/56/head
65e39f8c4b902679219a9bb6e569af494268a9fe	refs/github-services/pull/5606/head
de28496c2294e6185824cab5a7a74c0a8d3d5a59	refs/github-services/pull/5615/head
506a7f3dd22fd9296e1e8e5ff1d201373e8a9a47	refs/github-services/pull/5619/head
a865aa162fb78fc84564eb7a9ef3554a034b3e87	refs/github-services/pull/5625/head
b69733be6e3369ef406bdb3fea339c0f5f05f34e	refs/github-services/pull/5642/head
cc90340b3bc85be3a53f9717d6e71ca3dcd76d1e	refs/github-services/pull/5643/head
08cefd505609e2c936dea65b4dc0c12b2e84b9b4	refs/github-services/pull/5649/head
7324410dd57d565540fd4ba5795f4e0b75323192	refs/github-services/pull/5659/head
b5eb38875a57d2d411958ac6bd3289a9bf55f869	refs/github-services/pull/5668/head
c0bf8754a6b7689c719cb33b1976ed6d307feeb4	refs/github-services/pull/5671/head
c384b0d3dd6dd77f469939ec8b55a89a133266a8	refs/github-services/pull/5677/head
d5d15be54d1e888a6f39baee896c97d895916552	refs/github-services/pull/5697/head
261929986f42375fc8958345567c767236da293b	refs/github-services/pull/5698/head
fde2f0a403dbc40e2276799ab3af65c053be0d48	refs/github-services/pull/5698/merge
3dbb5505f6a6cf9693ac04081c6c6874a32f43ed	refs/github-services/pull/5699/head
2e0c159a428177ec5cfa3468f3c99d21fec86170	refs/github-services/pull/5722/head
0b11872c542845c26df0b8b1e249ecf7ed14c5f0	refs/github-services/pull/573/head
0516f3986a00b91d1624f6fee58d66f329ac7db2	refs/github-services/pull/5734/head
2b00f35fe34d51d65bca40d5be65ee50097746df	refs/github-services/pull/5740/head
50265640a61df6efa65e0082411c035f1291003e	refs/github-services/pull/5762/head
70fca0a74d903de2b120ddc599a1d3334c56405c	refs/github-services/pull/5774/head
dd0792d06449fa94f30d55da4f5e3b52628bc3ef	refs/github-services/pull/5781/head
7c9c7e23760cd30da18feadf4298dfdd9545a1cc	refs/github-services/pull/5787/head
9b58d4aa479bbde19fba7b99c7afed08286d26d9	refs/github-services/pull/5789/head
4877d18cb8b7616f43db2ce577fc604a8e691ac9	refs/github-services/pull/5798/head
f78188cf4855241876e4c1783570981bcd365058	refs/github-services/pull/5829/head
eed617fd1344db963fb0fb19b6a91aee11ea51f1	refs/github-services/pull/5852/head
419d7f7317936823026ffda7238b46f1af1b78ce	refs/github-services/pull/5856/head
6201e5c1ac4eea38443ae268a852c5f192ca277c	refs/github-services/pull/5886/head
40e29f207e0562aa3efcbf7dfacff03545cc550c	refs/github-services/pull/5887/head
4cd2967d6c09cdfcd109b7cefc6ea4c3f8a56012	refs/github-services/pull/5889/head
fffa09115041eded5de0f2a83a52cf3c7c623949	refs/github-services/pull/5894/head
22298e35f43b1e6c1328cdefce25eae8477e08ba	refs/github-services/pull/590/head
31a34fed16c548f105384a34133cf279d7023274	refs/github-services/pull/5906/head
2bd0d2fb11d173c77e63d99e420b2b4825ef7b74	refs/github-services/pull/5910/head
b6bc8f8d1cc350de53f1dfc2c0f047ee20b0a8d4	refs/github-services/pull/5916/head
3532abb0ef76b662f2541947a2d6f121afad436a	refs/github-services/pull/5920/head
394559ff11a28b84a8c5106e31387654ff6d6884	refs/github-services/pull/5922/head
77f5c87587135d8d409b988b9aba9a109d4b40ac	refs/github-services/pull/5923/head
f6e588b48ceac0c1570cc57f7199c5d89fc4410c	refs/github-services/pull/5930/head
5c43836baaeb8280e8c9712a916d4f289f7aea12	refs/github-services/pull/594/head
2f0f9fe08bb58d44e7cbfa58c27531176896a993	refs/github-services/pull/5947/head
a8c5a03dcffab8c51547489ed30f05581bb706e0	refs/github-services/pull/5948/head
6dd1f5cba8de4d4efe09dbed2d470f9f9dec59b8	refs/github-services/pull/5957/head
86245b33a2e188c2999d56b2ebc7105d6142530d	refs/github-services/pull/5958/head
0f88f7482c29c2d3d153ace6c59cbcd8ea24331c	refs/github-services/pull/5960/head
86e6a274173f67079223a8cc5358acf96ef914ef	refs/github-services/pull/5961/head
88629b374ac17682fe480d674d37a577ff02c5d4	refs/github-services/pull/5962/head
a3ea0efa682fead50d1d3086c419d8251ea6e00d	refs/github-services/pull/5963/head
f41a1eb9117b5682c6ad5c052334c84414a0a9e1	refs/github-services/pull/5969/head
990d007232334cfb631dfdce5c4cdbd1c3349956	refs/github-services/pull/5979/head
af6d40a37d2cb2151cfc5537450aede17f83587a	refs/github-services/pull/5981/head
26887040c54422196e97509a3a76f0da91a2759c	refs/github-services/pull/5982/head
e94d28d8643f6086425a8b1c82625b8efdec7d96	refs/github-services/pull/5983/head
e6dd8c735786ed16b7d60abd9d7e325626aef168	refs/github-services/pull/5990/head
7b276aaa31cc62c0973895f0d2b656bd594f6969	refs/github-services/pull/5994/head
771d43e81082ae9b0c950c2780605e37f76f7c29	refs/github-services/pull/5995/head
bbe8059310a8ef5c2274c2d4ac31c0e0efed9fc8	refs/github-services/pull/6003/head
08bed130c4a05e244066134f31f1d0e3d1b1366e	refs/github-services/pull/6004/head
7e72139cb96b136e39538e6f47a2c7c3bfed32d1	refs/github-services/pull/6005/head
7532b20a842a0f65e56c6fc7a0fed063696dd523	refs/github-services/pull/6006/head
c5fde37defb51bb735fa5772d88a6b92039bf911	refs/github-services/pull/6022/head
9b1c92ab467cf868242aebc06284d558f5a65576	refs/github-services/pull/6024/head
2ffa732918812bbb94e09ae6a606890bf3d171db	refs/github-services/pull/6035/head
82379be684122a5fecb24a0e88a955ec1dc189b8	refs/github-services/pull/6041/head
52ed2294ca9cb86319739abf1a4b7b8aff3337ec	refs/github-services/pull/6056/head
7e4a7e093d30eeb324d5a02dfb51c1ff3223d055	refs/github-services/pull/6069/head
87126b227074f04144fde6c4c1118f44c8b9d6c9	refs/github-services/pull/6076/head
ceb4853b0a8789eb1a077eb5318c6e4a803e4d64	refs/github-services/pull/6078/head
7c33d9aa257bed0243974a30548e28e39e5febcb	refs/github-services/pull/6084/head
e4626db16ba964c1c5f12b695d5525d363e68bc2	refs/github-services/pull/6089/head
5caaa548ec396d2b314ac867b06fd9fc124fa3f7	refs/github-services/pull/6090/head
504198d48317a50614e73c311fa633dfbca5d309	refs/github-services/pull/6093/head
f421c9cc927a709cf4daa496b3bf272e56fd8e7c	refs/github-services/pull/6098/head
53a99c5f4270db0e2c7d310467b8c74f07d1c314	refs/github-services/pull/6101/head
ef1a3078a2852faa8bbe53d2df182169a972c312	refs/github-services/pull/6105/head
38d4e8aa9d609da0ac8becd39283c1941badd76b	refs/github-services/pull/6110/head
d7de70de141babb3d7a28a6d7f0a6832e242ca94	refs/github-services/pull/6111/head
47bc7f96def6f3d390ca3f2634a0718cde7f1a54	refs/github-services/pull/6112/head
9c36253ca822c894705d9d4a61a8840768bc3a13	refs/github-services/pull/6114/head
875dd37579626763bc10489543eeb12bbb480434	refs/github-services/pull/6115/head
94cf5f6f3e2177d93dedc8c60741025a06178571	refs/github-services/pull/612/head
6c20fae15dc28eedc539ff40e9343b6d1d1f1e89	refs/github-services/pull/6143/head
be77a7e0445073e9a6ab7a6475f7d1364b0091dd	refs/github-services/pull/6152/head
5c051e05522022ab15f4cc251d32cefd771903a1	refs/github-services/pull/6154/head
b538082ce5fa083a2ad398368d81bcb18bbc933f	refs/github-services/pull/6198/head
6ec12fe7c74e33873d91f4d8fff7b78f23957171	refs/github-services/pull/6203/head
dbe2c541c72163b029be86ec41fc054faa748d2e	refs/github-services/pull/6215/head
0b8b2e346057d81930ebd37ead22d09c60118c3e	refs/github-services/pull/6234/head
edfc195f5d9519083fe061a55571010ef4e6ed6c	refs/github-services/pull/6248/head
0384545a4c79bd4f8c179627e59b32cab2ccaaae	refs/github-services/pull/625/head
eda4e9713ced45da73ee95b864570a138cedcab0	refs/github-services/pull/627/head
249e68f16395b5b273466930dd21ffefc0ac512a	refs/github-services/pull/6272/head
487deeaf77967decbef69e766036cdd7e53d35c3	refs/github-services/pull/628/head
86bf0081df7a1f41c7eba1e97685a37655cef559	refs/github-services/pull/6292/head
0329a7b58df2884aae436e7d55e40e323a9096aa	refs/github-services/pull/6294/head
c6d64096b90b30df8bcf3836d91a1daf92f8f207	refs/github-services/pull/6295/head
057343c7a8d954e6219789548b751a7d7154cd59	refs/github-services/pull/6298/head
455acd824f0dd698ebb30b4ca484b8f29e9de7a9	refs/github-services/pull/630/head
f1b5b0075d3a6bc497a3f6e68174d1b7f4af63ea	refs/github-services/pull/6302/head
9feee6e24db9f57bffc3561076d6a5cb7cf4ce11	refs/github-services/pull/6306/head
a11b2717a8438bbcbfb8855783174c92dfe3b1cc	refs/github-services/pull/6308/head
a310cb5c725783f1789a995727324abe73d87f48	refs/github-services/pull/631/head
15056ae52923df39e3296b357f97bf9b343c724c	refs/github-services/pull/6311/head
672778788822dd593e85c230681a0af594cab484	refs/github-services/pull/6319/head
d9c322bb423b7cbfc578f1f59e66fde8a97713d0	refs/github-services/pull/6320/head
c4a901666df6cf72bf6d174ac5abf2603f8c3535	refs/github-services/pull/6324/head
5df2ddaac014491f7fe60bd56cbe09f9aaa9ffa6	refs/github-services/pull/6329/head
6a94dcb950a2df6034fbab2b56bfff30deeef091	refs/github-services/pull/633/head
d21fbf7bba5ade332b9057498bc5f46dcdb80f19	refs/github-services/pull/6335/head
6aba164b039476dabfbef87282cdb0046a6e239f	refs/github-services/pull/6338/head
47cfec3d222713eb90ebe701002e6316ff1c4083	refs/github-services/pull/6339/head
e9c92711b91c1cf86c1c4adf43debd8dd8dae521	refs/github-services/pull/6349/head
82dafe3251923369047087e8d12fe1954c6057ed	refs/github-services/pull/6352/head
596ba04009c06d8fb42a9602afd0ba53e3366dc3	refs/github-services/pull/6361/head
3d248b2c492a8094e7ae37b0fed20ec92ab10cc0	refs/github-services/pull/6368/head
f87c0fcb0795423e2a748a343c1334dc4b9e74c3	refs/github-services/pull/6369/head
3b96b91555437ab0cf1ab5eb7bea102307e23dd5	refs/github-services/pull/6370/head
d3214acdf278ff34ff21f0dc2337c3e1ab1b2d90	refs/github-services/pull/6379/head
0dec407dbe0ebb946c42d726e024d57a10e3da71	refs/github-services/pull/638/head
fd3469029f5679b7cd3cc235aa4781288ee7f0f8	refs/github-services/pull/639/head
3c3bee71d1e4b686dc3402b05307ea270be03c16	refs/github-services/pull/64/head
421355b7b8a92459031ea4973dc391201343536d	refs/github-services/pull/6408/head
7c99294ba815f58176a4858e60defefa68fee0a1	refs/github-services/pull/641/head
2c2a8f4259d5059ccd367d381837d5e94a2fce0e	refs/github-services/pull/6411/head
a904230f94cdee0069d15346cb352ebaa2f2b852	refs/github-services/pull/6412/head
ce10f1d4fff893fba1ea6be1c23d893fd5fc4a1b	refs/github-services/pull/6417/head
aded71cbc1128eb4303c71a5adee941b5af5faf4	refs/github-services/pull/643/head
8ffb1834c66d6ef18d04ffb8df9b56ce57c327e8	refs/github-services/pull/643/merge
b9ee64d58f2117104eeec7ca8559911f3b6536f8	refs/github-services/pull/6437/head
a2d0ad9d8bb97f9f21ec3de8313672aff46598ad	refs/github-services/pull/6437/merge
a2ad93b9d5f4013c1e1f17ebac847dd791ae7587	refs/github-services/pull/6441/head
cf08ae23bde1d8e327925944a03376c4bcca801b	refs/github-services/pull/6442/head
34e7d0eab3c804ef2d7f5b1b979f2a312da5fd36	refs/github-services/pull/6448/head
56b7072169fc67c95348c3cc0c17cd5494a5f825	refs/github-services/pull/6449/head
4c72a268acb1a66301d9c3f62d49ee80e24d2eb9	refs/github-services/pull/6449/merge
c326622f2c0a913d2a24baa3927f10512d985544	refs/github-services/pull/6450/head
573e27243bf42cf437f02a969d1f8fdfe8a9a6b6	refs/github-services/pull/6476/head
b1b467e38982a57e811bb73d3a9202d9442c4f1e	refs/github-services/pull/6494/head
566dd211949568a12a442c0017d549b420fd426a	refs/github-services/pull/6497/head
4ca8a30c21d24e3362934fec40cc95501e989ddb	refs/github-services/pull/6497/merge
3d2ab25175803490e9cf14e2130d22ca51946b9c	refs/github-services/pull/65/head
5a1ebdbba2e8d52465053cb1a9f91b6c53e8ef5e	refs/github-services/pull/6503/head
e4d321ad0ffeaad163a52819b54f30645ba44a20	refs/github-services/pull/6511/head
427402fec66d04b5e7cdbe9851146eb82662ba0f	refs/github-services/pull/6517/head
b3711ad8cb7bbe0cc2946566e4ecb6179e146249	refs/github-services/pull/653/head
10e79326c8bcb11e78551c7bc2499b98e68d850f	refs/github-services/pull/6534/head
e2163924577d5df0546a73f10184a3cf4148eee0	refs/github-services/pull/6539/head
da990496172c387a5156b11a990834ed1f920099	refs/github-services/pull/6540/head
0be55a3b936e07be36d87a07bf6f50ecd2bd7ba7	refs/github-services/pull/6548/head
4170ed38edd42dc67e665947de8499db4f31df76	refs/github-services/pull/6563/head
e71ec0815336dc44f63c04fe17468a95a080f7bc	refs/github-services/pull/6571/head
f8e6dd8907928a24b08cb274d7c86a7837f29dfd	refs/github-services/pull/6573/head
763bce46d5419a6801c975a11d50b5e83b888461	refs/github-services/pull/658/head
adc8793a11d988e27252a6dd97553fc3c7fb07ea	refs/github-services/pull/6585/head
0fcb1387b7dbb9343ef9b6b79ccfba87c5255103	refs/github-services/pull/6587/head
f50251bb6caf73e541292a410dddfa612b996092	refs/github-services/pull/66/head
f3a4bd5de66ec753cfcf6b7bfa2ca154a19d8a4e	refs/github-services/pull/6610/head
0cb84331732af1994d9cb7607bf2f793fa5a8d5c	refs/github-services/pull/6615/head
43dffdc0cc98b106b9600e083f374ee9339e5536	refs/github-services/pull/6617/head
42307972a8330451c86b95279a68d76bf9385038	refs/github-services/pull/662/head
0988875b315cfc8082507b2d8f2b9ec60854af0c	refs/github-services/pull/6622/head
905d2c2912cb2ac4d4cd2dad9edb85b0f8e3e84b	refs/github-services/pull/6627/head
2264fbeb441710cb86d91b16aff4ae8b84274735	refs/github-services/pull/6638/head
50e348507afcbcce4895745ab987863b617f832f	refs/github-services/pull/6650/head
bc8ca5dee7c35317d8b99651c133ec3b8848fbe0	refs/github-services/pull/6656/head
c7846048d00f7785a1725af3047c63d6d6f38d2d	refs/github-services/pull/6657/head
3d145c48304cbe60ad2c251f8813f33f6ebcc9c2	refs/github-services/pull/6659/head
570a9e8903d95b7daafc4ee965327cb13dd19eeb	refs/github-services/pull/6660/head
5fe06e73cee3ff00c6aca77bd411a67a44b2b001	refs/github-services/pull/6675/head
838823912962b8881ea5bf581a4f9e90dbd41c87	refs/github-services/pull/6691/head
2b7d50c4d10e2c0801823dd09a853e8469a706e5	refs/github-services/pull/6692/head
29d94e2b5641a9fb77e413f8689a0b4c281003ac	refs/github-services/pull/6694/head
a4e85532bafdbd8f1ac52c98d205052284b22d89	refs/github-services/pull/6698/head
47707a3ba8e39df3c26d7664e79a08effefe19ae	refs/github-services/pull/6699/head
5fe8148f6bd99dab7c159e01b0bf0357812ef932	refs/github-services/pull/67/head
9d70bdd433e9813732510e0f346fb5b08370c4a3	refs/github-services/pull/6717/head
e827dd329a670d05b6e838cb5dd33fa30090457e	refs/github-services/pull/6719/head
f8d713a4120c2ecb1ef0a7834781d38eae6af7bf	refs/github-services/pull/672/head
dd5d749df895a37068068f47cbbe4d25b70ece6e	refs/github-services/pull/6734/head
d4b94ce39b6c86bd9b619ede0de83cba94983480	refs/github-services/pull/6738/head
cea697d8fe155a97e57cab6fd9e81310a1f7189c	refs/github-services/pull/6740/head
9f29c4ba43d2f99a1536d7e3a73ab7352e99c290	refs/github-services/pull/6743/head
f5aaf42bf0fce5645ca24ddce00ffb47c32581b0	refs/github-services/pull/6744/head
82b29adeca8c1172b79a8b4a42c3e1ea2b0287e9	refs/github-services/pull/6751/head
7f8ea6c1421bd44e3a5422cc42b73d6771108d48	refs/github-services/pull/6752/head
3c87ef4515da26bbc9cc63e412bc64ac6107c944	refs/github-services/pull/6756/head
e8b570c5afe6b7078e671b25b78630aa0e0d77b7	refs/github-services/pull/6763/head
8c1fda6df762e42b77da28084b4973ebfbf49bd2	refs/github-services/pull/6766/head
072b1c318dbbb95fe90dc1d127a4760634928125	refs/github-services/pull/6767/head
8b92939daace976a9cb8869ab277352df4264a16	refs/github-services/pull/6768/head
05c34bbf289eb43b641c34b8e27d2a1dbfe5d17f	refs/github-services/pull/6772/head
224e214dcbe6a802617d6f23595c766f898abba9	refs/github-services/pull/6786/head
121bcb8c0bf062a20a590edaffabe1ade39930c0	refs/github-services/pull/6789/head
07016afcd39dbea3716390dcaefaa950783f1364	refs/github-services/pull/6790/head
1fd90ca7c11d9b1126aa6bd65678ace16b70a2a7	refs/github-services/pull/6799/head
f387577189c964752b72bbaf45e30933b063ac47	refs/github-services/pull/6802/head
fa35cad61804aadae75bf131c9009538ca4b2a99	refs/github-services/pull/6804/head
b686c3868b805ae1b93352e414895ae2e87d7581	refs/github-services/pull/6805/head
0b71476d32a7b73d0e9733c4a6e1bd5277c5aaad	refs/github-services/pull/6816/head
db95ba73bb4e7539ddca5146e9957233a9f71068	refs/github-services/pull/6817/head
81fdf63bd03bfdf0eb2b6ded2f35a4d7b8131451	refs/github-services/pull/6825/head
2d6d19eaf331241e5cd14b1903b3fdd29fd30684	refs/github-services/pull/6826/head
722c391851c2d2786a8db9b0ef3b6011226f28c9	refs/github-services/pull/6827/head
c06b0a1f1fcb8c7d8fb15cefd0043542635b4c93	refs/github-services/pull/6830/head
c506e65a894a68235829b38e5bb815b6aa565140	refs/github-services/pull/6831/head
ce80b568938e635515e839571f51c203d401db14	refs/github-services/pull/6838/head
e7ff62e3084edbe7761fea9c7a34674e2de9ba80	refs/github-services/pull/6844/head
7280c6102cb6859f8c94350b2b5d2f3e28528c9c	refs/github-services/pull/6845/head
0b036427a9cc1fc603a823e366eebc857c46a3ca	refs/github-services/pull/6846/head
b40242500253609a093a1c5616cbb7cc0bbb52d8	refs/github-services/pull/6849/head
a8afc915817a69ea5dca5888f8daabd4a2eebae5	refs/github-services/pull/6853/head
c7b5d2a05eeeaefd75bf547c0d6e8ffc6f5845bc	refs/github-services/pull/6859/head
cc3093c34e0ce5516f39d1c9a31ea4a1c23ffadb	refs/github-services/pull/6860/head
ac45ed2d2da85ac0f94f303197797e97f1c9cfb3	refs/github-services/pull/6862/head
8a177d8f75aa4a01ec63796db4cb73cb2f84ad1c	refs/github-services/pull/6870/head
1537dac33e15c2c056c93d6d789569758e510ddc	refs/github-services/pull/6877/head
26a86c766d84a4dbec772dae83476e90eed85097	refs/github-services/pull/6878/head
acdc24ed0879e69208fabc6eed62cc96866452ec	refs/github-services/pull/6884/head
582f5b55ebce4b119b7533a3006dc40bab8c8e54	refs/github-services/pull/6894/head
c6a5fa2330a735711e4e6cbbd2e36f1848fb293d	refs/github-services/pull/69/head
e32a2c692ebbedd4b36c5fd7ea3ac24ff3a2a501	refs/github-services/pull/6911/head
10641471bc0d412b729a7a277b1eaea60cad8c08	refs/github-services/pull/6913/head
ff0d6562323cf34f21521b0460cfa2322de90b57	refs/github-services/pull/6921/head
b0aa828514d9bbe60dc095d39a79cc9d2f6c23c1	refs/github-services/pull/6928/head
5285df13ecb9b56377d6b7a56fd04dcc55bf62a2	refs/github-services/pull/6933/head
eea66204ad27d8566d41fd7909dd94ce932e13e0	refs/github-services/pull/6933/merge
e5df38e6470299bd876fe7a4c84699b152b25fb9	refs/github-services/pull/6935/head
05b864bf580260291b4c198a18f30fcd3e77e08e	refs/github-services/pull/694/head
fb714ea04f728c0e9abadf00d5672674935c6d7e	refs/github-services/pull/6940/head
2112830781ee1721e77454ba6f1eb775b57f2838	refs/github-services/pull/6948/head
06e1cf1c3598bcbf12f45472a0b945bb32a886b0	refs/github-services/pull/6957/head
072aa5fd9abb823cb861da26ababba07fa3a14ff	refs/github-services/pull/6962/head
22da8796e5d35d58d9b96b6eff90fc2291383b4b	refs/github-services/pull/6965/head
466e1135857c487b6570e92185d7f60f528a5534	refs/github-services/pull/6970/head
bd8a64dff030c529d93676b0a78773b993e029e0	refs/github-services/pull/6975/head
e69aa0cf4228e88f51daa02db2aaa67b58455336	refs/github-services/pull/6983/head
9bd9a46993166f6186ba35b9ac9c4466141c5897	refs/github-services/pull/6986/head
84782407852dcc05ac06b3d5e2652119d2302135	refs/github-services/pull/6988/head
b7a2e40f23502a8167909c7ab956934d260aa321	refs/github-services/pull/6990/head
35405a49ad205d83572998f3c1d2688f6e45bfb2	refs/github-services/pull/6991/head
076ba8839b6d9103ed734404a4dcf600bee173c0	refs/github-services/pull/6994/head
f3e3d1097a7164b983544a8d28024cb311a36491	refs/github-services/pull/7003/head
97291ab7cf593ca38536b533d71e8de6794b3af3	refs/github-services/pull/7003/merge
6b51727b6e83fd6f7e6d52178b466c1605d117e5	refs/github-services/pull/7005/head
1f48c7a06cbe2abd903272f63f459db00b473954	refs/github-services/pull/7007/head
1e69a9a8248e4dd946934dbc63a4e4dec6f1060d	refs/github-services/pull/7009/head
88a4d6c3012b798043905619561e3fd3fae248ab	refs/github-services/pull/7010/head
0a2756989d031be715631b4ecc4e509872bba5f3	refs/github-services/pull/7011/head
64c523146debc68f49ad7fe0e946c19b7e4fe958	refs/github-services/pull/7013/head
70183c25c74959c1ed0bc1df6ff74e29bad2c5e2	refs/github-services/pull/7015/head
025a2a9066a8ded67d7e62e835ed8919972a6f3f	refs/github-services/pull/7020/head
3524e2d4e8c40f1b3f41f8660a4d27b47e5c0909	refs/github-services/pull/7022/head
cb06d2c6f429ef214c07328dfeb8ec6dea0092a9	refs/github-services/pull/7028/head
a9ad6c707d85e1b6cced06ddceb944799b62a002	refs/github-services/pull/7040/head
96afd3df720a50314f019458afe26efbc218fbbe	refs/github-services/pull/7043/head
13dbe7063bd6e495d218bd2472b7e22c74c5b87f	refs/github-services/pull/7044/head
296c9952391fb53bfba0754e7a42886e583535ed	refs/github-services/pull/7049/head
226e88c4f7cbbb64c4f4abc82a0f17a559d8b2d8	refs/github-services/pull/7050/head
1c9cb776746f1409c24465c068d692a5283d8f78	refs/github-services/pull/7052/head
df1b748b39385a153485fcc2c739b8876f4fd1fa	refs/github-services/pull/7058/head
10a400a3d6c05abd5c918073e778d172de8f2606	refs/github-services/pull/7064/head
8f68800337136243f0ac687b0374309123d93c34	refs/github-services/pull/7064/merge
bd3dd83f674f20d97c60eb60bf0d569339c05283	refs/github-services/pull/7068/head
ff301ab056b87ebe99eef9d30eb5a5b6da31745d	refs/github-services/pull/7069/head
19b9a55404ecfa7ba0712809fa2e9948846a2e4c	refs/github-services/pull/7072/head
5294fa1cbe0276a73ee28f9a3e303d5d5fb8cc53	refs/github-services/pull/7077/head
a7c6c604cc86c6065ba7b86745647c19215faa3b	refs/github-services/pull/7081/head
53c419e0a728ca99d5bc473c55df8b41ffb39164	refs/github-services/pull/7084/head
20b68ce0a9b550319c5bd78cd0bcf9da02b737b8	refs/github-services/pull/7093/head
e568ef1b8455bf3918cb2607256030dda8283664	refs/github-services/pull/7096/head
36fcb364c4967dcc32de863d68f9224f2b5dd0cd	refs/github-services/pull/71/head
8bff78a816f67c1998f2097a33f4dc458d232bdc	refs/github-services/pull/7106/head
f4280ed99419163409067724569b12adffb3210f	refs/github-services/pull/7108/head
e404bdc9d663051cabcea429ece25f247b880f50	refs/github-services/pull/7109/head
9af5c99e56784ecf902570edb7c9d9a666450561	refs/github-services/pull/7119/head
84b9ca7248d05c92c47018b7d872a65c2ebab3b2	refs/github-services/pull/7119/merge
358e29209eb87d3aa2f2f686c9f99658343e7b96	refs/github-services/pull/712/head
f55a222ae420bb71320d2f0a490a379286ad7e1c	refs/github-services/pull/7122/head
66e27016f473078dee6704f147dc25f5039dc224	refs/github-services/pull/7123/head
54f369eb9d809bfb144a28da3baa6bee511fcf2a	refs/github-services/pull/7123/merge
20597a5cd9dd8acddbab5da6f6c4a96d9b2085da	refs/github-services/pull/7124/head
e08af55c5a6e3c85ae6fee86e98da065f0093009	refs/github-services/pull/7126/head
74c46423e3cbf1b47c5dcb0e47c24e75b943197d	refs/github-services/pull/7128/head
bf84f34de3dabff022c63138ae2b1965897c9e55	refs/github-services/pull/7129/head
43a02465d027db108b3e3745830e355f62dd0200	refs/github-services/pull/713/head
c4d4fb3c6bd747ef077eece316ba7f573ec965dc	refs/github-services/pull/7130/head
454e06c6887a6acf9c6925c65d15573d120684b2	refs/github-services/pull/7135/head
e33aa701be9c91558eb99fd7147ffd47bb54a2e5	refs/github-services/pull/714/head
c38a9d068a3880d11b6b11476a3e7f8e3d93870f	refs/github-services/pull/7143/head
27b292d4d75c2c5a7e9b891d810b153d928501ad	refs/github-services/pull/7144/head
9273b746328f461ea7074159ef50f932346ae5ca	refs/github-services/pull/7145/head
778c782ee4a0b1109932a1ce03b91b3eedc3c370	refs/github-services/pull/7171/head
194598bbe6fc2f55384579ed7ea05a5f14950fb0	refs/github-services/pull/7173/head
a955c7146094b67ac0932993c59609f7cfb99dc1	refs/github-services/pull/7175/head
4e2d0178e5b7bec89a1a20388f6fd57b2372ff1a	refs/github-services/pull/7187/head
c1b0cc442aba14cd2895e06d745dc327a10622e8	refs/github-services/pull/7189/head
7140b2c4e854258491643827c257395946b9fc7a	refs/github-services/pull/719/head
dcbbaad2235a37e31a659f986135a04664d7471c	refs/github-services/pull/7190/head
f82a47749f97bd3bded42113ea3528150ea2031e	refs/github-services/pull/7191/head
8fd97558e2d7dfb22c438492a85dd03563868391	refs/github-services/pull/7193/head
734ff80b50d91d3cc7520283eecb252808a5850c	refs/github-services/pull/7194/head
0290daa880dfd0371c30dbd33bc28a71a0070002	refs/github-services/pull/7195/head
bcf44695f59f5b7120a366339f7c04da6ac4e605	refs/github-services/pull/7199/head
c66a2589d868f57d6588cbe31971c73098d500bb	refs/github-services/pull/720/head
fdf741b2099ae5dacfcfe3645eb9c31e40ebfc60	refs/github-services/pull/7207/head
90e89411572eb7ae1f76238a1c5542ee2c793d79	refs/github-services/pull/7209/head
0532048f379f2982e6d6d291fea4a96e7c9b003c	refs/github-services/pull/721/head
219b7d0c241a288e1ee73082bc7d44463fb4b3ea	refs/github-services/pull/7219/head
dd5bc9dc561be1a2eeeba2fdc4c07fb1c274b085	refs/github-services/pull/7219/merge
56a1c43e2c8d6cc049c24d75d548385d2995c509	refs/github-services/pull/722/head
790f24851911a0bc43e42434e4311ef6f652c217	refs/github-services/pull/7224/head
34c2cd3c06ebe50d0185644c865a5631dac9a2e9	refs/github-services/pull/723/head
859afaeece19b005db7d16d48c89fe2720969c56	refs/github-services/pull/725/head
d9c325ab7847ebbc601679bb6ef31a89ac9504ce	refs/github-services/pull/7250/head
a499ec3738f055c5e4deea2ff87773a87a16fc55	refs/github-services/pull/7256/head
7621ea5d8bca6f3763e16bf5bc63f8e8589cde72	refs/github-services/pull/7258/head
57cdf02e139794128c9f5e78ec4704143965493f	refs/github-services/pull/7260/head
b11d18d6dd30187e73cecccbc2efc68f9a6e2f94	refs/github-services/pull/7263/head
2fe491b7b5ca8340cf50bc27c8069ca8208bb530	refs/github-services/pull/7265/head
8d509866bffdd1a616c7fc9de9ffc44fc5e6876e	refs/github-services/pull/727/head
e30f4670b2e63ea5909a897c15328ff20602d50f	refs/github-services/pull/7270/head
731420c28fe6a6a6f50b5a7db61b8dc8b285248f	refs/github-services/pull/7279/head
ecc11f6ba32ac3d7443d52df1f8a6b95a5bd7fb3	refs/github-services/pull/7290/head
12105a06b7b2d64745a019151ce17f5cc831dac8	refs/github-services/pull/7292/head
1eaa5904ca0037ccd3e4dbea5b19e5656f02dfb8	refs/github-services/pull/7295/head
6f045048ca01c16ab28c09a0bb2a3deee1b2701d	refs/github-services/pull/7295/merge
0a50ff6ceb7dd8069fefc98c8fa39359608b8132	refs/github-services/pull/7297/head
345dad1ab43b035f0e09ba15a5c7643989f9f93f	refs/github-services/pull/7301/head
75881aab242fe3432da034bffbaac48b0db749cc	refs/github-services/pull/7308/head
5a79b5911258ddc474a34bc0d873d0870127fad6	refs/github-services/pull/731/head
c411182eefc18d226306f416420fe13b206a25e5	refs/github-services/pull/7315/head
cb89fbfd86cc8dfef45712c1fb2d6c85f5afc04d	refs/github-services/pull/7316/head
c880e1622c1bec032ba0a011d385f05ab752c467	refs/github-services/pull/7317/head
ffec0eebf2efc8246e7596858f7caec6b403bb50	refs/github-services/pull/7322/head
3389e0d74d504ed1fe527469a064186fe51f3253	refs/github-services/pull/7323/head
73dba6f10de1068abc2b8f5a7e4d1d8b1e8ba8ad	refs/github-services/pull/7323/merge
1888c5310744785a00e36916fbd48bed4c94e920	refs/github-services/pull/7329/head
c320c90dc88143869092d0663d8c85ca237b0ec8	refs/github-services/pull/7329/merge
735b17da13929709327b36e639aa5f903874ab7b	refs/github-services/pull/7332/head
cb08bb1ee3677d2481bb04e040a24c8b36ef49ee	refs/github-services/pull/7336/head
9e2ec071c8c4668421d1be01ca2774088ce0c4f2	refs/github-services/pull/7337/head
13617951a5757652f2c87321003bb05ecaafd4cd	refs/github-services/pull/7339/head
304155eec6ac2cde3b748f8e3187c7b96a64ec5d	refs/github-services/pull/7340/head
6b43ca831fa7c15dccf6fd74c32f3ea5c7ddcfc4	refs/github-services/pull/7341/head
e56926e093cd01fd485293eb33db5d866495ddbf	refs/github-services/pull/7342/head
fbdb0aa5198a53b5f87bc1303ae61f526e0939d9	refs/github-services/pull/7342/merge
a7ce8165182fd3f8b3863c74a86dc4f976eba5d5	refs/github-services/pull/7346/head
6a8946a7b46ec123b70b82a1301aaafb9fdc7ea8	refs/github-services/pull/7356/head
89314733ff95b014ed0fe30d5c03817e6000ae98	refs/github-services/pull/7362/head
af35f211dd1c9e09131663d92ceb7f215a9a5f36	refs/github-services/pull/7365/head
d48f0755678e3f80453b50e37cba1d3c4f5bb2dd	refs/github-services/pull/7366/head
88371e59e408e06613fec168496652b002b0cb44	refs/github-services/pull/7368/head
3dcc709345f56916afb7ed4c7e8e763f1a8f4ed1	refs/github-services/pull/737/head
2d099edbeaae26f065b18a207461106b6d644b24	refs/github-services/pull/7375/head
53bfc466bbca121717bf25450a888223896b8612	refs/github-services/pull/7377/head
2e35b35054ac8f3c8ee822bca02a2a7f6a89d226	refs/github-services/pull/7378/head
e8cf696a35adee701b626ec9f906801ef57997e0	refs/github-services/pull/7379/head
70307028e63bf44a1d60b9892b167beb301ed12c	refs/github-services/pull/7380/head
f3bb4ab186b8aa173808ab9bc72edf74f80d6dc0	refs/github-services/pull/7381/head
c40ba388acce0f4352c5f4d4ddaaec116427ce51	refs/github-services/pull/7382/head
e4f6f1ebcdca75360a386a8e97257e08ccc882b9	refs/github-services/pull/7383/head
e8048f32a40d10418bd652c111ba3f7818cd82be	refs/github-services/pull/7384/head
a20c6c3cfbd44cb0754369eb5f80ac6752a98814	refs/github-services/pull/7385/head
7c2dc8e0681820c20efc6f03b552376d5a0148a5	refs/github-services/pull/7386/head
490e35a21a3a8ca5f4aa782465b05f438b63ffd6	refs/github-services/pull/7387/head
c61098475d650c11bdc8eb10ab0cc50746896536	refs/github-services/pull/7388/head
dbcccb472166a85c8a7eca6520bd7b60686ade06	refs/github-services/pull/7389/head
e309c46fccbf4fcd9e1ccd567a2cdf355d659619	refs/github-services/pull/7391/head
21d73aa90ee7ab8d78cfab4b1ec7eee3b112f785	refs/github-services/pull/7396/head
452d0f602338d6380240bad2843f7eae456d089b	refs/github-services/pull/7399/head
eaf4dca0d240c24c4bbbf772bb7934640b2d536c	refs/github-services/pull/74/head
65e8ca17d2fc63a3b4060ef5590624ec2de8a90d	refs/github-services/pull/7400/head
a660063eb79e922c041c58a892dfbc6a8c183d1a	refs/github-services/pull/7401/head
6100accfc2b2375654af511a56eba3e71d7ee660	refs/github-services/pull/7405/head
f360036d8573dcb85b76916e591c19d0b4b2147a	refs/github-services/pull/7406/head
65671dde166823f3472947428e6ce2c00b32a6f7	refs/github-services/pull/7407/head
6f76248cc0da0c2361f9af8ee164cd9e63473d93	refs/github-services/pull/7407/merge
507cb8c2c1208d2f736aafc7257c5eb7c0408e8c	refs/github-services/pull/7409/head
0844550d06f33f2e2eb61f58bbaf59bcadd17588	refs/github-services/pull/7411/head
25cc06fc208b8fedb547e30d48de8079354f91f7	refs/github-services/pull/7414/head
1ca1954edc78c03cfad04a93b89442a963500c56	refs/github-services/pull/7417/head
27ce4dc48862fe644fec32274b6978a09ddd8fb9	refs/github-services/pull/7417/merge
ace1b56467044e2f55919ecff6b65b8076c47120	refs/github-services/pull/7418/head
9a1d1a0ef9f592e7151ac3961a272ea47169b789	refs/github-services/pull/7420/head
8757e36e2799583a54d0891e2b9f7e01073dc1ec	refs/github-services/pull/7421/head
7a60ff886d790dfeea5644707aa5214e2c7229ef	refs/github-services/pull/7422/head
6e1b17166b492cf9f61f51545ee14593afb9ec58	refs/github-services/pull/7422/merge
e04d8b8a931ade42c5d3c1c32130bb3d61142743	refs/github-services/pull/7429/head
cad9e9358dfbe9d9bcc6aac006d86e6478960ba9	refs/github-services/pull/743/head
33cadc1f2aa7c894b9155ebf5a922621e9f0d2bc	refs/github-services/pull/7430/head
1e212f7b231fda13537dc4d846f5ac46217ea6c5	refs/github-services/pull/7431/head
c94d6ac6c485b737fe056c8588b85f3ca0500bd0	refs/github-services/pull/7432/head
5ec2aa67513c7444bbe3ef0b297e6ef2df963be7	refs/github-services/pull/7434/head
f04a322b73d4beb7ed927a826bd5521f3572d67c	refs/github-services/pull/7435/head
f0e83da32b741187f6b227c9bd77f4671718b77b	refs/github-services/pull/7436/head
7864657f88b0bbb6604807ee3b752a9a267d0fdc	refs/github-services/pull/7437/head
d775327cad1597a2efe4177e1b96af0e9a67d7af	refs/github-services/pull/7442/head
f09ca658f1e0f172a2fd6e9a306fa3fadf291896	refs/github-services/pull/7443/head
f9e63d769f949629904e58061709a49ace5aec2b	refs/github-services/pull/7443/merge
30afd6dc04d86390ccde1ff0fb5355c9af3ae58c	refs/github-services/pull/7448/head
393640449a10a361c47f6dc28db2e453bf09939d	refs/github-services/pull/7449/head
b868c0983a1fbfd860016ea926fe278739acb526	refs/github-services/pull/7452/head
9ffd44dba4aa73016aaa932ac223d6f95dace9e4	refs/github-services/pull/7459/head
29bc03460ca07684f8c6050ec21e38ac8dad6fb0	refs/github-services/pull/7460/head
4e5b948965e50d77528465cd257f0874886a0424	refs/github-services/pull/7464/head
d7ad0a352e1697ae2617485b723295f2f0fb0665	refs/github-services/pull/7466/head
b2ce4a93c582b63876983acaf5f1d73ce5705332	refs/github-services/pull/7478/head
92c6315dcb140ba26e3f52289515cf16d1c371d9	refs/github-services/pull/7478/merge
f04d3e2b381a82728e043751e35ab7a32ecd97d0	refs/github-services/pull/7479/head
5731a379cbd15063d44c59918c18d8b9dc2d335a	refs/github-services/pull/7479/merge
8f3715c0f14dd2a5b49020c6e7ed1319074fc608	refs/github-services/pull/7486/head
22d914ad93b64889d520b5f19d0bf16e00be98d2	refs/github-services/pull/7488/head
4ffa01d78a2e3821312fc6751ced9c1dc15858f1	refs/github-services/pull/7494/head
4c8479b63743ae76770e3f486a84123cecef8cff	refs/github-services/pull/7495/head
59c9b162761b2f3c62d3a08f79e1bccf13591fd8	refs/github-services/pull/7498/head
b82aa72c756a95669826bfd0560c7aeaadc71b9b	refs/github-services/pull/75/head
2e12ba1e8e8ac741ba48d8fccdc3f8ab698dd833	refs/github-services/pull/75/merge
3624e95faaedfd1c4473f28b3ad994a944ecd995	refs/github-services/pull/7500/head
f4b0afbc1c42d1fd3d11849fb63930650d2061bf	refs/github-services/pull/7502/head
85aeb6e1cc9282e456c0259f8f4a827decfe2ed4	refs/github-services/pull/7505/head
9a1b0ce44c36f49a55bd99e81cd18769aab9d695	refs/github-services/pull/7509/head
2cac0bdca69a54d683b5fa443746ba99fd9d1533	refs/github-services/pull/7513/head
2403428d12007b4919d7b4c622e6e504667e08c1	refs/github-services/pull/7515/head
7d86e86611b503ab8d28ea62e844aa5bc29001ab	refs/github-services/pull/7516/head
bb0b36c94f046be5b27d3138c38be9dd604e35ab	refs/github-services/pull/7517/head
315b8b7112d77c134c5d7d07150c1b9c8a9b707e	refs/github-services/pull/7518/head
1426c7066bee83f65a5250811ae35ac8923f0661	refs/github-services/pull/752/head
c0f240379cef47fea9a067208adaa0bb3c108ce7	refs/github-services/pull/7521/head
370eea183ef29af0680dd4e1e608ecff34c545ae	refs/github-services/pull/7523/head
21b9db21b35a9db6fa13e4abb87c503cdf70ef3b	refs/github-services/pull/7523/merge
1e0f364f2512436489e44c955bd47ef5a56be86e	refs/github-services/pull/7527/head
7b290ce62855ce82637570b86991f972e6ce34ab	refs/github-services/pull/7528/head
df59c888fd441e2e56fd68eaa98d7a0796b39ab2	refs/github-services/pull/7534/head
b03ce57f2f6719aad1e065477b88af6d42679043	refs/github-services/pull/7534/merge
321878e1bb5e51aef24a4fcc28f8a5fc3cf3ae01	refs/github-services/pull/7536/head
96a0e9f72d218c662193475eaa1bd221e10ec07f	refs/github-services/pull/7543/head
6fc56a63aaeaf4c0f2866d68bd0407b434c1b0d2	refs/github-services/pull/7546/head
959744c0c7f213b55bc453b7dac687453a07941e	refs/github-services/pull/7547/head
d46d29077c8a47285861bde40530811f6654e6bb	refs/github-services/pull/7548/head
d8da01c8771e84446ba483390746cde058630505	refs/github-services/pull/7549/head
ae84a13f6fed83b1860ec331a1cb67b51485ff2b	refs/github-services/pull/7550/head
7dec46d81b875c7f065cfab484925907cc4a1f24	refs/github-services/pull/7551/head
244a06bd42fa479474306197ecb29e7387ed505b	refs/github-services/pull/7557/head
e920a413ad2e824a305ab5705b13311d0af41296	refs/github-services/pull/7564/head
b2b0de593f134dcf6dcd91fe804926b9e68d7765	refs/github-services/pull/7568/head
ca211cf9db9e24bacdaf6438b6dd3ff950cb16f4	refs/github-services/pull/7569/head
acbf751060f8a68fcc003c3d621032203c8a5c0c	refs/github-services/pull/7570/head
018f965a9d5f289df43af99711c2519c9c7be80e	refs/github-services/pull/7570/merge
39fce5a951586f508622fbb34fac939ce1c5b8bb	refs/github-services/pull/7571/head
f3295e266359b89fb94e1fa7b4c6945f65e739e3	refs/github-services/pull/7575/head
09d193045af3881175aee0643d4b7a9d50c939e4	refs/github-services/pull/7576/head
d0edf84601b66ff831e47b6be973274a0b9eb554	refs/github-services/pull/7584/head
7bae10a9c14f2add1b32f2e85a68654601dafc20	refs/github-services/pull/7588/head
0b3967609c3664a62e486b215d9dee893412b2d7	refs/github-services/pull/7589/head
c181aec8b13552ebcb231a40a7d6f0621bbd0dcc	refs/github-services/pull/7589/merge
59d40e535944f0ce448ad508ffbcbf369023b09c	refs/github-services/pull/7592/head
297ec00c47020adfdb9ad3c299d7f19aac826613	refs/github-services/pull/7593/head
caad64905d26dd627a2680fafad040bfcc5c08f2	refs/github-services/pull/7594/head
9ffa97b7d7e7c8101a4a25b73661e92f94155416	refs/github-services/pull/7595/head
23c68b463afaec442bbe352c5961bf5a895eaaa5	refs/github-services/pull/7598/head
dea0ee2a7f5a6ea16a0aa80237d5acea0e7119b8	refs/github-services/pull/76/head
0410cec21b4d62d15fdf90c9f963cf0d7c5d6d70	refs/github-services/pull/7600/head
bcea3b92bbcca662b5008e7392a855ca9023d07c	refs/github-services/pull/7601/head
85baa45f0f181fea3265897df7d2e3fe995b1f6a	refs/github-services/pull/7603/head
ddb362fb4fa52d708b53a22dc997564fbda86df2	refs/github-services/pull/7604/head
98e8318bb6590d7dec953257f3d009e433efd481	refs/github-services/pull/7607/head
d7792d1fbf7ae7fb2d9e2b581ea0d9da8f8c24cf	refs/github-services/pull/7608/head
d7792d1fbf7ae7fb2d9e2b581ea0d9da8f8c24cf	refs/github-services/pull/7609/head
41efe00baaefcca02e1eede6913a4d661a2f851b	refs/github-services/pull/7610/head
8a32d7bea0fca29699688cbed53e2eb8a0318e14	refs/github-services/pull/7611/head
7bae10a9c14f2add1b32f2e85a68654601dafc20	refs/github-services/pull/7612/head
e0df0e6fba003f0e28fe71c9be5df8f47c2a0ad9	refs/github-services/pull/7613/head
2727bec929bbf8565c9ba93aea991d821c84ceb4	refs/github-services/pull/7619/head
b3812412419a4bb37f0cb711313ef6123612b8a4	refs/github-services/pull/7620/head
ae86b2f15287453d4053e27f74a38665455a89bf	refs/github-services/pull/7625/head
bd81388ad3e30a1da0f5d08528042cff406176af	refs/github-services/pull/7631/head
19740909aae6550008ebd92b774e2b5122106fa4	refs/github-services/pull/7631/merge
b043c5f55f9fc1d40e44a8dc128a4b7f34397877	refs/github-services/pull/7633/head
411c73faf66f532a43702743483d7253743ab15e	refs/github-services/pull/7636/head
c1ec24faaad362fd3b36cc51aab33c6178bb1746	refs/github-services/pull/7637/head
a0ec10f5e8af615f9c18d316a2b35d7e360cd4ef	refs/github-services/pull/7643/head
a51aae320166db58812bb6b327c62141aacbdf5e	refs/github-services/pull/7644/head
e30748a04b88474fa22d30d13f9eabacbeef73f1	refs/github-services/pull/7645/head
d00b056ca036559900f1971c66653f8f5c684da3	refs/github-services/pull/7645/merge
648c328d3783ace58e95e68f7788a35787a0cbda	refs/github-services/pull/7648/head
ed2846f80b64fd214108ad3eeb32e97b6447b1a9	refs/github-services/pull/7648/merge
8508e228570a3151506d55d595ea892aeeff0015	refs/github-services/pull/7649/head
6d319aa6504a2123c66a6bef2998ae246162b00a	refs/github-services/pull/7649/merge
0e3331e393789ff288ff57e053fe779a78aa0e8f	refs/github-services/pull/7653/head
6c3b9a3cf75a94b7f8e9d99c4c53d61aac149862	refs/github-services/pull/7653/merge
509cb570792c09c5f6a714b0fc37cba84d37a8c2	refs/github-services/pull/7659/head
21037d3721c940319d4fbd5dc9e917271b75bba7	refs/github-services/pull/7659/merge
b709f355ae3ab1e07fd4721f37d8701341890a24	refs/github-services/pull/7660/head
a5a5368909287c269f095aaded7a1e8eabdac729	refs/github-services/pull/7661/head
89026e6ed3b9cb5e0fd3d059806015602b6d3fb9	refs/github-services/pull/7668/head
4bc21f840e95719b8e26c1458801ee20b7639d53	refs/github-services/pull/7669/head
098d48d13d39ba49adb6e1fd0b1418f72ca886c2	refs/github-services/pull/7669/merge
10a50eb95ee7b3b0726909b94fb2218bf824105f	refs/github-services/pull/7670/head
09b434078f6a757556c5829e1b3f9f1482671f00	refs/github-services/pull/7670/merge
455802e403f01230da8f7aa1e11b9d85e57715f2	refs/github-services/pull/7671/head
78f4190160ee773085d0cbe132057cc467fef57d	refs/github-services/pull/7672/head
338782884ec1857b73de93c29d726ce8e9cc3f3f	refs/github-services/pull/7673/head
ee733f0a8a55f9995b09edfb7e5eac06cf7f7600	refs/github-services/pull/7676/head
f2823300600a5ead7c64367fcd823822c5a9acd3	refs/github-services/pull/7676/merge
56527c4389853c47db135e90ccfe867d17b25c88	refs/github-services/pull/7683/head
0a0a70004e99721c0e2a71281eb520788b2043f6	refs/github-services/pull/7684/head
916451072ce97a8465f773c092dac732d7304747	refs/github-services/pull/7686/head
03b35b1d1001f84c9a663c7c92f028e42ee38e7f	refs/github-services/pull/7687/head
5e63d8d4c6746bbc077e5f40e548329e50f3d704	refs/github-services/pull/7689/head
28a81c17644f646a1ea406e32e1c8ed46ccafa2d	refs/github-services/pull/7692/head
f040ca6a6e18884fe5a955a5c12f754333acace4	refs/github-services/pull/7693/head
ee45139b026a7f4af87b8614edd08ce2c64fecb9	refs/github-services/pull/7695/head
bab00dffc31ead93ec7b3bdc1c2abb3e4a6d7d6e	refs/github-services/pull/7697/head
6993eb7a669008d35eca1b9fa8c6f35e04718abe	refs/github-services/pull/7698/head
c24b8fc8e15ae94abe6d54d5dd80d8560a9dbb48	refs/github-services/pull/7699/head
7cd556bf6d0f50bdf3c0bbbdf9f43a18c12e271f	refs/github-services/pull/7700/head
0db05183cc0e96872f5f4abafa142604b71e9de3	refs/github-services/pull/7701/head
24a593611e48e954464cd2ddeb0f299c5c8e2538	refs/github-services/pull/7701/merge
7c738c15d927e926ba05b31ef09b852c07ce04f2	refs/github-services/pull/7704/head
7c738c15d927e926ba05b31ef09b852c07ce04f2	refs/github-services/pull/7705/head
385d4aa40935bbebf47cd05574152aa323f5176a	refs/github-services/pull/7706/head
c44df300487d544278032720fcd31c9ddb2b9b0f	refs/github-services/pull/7708/head
8cc9678862b0c4b0edb45602565d61c87e7e50a8	refs/github-services/pull/7709/head
420090c3b4f3206020abeefe55711f147de9a7c1	refs/github-services/pull/7709/merge
f8e53c20a70f23504789a0d64e56c772f478e7dd	refs/github-services/pull/7710/head
85ae25cd3ce3c069cee98f0e7da711c8c48f7e9f	refs/github-services/pull/7713/head
8634569de7da9d83797cdd5f322c91e8d1d138ed	refs/github-services/pull/7715/head
1d52391ef20be38ef66560d0d745493c789222a0	refs/github-services/pull/7715/merge
8e02ab5b309041bde245e3b57f588628427931f0	refs/github-services/pull/7719/head
23aff730e78c0ef6d67ae432d55cdc901bb17c2a	refs/github-services/pull/7719/merge
135d0478849c52bf29ddfb3e9464793c67bf1eee	refs/github-services/pull/7720/head
5d842aa644fcccc967bceee9c23696558ba99e9f	refs/github-services/pull/7721/head
59846755419498b267081920625b3238ff8e8302	refs/github-services/pull/7725/head
423bfee68ea483679ed766078222079c681a3d4e	refs/github-services/pull/7726/head
e1213652418e3a05b3aa531d8664854673de4b28	refs/github-services/pull/7727/head
d891ccb9d412212fbecab384abde0a04ee39f757	refs/github-services/pull/7730/head
c557ed35df1d3a6366c820b5ca7ec02699257c0d	refs/github-services/pull/7731/head
b730728b6e8e58ed18f652cb6a977445aba42964	refs/github-services/pull/7732/head
3ef17ac67b58d85b5151f4486ad9008fd83e3b1e	refs/github-services/pull/7733/head
e42acdfa8643dbb7b412c9c68ac23fcf09dca2e5	refs/github-services/pull/7735/head
9e18e81d90d2e3864a87ce2bfed71d8372656759	refs/github-services/pull/7736/head
b34a4069d2c9a9f845b7cccf95e430ca58b42c07	refs/github-services/pull/7736/merge
221f7a197392078bc50cc0f57162a93d67e15371	refs/github-services/pull/7740/head
fdd7d1c8274ebc8571fb352e1dd30390e12c3ebb	refs/github-services/pull/7742/head
2f5d107ff1bc887218018b0a34f89386e9ba499f	refs/github-services/pull/7744/head
eea2670acd98d2a070f0ebee58d1d469a981773c	refs/github-services/pull/7744/merge
e74ae9360ac71ca8b484a7fe3a3a329d0e3b9214	refs/github-services/pull/7746/head
11ecee8b7144dff1cf0fe78d85217521aa5cb563	refs/github-services/pull/7748/head
c53c9418d2b933d848b720369a2dae15367bb204	refs/github-services/pull/7748/merge
48b265a6a8ebed33d96feb61e21345b71ae16ee0	refs/github-services/pull/7751/head
053eb8487cb9662fdb706dc0ebc392f470769073	refs/github-services/pull/7752/head
bb261847dab2729dd5ae46215b96b8dc118367e4	refs/github-services/pull/7753/head
f40df3415d676e8c9820c6e56a5221bcb8793481	refs/github-services/pull/7754/head
d8a23f8db4f015ba3cb1f219d5e3553e033fc6ed	refs/github-services/pull/7755/head
03a15c9002f57ce541a9b450bf68b3859b14ce56	refs/github-services/pull/7756/head
e145f0bb2a9364922e7f7f0da3f39c25ee249838	refs/github-services/pull/7757/head
0a42d80d5094024d1b558b33cf173a96131c3966	refs/github-services/pull/7758/head
069925b588d26791b3ce07b7884807af388f169f	refs/github-services/pull/7761/head
d701820fbfde8c026a2411e9b2718fb4facb325c	refs/github-services/pull/7764/head
ebae8158fc78bbe42a067e1561eff052da8c2de5	refs/github-services/pull/7766/head
a3c020bd3b0080b4927694220f504909eca12342	refs/github-services/pull/7766/merge
deeabd3ada4ef8505595fd1562877eea1424ec4c	refs/github-services/pull/7768/head
2b8d9e923d9bf6643d780d78eb169a87453a2561	refs/github-services/pull/7769/head
e624cef19710d354e5bde9f603f9584d4f8e8555	refs/github-services/pull/7769/merge
17eb5f4388d8dbb24149648a74ca3486dc8869fa	refs/github-services/pull/7772/head
74600376022aa3f44c1fbaf0df36752e9ee560e1	refs/github-services/pull/7777/head
63d7d243e2281d8bd7591d97ce617d0b4fc6d468	refs/github-services/pull/7778/head
2786d7a20c50957479b0beb3cf35c1bd322162b3	refs/github-services/pull/778/head
60ccd3ab7e03766409221a3aed777243e789eed2	refs/github-services/pull/7781/head
3f4d458375e3064cd7a6dbcf3a0e75aecf7965bf	refs/github-services/pull/7781/merge
5d7e84587315701619a2110074df0343e28a3190	refs/github-services/pull/7783/head
4043037484bb77dfe916de63248b6e721d56de9f	refs/github-services/pull/7785/head
9da503e790ec1de9bc15cbe0e8ca47ec7782d586	refs/github-services/pull/7785/merge
d73172cc2d54df5fb4e3db7843419fefb9c81eb1	refs/github-services/pull/779/head
1ec7d80fcbea775a6d1f38c76df40da80aac7fd9	refs/github-services/pull/7791/head
59ac0b29549b94b4b9691e62c3406f53c1c4ddc1	refs/github-services/pull/7792/head
70b1d9387bedc3723b38f2a65b68e49123c97f80	refs/github-services/pull/7793/head
6b9dbebcccb9cc722865e6ed6d4160d02aa71d53	refs/github-services/pull/7795/head
3b3d30a5096134bdbab7d1600835600aec92d767	refs/github-services/pull/7795/merge
d3fd0044b1ac556e187d52a11a88a1492832b0c4	refs/github-services/pull/7796/head
4cf73548df4392081b1636b1a6f1926a0766ae72	refs/github-services/pull/7797/head
3409c656ca91dbd82bb9428645e956e740aaf45c	refs/github-services/pull/7798/head
3913bc606d6e733a2ce8e6222278463a5b113e47	refs/github-services/pull/7798/merge
3b169219af80243400751b9537e78db62e716461	refs/github-services/pull/78/head
52112344b4da9aef5d9cdbcb423309df800fc31c	refs/github-services/pull/78/merge
ba4a94dfead0a23588b94604a21bf5a729a1ed5d	refs/github-services/pull/7802/head
f94ed4ed4b3e277b19f3072b06b878b9904fff82	refs/github-services/pull/7805/head
3d99ff709cfda576a6f099ca270c812a654dfefe	refs/github-services/pull/7807/head
0c3fef9151015db8c1e1d6ccd28e2df7dc54563e	refs/github-services/pull/7807/merge
aa5f5120e003553e55215c2342f20d5c0271dcd9	refs/github-services/pull/7808/head
740f0f8629988fb19aa1921ec9810a46bab80109	refs/github-services/pull/7809/head
00cf4463d43080966b376d599c505b3f5bd4fa2d	refs/github-services/pull/7809/merge
7a8685ddc0c3fcfdb3fedb69eddefc6215b2c27e	refs/github-services/pull/7810/head
1acce39867595102a7d831ddbf411d14500d1671	refs/github-services/pull/7813/head
4e196bc6996ab8ddb8ee3ec32b9cf369a37fbf67	refs/github-services/pull/7813/merge
d164c5d8d7ef6fbebc8c10554e787324965cc653	refs/github-services/pull/7816/head
45c64e1b4a5f730b96d4ba747ad5f99e03935530	refs/github-services/pull/7818/head
21d6c678fd6089229286e2e28f2f8eeb00775274	refs/github-services/pull/7818/merge
f8df21764cb3b233f8f1457038e474b0f083082d	refs/github-services/pull/7819/head
77e66a7d89b58efd7de231240bc2641b6630d826	refs/github-services/pull/7820/head
1e1331fa703d4cd96dd13f1fd44a29ee24b5db1c	refs/github-services/pull/7823/head
2c6d1e53f8c880895802a506fae1f7cee301d1cd	refs/github-services/pull/7823/merge
a2614018ed89061d049701ec75a3485a971439b7	refs/github-services/pull/7824/head
b0b277dce9aea1594440e497b82cb4547888144e	refs/github-services/pull/7825/head
c93a51bd09478d50ee8ec53d7301017fa0feea4e	refs/github-services/pull/7826/head
876eeb4ea70200545f946ecd287a608f27fb20d6	refs/github-services/pull/783/head
0222cfd5691d46b80f8dc045184d14ef45745527	refs/github-services/pull/7831/head
60063ac1c7b165b1dc94a7690ab9a72e654278d3	refs/github-services/pull/7833/head
b7bc037b7054263db0944806f24eb94e01676bdc	refs/github-services/pull/7833/merge
8a3ef3b94a202a6cad0c63b5aa32e0a94c678cc3	refs/github-services/pull/7837/head
27d265c56f0d17184efe90c7d50b2788c9c9c3fb	refs/github-services/pull/7837/merge
ae1c5444c31e02e85c96fab06677436baa74821b	refs/github-services/pull/7839/head
8e4990f82b1a424d860c0da35090d1d0ba176e3b	refs/github-services/pull/7839/merge
a17c48011f35c34d0010212319a2b33a549d8771	refs/github-services/pull/784/head
2f05d36272ba93c5ad0db0a2040aae16df3cd784	refs/github-services/pull/7841/head
07b53f38b4d0294246666bdad46655e221659f7b	refs/github-services/pull/7842/head
6b7318321ba8e834bd263ada6551e3ab72d44b21	refs/github-services/pull/7843/head
2cae90d3b1205462570e68a6a89e6f8dd60589da	refs/github-services/pull/7844/head
cf3602bee1ce64ba12215cb0dcc3a8e07a0e6f71	refs/github-services/pull/7845/head
2ac4225ac9e02ee6a871d582ba9c7ef868870422	refs/github-services/pull/7846/head
d8e9ae39a2cd5dbec7ee4896d2fdc7433606a39d	refs/github-services/pull/7847/head
bb755957bb726280742d28b4f638ae24143fbf75	refs/github-services/pull/7848/head
8c6d59789d8d515956bc33ba5df07a93b19b04cd	refs/github-services/pull/7849/head
b9d08a34ceccffaf4c9cd9159b55a8577c3af07d	refs/github-services/pull/7850/head
830ca34310b9ea7c9910bc5be6f52a5cbcef3402	refs/github-services/pull/7850/merge
e8fa73c8164c1f8bbfd4eb320f27ab30666b3a45	refs/github-services/pull/7851/head
583d2a36df3e1327b23b7a2e9a8bc85cebc63ce2	refs/github-services/pull/7851/merge
8a282e6198a7f550f688a6c9ee769f0d6629c115	refs/github-services/pull/7854/head
f5c22d97e9f49863ee4d592b769fd860dec95ffc	refs/github-services/pull/7858/head
35f8f5a7a3f37fb74c68bb79146c06a05fc3795e	refs/github-services/pull/7858/merge
13637cfea03aaae9f25e7a8d32e37bed132f8a05	refs/github-services/pull/7859/head
d02e058e52e3c5dbafd69590228970fd86526c0c	refs/github-services/pull/7860/head
885745a0220b334e56132d94e3f3d43cb0507f76	refs/github-services/pull/7862/head
91ebb8148e964842a0bd1e524b9c792fc4ed9f86	refs/github-services/pull/7863/head
ae6c367ad846bf0f44c48fede815bd97380db768	refs/github-services/pull/7863/merge
83e4a9ffaa7ca00a738b866c0cfcf5579da9ae02	refs/github-services/pull/7864/head
61f3356d46d2acb30491414ac2f6d86129f544c5	refs/github-services/pull/7865/head
951c6f23773025fa35276035be94cfa58c10c668	refs/github-services/pull/7866/head
9eb8f4e312d7f1fa8f6783a5b4fb4188ed9c9beb	refs/github-services/pull/7867/head
d71b9c9c8cf667bf4b65e487c9e4505dfcdae4bf	refs/github-services/pull/7868/head
960f803ebdbf3ddeaabfb90ecd16c8ae02a48a46	refs/github-services/pull/7868/merge
7d27a2bf7f8f1d23ee1fa7c535db3e750da817e1	refs/github-services/pull/7869/head
70a82a6d051d16f98157a978b72ddb5e9699c11c	refs/github-services/pull/7869/merge
46640722b405d8b3a1a245a2d9b66dc79dd9a892	refs/github-services/pull/7870/head
cc959614887f6973e849847dbbfdf1a60aac4813	refs/github-services/pull/7870/merge
f229ad5fd060ebdd4f2edc20b7a285ccdff2c0b4	refs/github-services/pull/7871/head
f609fd0085e181ff07249fcbe975c85e036760bd	refs/github-services/pull/7871/merge
712da05fa1654ef8b3759cdec5135b943a71caf3	refs/github-services/pull/7872/head
bb4943bd2410a4c150bad87686d51e7688f11e4b	refs/github-services/pull/7872/merge
38654d3d52d4ee53a12e166f0251bbfef8ea05c2	refs/github-services/pull/7873/head
d828024a54b45808f0a14f260d3b9f613fa80b72	refs/github-services/pull/7873/merge
9246be710c4ae5d1c4c5aae1431ff666c1d14bc0	refs/github-services/pull/7876/head
a136ca2d0dafb2225b8ac23af9b86fb41fcc95e6	refs/github-services/pull/7879/head
11d8d4b5895a3bedac0697eef90b255a52c335b4	refs/github-services/pull/788/head
0d82ee302ed9a450910183e1d808d9dd1fe98379	refs/github-services/pull/7880/head
38a660e360dc9c88fc9efe671bfb87da9b256db2	refs/github-services/pull/7882/head
526172b3410c7c6acc4ba9e9b1d9dd12e589d0d5	refs/github-services/pull/7886/head
9b11e3bcd63950560c13f44a24b4da8d488468df	refs/github-services/pull/7890/head
483c7d2253fc1e2307bb12a8874af54ca214eb02	refs/github-services/pull/7890/merge
16f379f2d1c9a8b3b5f8792da1af972498b94dbb	refs/github-services/pull/7892/head
cefba1efafbcbce308acbd4ad808ab04722bc742	refs/github-services/pull/7892/merge
25dc8c3518b5e1c71f3d01f991bea51efc37599a	refs/github-services/pull/7893/head
90149d6b1967dbd5b538a9cf5fb719b3a8a72093	refs/github-services/pull/7894/head
5130e40fc5ffa06bac24fac254eebbce3bfeffc0	refs/github-services/pull/7895/head
e0fef2bca10aa5839c0312d0ff22b2dc6cfb5dd8	refs/github-services/pull/7895/merge
4eaea146af3d52c1f72f3e42459b778fa040c29f	refs/github-services/pull/7896/head
95851ff94c82f647313f9a98843dcf0d3cdd69f7	refs/github-services/pull/7897/head
b0246f76097b89813f9e32eae2cb01607d6f9afe	refs/github-services/pull/7898/head
85cc1f75c91809537af3c06511560138f032d945	refs/github-services/pull/7898/merge
9d0cc5ab3f5aae4b0fa407571c907ad2f62b4f5b	refs/github-services/pull/7899/head
43c3a8555afd6248170793a076f37f1963555245	refs/github-services/pull/7899/merge
dbc59fe3465614a2a101ceb24d9134224ac71de3	refs/github-services/pull/79/head
0cf5b5434d29e590cbd05bd593553e5c88e5757e	refs/github-services/pull/79/merge
495a8d33cdf2eef6580bc7c43e8feda55de62639	refs/github-services/pull/7904/head
dd8835f66c00f79ccf5f857c918c6ac0f1106afa	refs/github-services/pull/7905/head
ff32558949caf0bfcba58711ed4d3526e352abc5	refs/github-services/pull/7906/head
ec7647b222abdf7147c886e5bcf32fd87e709c9d	refs/github-services/pull/7907/head
5a1723f52478906141d1f83b4908703b5ce8fcda	refs/github-services/pull/7908/head
8c6a897eb71e88abe30710cfc766c6f892172dc5	refs/github-services/pull/7914/head
72813d3f414671b285938ea17ca51fcf58e55c10	refs/github-services/pull/7915/head
41a3f8f45f0ef14d3a215e1dedaa516421888612	refs/github-services/pull/7915/merge
f59942c453e6b5939b46a3b0ef7001200d0adab8	refs/github-services/pull/7916/head
83ecce457fb467b23180f680877dc371246a35b9	refs/github-services/pull/7916/merge
a072c72666a4ea30b036107eb33c9d6de33cf619	refs/github-services/pull/7917/head
cced5253d41ab4d565fdce0195ad3c6d6c66a480	refs/github-services/pull/7917/merge
f105c6f1fa3b871e5e63f9ba12004fbb57caddeb	refs/github-services/pull/7918/head
801a1c7c8045bc654c3054aa8f5a4ed6e3658a05	refs/github-services/pull/7918/merge
8f5d499f39c46b3cc5d2ec017c79984b3f88a281	refs/github-services/pull/7920/head
11cded9d166d1737efd7e8d4363d380da4044f9c	refs/github-services/pull/7920/merge
cefb8b20a55345a58e58896374489130b30b1f06	refs/github-services/pull/7922/head
affcdb9dbcda75d954e28014592e3e6540a54ad1	refs/github-services/pull/7922/merge
6312229c13dfbf96ba45105baeed37ce1324fbfb	refs/github-services/pull/7923/head
d4bc8977f04e186ac24e007ce134f66de03126ba	refs/github-services/pull/7923/merge
0e83b888a86124c173c7b291f9da853902091eeb	refs/github-services/pull/7924/head
094a1dd035ee770a5ed083284f861f9c2b15dd48	refs/github-services/pull/7928/head
bae1eddda9ced86a3bb0aeb5c9955818c252fc02	refs/github-services/pull/7930/head
4a1cda84fde83bcd7c55e7fbdc1b441e33c01c16	refs/github-services/pull/7931/head
ac8ac3585b1635a36aaab810997ec4a51879139e	refs/github-services/pull/7931/merge
350ca1c186d0bbb74cd3788cc6bdde60a598a76e	refs/github-services/pull/7933/head
4feec44bf66c5016633441245c9c58c5eb3548c1	refs/github-services/pull/7933/merge
c9ce62aca43f8f2af0fd081be3edc9e82bb14ea2	refs/github-services/pull/7935/head
708c2a6b74a3e499114023af605ce55b2b5af0df	refs/github-services/pull/7936/head
9338bcebfdb0ce5accab47e035b2113113e3fcf9	refs/github-services/pull/7937/head
07c64251ac99376b6958a657388394de6a6a073c	refs/github-services/pull/7937/merge
ca49ae3856db23ec7e2dcfb83e3058666421a658	refs/github-services/pull/7938/head
7e3a9e4a75fa88d6c11092a58a79e1c6bdd69398	refs/github-services/pull/7940/head
4600e2199d312cca6efd9a34c4a0770c9fa4f35c	refs/github-services/pull/7940/merge
14c2a6b6a49209539246786c8cd6ef1e913295a6	refs/github-services/pull/7941/head
bfb4312906bcbeb6dfa9bc7bd044cd5e2d593b5a	refs/github-services/pull/7944/head
48a6ee359eeacc8f46241d668fca4a380406e9f8	refs/github-services/pull/7952/head
3d402b7771b27c6dd6cb2d44baaf2854b8652866	refs/github-services/pull/7953/head
71b3fba7d4c7fe060455eee1ed5a63f75c9bd91f	refs/github-services/pull/7954/head
22be0d8196e12057da2324728ef841d25e677258	refs/github-services/pull/7955/head
63f512a6c920fcedc04091a071c39b6676bd44fa	refs/github-services/pull/7956/head
c031a0edf45e3d61ee3f7ebaa2e2765574d8ae38	refs/github-services/pull/7961/head
d5b3b139d02c8714e4d574dce5670b960d5f7474	refs/github-services/pull/7961/merge
bd934d9b8ec30c8dccc2de0c74fcdd36273fac5d	refs/github-services/pull/7963/head
237394ad77b4ffa204f8212b18580e5efcceb46a	refs/github-services/pull/7963/merge
9663fc87e3db309e8a156ea73d7411bd48bcd027	refs/github-services/pull/7964/head
738110bed79bb66f97f4e26704d1d301fec460f7	refs/github-services/pull/7965/head
f1b47a692aaa76262b482811a2d02a08a0c8089b	refs/github-services/pull/7965/merge
ef055669b470dc3a8f2075d0eaaea2eaa003cfca	refs/github-services/pull/7968/head
cc1b4a06e4c649e4b07c6ed67e9047102bc10c52	refs/github-services/pull/7970/head
3e95d1fb55656ca6ab7a82d1bb7fca1b0325364f	refs/github-services/pull/7970/merge
ebea19d4c260b02804ea02671831be32629cda32	refs/github-services/pull/7971/head
0ffe4c16449bea99706763645943d58cfe51ba02	refs/github-services/pull/7971/merge
b51793795aa5117c3722b6ed1eb84c0dc5cad5f8	refs/github-services/pull/7972/head
2a1523422f0fecec13fec8280ac27b14e28abd29	refs/github-services/pull/7974/head
c7ff18d0736a0c06a94d3d2421fbbf451a3ad74e	refs/github-services/pull/7977/head
98d92f67fbcaa8cf18c752c0ec6fa843a3da4199	refs/github-services/pull/7977/merge
8b7348ac7d0c7803c6ccabf4ff74a18332469521	refs/github-services/pull/7986/head
57a47a65ba33a3381e3c8a15651ac5568ca46d94	refs/github-services/pull/7986/merge
182e7a4dfa6fb6ea8a923da4d21e93413c5fa72b	refs/github-services/pull/7987/head
9f2443e01c2d5ff0d386694fcc6f2bc3ac6d8dfc	refs/github-services/pull/799/head
ef1e534d26199077a913290d4dcbb669f6db7ec5	refs/github-services/pull/7993/head
14108ef7584c2950866ff2502c1ebbd00f3a7411	refs/github-services/pull/7993/merge
d72c4007562dfa7ab8b57540dc928c2d7d891dab	refs/github-services/pull/8000/head
41bdc463736c78a718f9dd404894b2b034c711be	refs/github-services/pull/8000/merge
7dc280c14de16eea3ef6fe17070dba118d709582	refs/github-services/pull/8002/head
49f56a9d065769c2c470f87d715c87c262f880ad	refs/github-services/pull/8003/head
328b6ac95fa926ccedf101db3f77e3ec5c537fef	refs/github-services/pull/8004/head
dcb38f3ce0efce886bdd4c9e7f154846262a3f61	refs/github-services/pull/8005/head
d0ebac7e86b0c490cda8d314be4c7598002fc65d	refs/github-services/pull/8005/merge
0b71ffea32f5c882be658f23953801726f5d0d38	refs/github-services/pull/8007/head
a5ffe549655dd870bc1f38f09ff405d0934577e2	refs/github-services/pull/8007/merge
675079f2bf3978b36152833e293bbce7076a1d1b	refs/github-services/pull/801/head
565ae33c171c5dc2b58d71b1d222ab60749a8010	refs/github-services/pull/8012/head
02d3819f3ec60d4fd8d5a5ead425f023e0584f96	refs/github-services/pull/8012/merge
7881f5992f91e6e7ccfbf7588dafb20fcf29dfd6	refs/github-services/pull/8014/head
e8ab30ab3ed5e7776dd5ac7b21fec475261ef65c	refs/github-services/pull/8019/head
a337727d687f0025f7d3696669077a2a3dbef8b3	refs/github-services/pull/8025/head
28646449ee6f75d4e5008697878dac6167db6cf3	refs/github-services/pull/8028/head
7d96bc1271618fcb9950bd68c41e1c7241d92c13	refs/github-services/pull/8029/head
9abfe4d6643b5dd2ec58b20a4930c52078f3552c	refs/github-services/pull/8030/head
df35a8954bd39ca0a4612a965b420a8e5f97a03a	refs/github-services/pull/8032/head
c56f894e683a1db1390e9395e3faa23540981170	refs/github-services/pull/8032/merge
e21d9109ed0ceb8a4300dc1fac39289391aef0a9	refs/github-services/pull/8033/head
2be1514623e8212833e61673740bc6c55c019dc9	refs/github-services/pull/8039/head
23e525f3a7f6ef744d043a4bee7d6465a505fafe	refs/github-services/pull/8044/head
2e0fb4956d4450c5bdb710eece87e719098ad24f	refs/github-services/pull/8048/head
647a1f44eec3ae353702181fc43dbd5683a2aa43	refs/github-services/pull/8055/head
fffa2122861b228f54b0104f79d34639b780bb61	refs/github-services/pull/8055/merge
dd902bf0f8cee5be4e791adde774ce5fe63346ab	refs/github-services/pull/8057/head
246ba90e573b24739048c21c19db2237c74dbdb6	refs/github-services/pull/8058/head
02f4e2d37397dbc9f7a7bf207772141e82fddb91	refs/github-services/pull/8059/head
e5116732d03a8ca1b0b37c44316ae5f5df4ff1fb	refs/github-services/pull/8061/head
f27988ee657c8f2de1812f94b0992d61fab11fee	refs/github-services/pull/8061/merge
f58875228dbf94bdfdbe1ed4fc34d117728036fb	refs/github-services/pull/8062/head
423d85327a4b7a49af05b4814a8a6c779451145e	refs/github-services/pull/8062/merge
bea4f2c3647c216b5dfe1dc79331379db7f7a942	refs/github-services/pull/8064/head
df1cc461976a5ea7677b1de0e13a5d5ef47bc525	refs/github-services/pull/8064/merge
5cbb32193d55c50d226b44eead196340384cae4d	refs/github-services/pull/8065/head
801509942040b9a2c2846969569cf8b5fd88d0a2	refs/github-services/pull/8065/merge
cc93b0f99f65520f4adc2557af2e7d3e6154167e	refs/github-services/pull/8067/head
a1d2720566200a9aab59a162794b17c1f1a649ed	refs/github-services/pull/8068/head
f583e885927cf22854ecbd8db8d88145687ba297	refs/github-services/pull/8069/head
f0b9850ad900c7348ea6028b0217a98e77c717ee	refs/github-services/pull/8075/head
e7eee598f6efe28c4274667912921fa640b2f4c3	refs/github-services/pull/8076/head
1b2507e143032391e4ba509454879d1004fcc35c	refs/github-services/pull/8078/head
f851901a8e3bfe5b0e6d89b5848306496f9277d0	refs/github-services/pull/8079/head
39afe84697076aa6d23bb5cae87b20ecfd48d3b1	refs/github-services/pull/8082/head
253a6c56a1e67eb52cabe64ba11d6a55a5b90f1a	refs/github-services/pull/8083/head
6b5e870e979ebf46909068a8cee802709bd17703	refs/github-services/pull/8083/merge
70476b4263a83e10739a1a1da1a7b6c2b0188118	refs/github-services/pull/8086/head
22b3212bf151ff5b315b30eda09eba469506e1ff	refs/github-services/pull/8086/merge
d4354ce9949c6aad1e7b932facfea106e4c26c49	refs/github-services/pull/8087/head
9edb9b74870e7b923752b772b25cc1abada44b0c	refs/github-services/pull/8087/merge
3e0978062f2f79827f4618d7d57043242fbbf8c6	refs/github-services/pull/8089/head
a180cb69278c8949313eff78ff86e3b1de436931	refs/github-services/pull/8092/head
92519a0af20126626589a36f1726e4d81f2c74b5	refs/github-services/pull/8093/head
cf6ecc83d8320f7e3a13d0bed755164db9f847c7	refs/github-services/pull/8094/head
1c77a551f8edcba3b909aeb920f9c6ebe7661b3f	refs/github-services/pull/8095/head
4821875abcb364c693b591e43eed50f40e126880	refs/github-services/pull/8096/head
bf8d1a8cad0b3d6e4ca77e82c73c71214aaa86db	refs/github-services/pull/8098/head
f6369c3a2ccdca65602458140e38d3215135b935	refs/github-services/pull/8098/merge
d5e52a7e8c7e32f89da3083dec880ea858c96c2c	refs/github-services/pull/8107/head
786d3c8a894e57b340d725a701977456d285e05a	refs/github-services/pull/8109/head
e46add04e532836b96cd7f70a8ebee3c5ca7d64d	refs/github-services/pull/8111/head
cb2f20b2b6080aca6ea07b096ebe5f25970e7cda	refs/github-services/pull/8112/head
1774947f6639cea17c18bad7cbce98eb92a8bd86	refs/github-services/pull/8114/head
f8d0e94895391ec772193a3d5ca46c94429e7f0c	refs/github-services/pull/8117/head
73571ceea7af39686f2fb58189c2876d5c4fd551	refs/github-services/pull/8118/head
2cb9ff694670a8c8ea3f53cb3e7cb5066c399fe5	refs/github-services/pull/8121/head
d538542fb1c89c9c3fa66f5187b8159f18506c45	refs/github-services/pull/8123/head
7fe340f11a193f3d0299d925a59f4ed5103ef412	refs/github-services/pull/8123/merge
0d80a73797afe34b15433f4498084d8b12e4ae0a	refs/github-services/pull/8124/head
88351ecee09a53830dc970341a0172b4beaec5e3	refs/github-services/pull/8125/head
908a59fc316f5b8fee45a9ed7f09c672c2939384	refs/github-services/pull/8126/head
51c59dc772a3fef5c3efae1dee1908f888dab949	refs/github-services/pull/8132/head
453e6dc1cc1a3242566ba626bc788cb56761ed9d	refs/github-services/pull/8133/head
134972b209f68aa45734a8669d3ea52266189e90	refs/github-services/pull/8136/head
b63137e859294c47f9f44da6d3722b227fd9f376	refs/github-services/pull/8139/head
2857302022881c66310be0afc537b990480b2696	refs/github-services/pull/8141/head
680f29f284876bf3a0d8ff25487716f63ff1e591	refs/github-services/pull/8142/head
be3e20474b98a757c74e37ddc6ad13ff35a70408	refs/github-services/pull/8143/head
99cfa2bd567a5ef2ff96d86ba0d9843ea6bd68ea	refs/github-services/pull/8144/head
b75a689bffac68bee3b404dd9a3c9a61b9c682da	refs/github-services/pull/8145/head
afca6b986cad45eff1a5e249f31ebf7f9af9092f	refs/github-services/pull/8145/merge
b6e4b5b50e029ed88c24815b9ba37b5153b70bea	refs/github-services/pull/8147/head
a139adaa2c7788c0f5c882fb2f767ef8449df3d7	refs/github-services/pull/8148/head
56bb6180d358cb7f4434d50cf1766699e0d67d00	refs/github-services/pull/8150/head
e076037d05259d4a44bdba232d499270b01fa4d0	refs/github-services/pull/8151/head
9f5e4d3949c4dfaca50599c0721e344a852e9d8c	refs/github-services/pull/8153/head
b2e49453fed4ff838d35ad10aec075b633d3d68e	refs/github-services/pull/8153/merge
b76bc1c1f80ccc951293c685e4fe2852e5796ab2	refs/github-services/pull/8155/head
557f5bff9b699457314b157d612d2b9e372def58	refs/github-services/pull/8158/head
b9ecf36406668fb4fb94431429b289e5e51e5719	refs/github-services/pull/8160/head
d22a737426ea9c64bc51fa717b1f1163f6d29309	refs/github-services/pull/8161/head
aa65c4315a3bec445f92df5fb8113f4a58e8f535	refs/github-services/pull/8161/merge
0d39a21bf45ad04f5914d5ca8beb0d1e9bd2ed49	refs/github-services/pull/8168/head
e5e58732c8fd7ec881a511095945bf44962fd6b1	refs/github-services/pull/8169/head
1119a4ef5041b0cee836f227b6d9b90294c8cca2	refs/github-services/pull/817/head
b92b1a0bc8a66c1626211d6908bc465cd88fa2c2	refs/github-services/pull/8170/head
ad9d368a3abe9879315c0e1fc8df28d08d5639fb	refs/github-services/pull/8171/head
2466ffe3eaca3b25c252495e9df179fb6cc3ae09	refs/github-services/pull/8171/merge
2f067187eebe1bbe51ba82ec050bae3044adcc49	refs/github-services/pull/8172/head
7cd7db0c2b079440e7f85c1d0518ec7df9202370	refs/github-services/pull/8173/head
29b12af0777d188b77325ee8d8f482d13171e4bf	refs/github-services/pull/8174/head
2234dfa192695598f064582a753a41ad8b1fc773	refs/github-services/pull/8174/merge
d9c1c6d6cd1ce0bca972597698dd3280bb7868d8	refs/github-services/pull/8175/head
9fece76e838649cb242f5a15f079fc08f9023e04	refs/github-services/pull/8176/head
41e18e1e2d62f422edce5955da13f00d01210e00	refs/github-services/pull/8177/head
6147a58d7a1f5e061eb23a0a009f2fce34b63c44	refs/github-services/pull/8178/head
a17f9a213c76950e89808fcd694e3cd19d33a126	refs/github-services/pull/8179/head
6d45b00341448f4c97bc09ea636f931b82ea62a9	refs/github-services/pull/8181/head
6e1efe5a22b9d256ffe53c64fe8b0f3822d1cbf7	refs/github-services/pull/8182/head
4fdd6b578ce27bc38038f4c8a9bb34d805d508f8	refs/github-services/pull/8184/head
9bb513ffd998570130ee73b95da18224376125d9	refs/github-services/pull/8185/head
fb8436ee03db78ab6edd167b0cc2277f6e450470	refs/github-services/pull/8186/head
cb3362b32680c45453aa757ebdf61e6d5198aaa9	refs/github-services/pull/8188/head
c76c07fca53c59851ab89df16d04507574ac3046	refs/github-services/pull/8189/head
f4681b2053eb5d82cac0248a5f5a7156f6763450	refs/github-services/pull/819/head
cafbc6a66d1cca4680278dd04831b6cd62c5439a	refs/github-services/pull/8190/head
e3cf9262598614c1cdf7a4fb352aa921351b1b50	refs/github-services/pull/8191/head
d5e16e952478d3d1235f3c97170123e1bb75b3f2	refs/github-services/pull/8192/head
44c0c2916ccf32deaefeec4e73137f8ad6b45039	refs/github-services/pull/8195/head
9545ba9769e8a56de2a5293942ce154fd97d4158	refs/github-services/pull/8196/head
d7c147fcf4c1ca48f58c060415c8a5c5f499fa31	refs/github-services/pull/8198/head
35123f3c35acf271ef745dab347d511bddba4466	refs/github-services/pull/82/head
c0b7f37fa016dda57157b0b187c3474a5978f50d	refs/github-services/pull/8200/head
d6ab1df305576a3167bc4683870a4dc4017c1547	refs/github-services/pull/8200/merge
8ece3790aaf71992558b9be6034ca8c1ea87f4c7	refs/github-services/pull/8201/head
c1de7b6a8e91f9c1f96bee823f6027a3827032f0	refs/github-services/pull/8201/merge
132e14d8aa4562abe1c5bda160a11ffaf31ef957	refs/github-services/pull/8202/head
9d6f079dc8e6a248ae4504192f307321efbf2843	refs/github-services/pull/8204/head
3248cc75804c81671317141cf977dfa381901b88	refs/github-services/pull/8206/head
0a250d18be42f22460684fc39783900ae0add9d8	refs/github-services/pull/8211/head
9f8fbea11d293bcf5bad698e83245597d1db36a7	refs/github-services/pull/8212/head
bc70e72d3df95a166b307a93e776c9dbf99dfb7e	refs/github-services/pull/8213/head
1f5b0325bed41b5ab48245f23729a54213c597a1	refs/github-services/pull/8216/head
c82a477592b22a64bd1244932593432e6082c108	refs/github-services/pull/8217/head
161fbe6a1b0fe7cc2fe4110ad3d0f7a55e615d45	refs/github-services/pull/8218/head
c89cfdb348444f65a16635b9c2f576ac8081ebdb	refs/github-services/pull/822/head
4121356f2e4379806a73e50226602ea22c6c335e	refs/github-services/pull/8220/head
7c482f7032d5494a8551d79f95b328572636edd1	refs/github-services/pull/8221/head
c95c1905ed4554a76c766d3700d6b8f75c138363	refs/github-services/pull/8222/head
704b65d12bd248d0a176249d8cd14b14f8e6c9fe	refs/github-services/pull/8223/head
9283d866610fb154f8cc83725f9f4fce881af859	refs/github-services/pull/8228/head
3ef9f8d6a9b85342ac09260f14a0946b47f1adc1	refs/github-services/pull/8228/merge
e7fe85c6237565849113874bfa64ec321a7920ad	refs/github-services/pull/8229/head
b9494dab15a6a9098898550c5c611565c9a5b092	refs/github-services/pull/8229/merge
021b7969e4f08b270c4e81a3c02331da130935b0	refs/github-services/pull/8231/head
041306c5f003fd0010af3044924173c9a868dd47	refs/github-services/pull/8234/head
fb0aaf96809a19e4451deeec42b927e3e52c8eb0	refs/github-services/pull/8235/head
661be0d66dca673f10b7125e77ddcdbc24f9f9d5	refs/github-services/pull/8238/head
1309c2e70b93a635b94874195546ee3a65ff5547	refs/github-services/pull/8239/head
03b3d3f6274cca7bb3cca425a5cdf760ce7067ea	refs/github-services/pull/8241/head
753deacede5fc5c172843314f26ddbea3f465ae2	refs/github-services/pull/8241/merge
9fd119bf957d989dcbbcbf856e53c46b68022025	refs/github-services/pull/8242/head
4d868e4e8fff3a4170300b6a47c7be996fee70c9	refs/github-services/pull/8242/merge
c0d2c2ea24a5ba80c9c8d3f978c5429285ae496f	refs/github-services/pull/8243/head
e3297b3e52e3f2db9e655f18bd2f9f6654ef0c06	refs/github-services/pull/8244/head
8c24f881326f8f222f8dcf43797213e4663cb9c9	refs/github-services/pull/8246/head
1b6a888e1a9609f7f160dd3592639d69299739e0	refs/github-services/pull/8247/head
d7b6b276e1dddf9b4401957d2bb3e45331d1baf0	refs/github-services/pull/8248/head
e531e0e66195ff12b21f0052be88c1640d535cda	refs/github-services/pull/8248/merge
38611e3c89b414f87fc7864ec0add185d7636c8a	refs/github-services/pull/8249/head
6552a234cb6b1657eb4838c79fbfe4f16ad29cee	refs/github-services/pull/8250/head
9f8dce0e4f23ec9fd70012b2219eeeaa4a52c217	refs/github-services/pull/8251/head
72ee55171126178b5ff0cf050814c0e1320f5072	refs/github-services/pull/8251/merge
a8fe265ce1995d26edce8f995bfb09c9806a3969	refs/github-services/pull/8252/head
6dc4b5536159bf9622ee70c87e0094cb1703fdd3	refs/github-services/pull/8253/head
e971b0aa8c9cf9ef5ef8529811bc5a45ca81bf4e	refs/github-services/pull/8253/merge
80e500a999d7be968698b40765e109f840b699d3	refs/github-services/pull/8254/head
107a454eb00d6a4ae8a9a9f5708974b746a09b62	refs/github-services/pull/8256/head
b6626db59f854d6daf048cb9f0e7a477b60cd563	refs/github-services/pull/8257/head
ea0e503b8c312c0a528191e6000efa143b03c89a	refs/github-services/pull/8257/merge
56a18b9a073fe3d8857ffce6b8f1e5e527e624f5	refs/github-services/pull/8258/head
93c41b9d6feb36018c25966d9798827b2b18b93f	refs/github-services/pull/8258/merge
79f4e4cdccd995e3d3ce7d4529457517cd38b78f	refs/github-services/pull/8259/head
ed18e174518d33507a9d97bf1cfc1c2231497170	refs/github-services/pull/826/head
71565aaa6fb9b04169e44c5363ccb9a078607bc2	refs/github-services/pull/8260/head
a5ce82450d4f26a0b680d51c6f840c6d94d7e179	refs/github-services/pull/8261/head
537ab95338b0654cfde87316c22fc7eaddd6d932	refs/github-services/pull/8263/head
9615ee65c4841e011cbafb6be4c45eeffadd8b71	refs/github-services/pull/8263/merge
6ccbff8debaf10c5931b0ece1d791ec87b7c8b38	refs/github-services/pull/8264/head
038796432f043732a21b973eec762d364168dab4	refs/github-services/pull/8264/merge
929fb55900a62423479e538825744b99a4ca8785	refs/github-services/pull/8265/head
c06fda0092eed74e83ce353f064f56970eb182fa	refs/github-services/pull/8266/head
3b7b4e0d2aab0f623b92c33dc50f4f7a02d63f8d	refs/github-services/pull/8266/merge
7bfd65bd7e87e111de46291b75d5b0b6ffa891f0	refs/github-services/pull/8267/head
9889fbc89388430ee2be6d60bd5edd8b26d45fb8	refs/github-services/pull/8268/head
33bb35179d5165de76630a8625de74d383f760db	refs/github-services/pull/8268/merge
411ee5cf1e4e2b6b111b9da9d7094cde1faa2547	refs/github-services/pull/8269/head
a28866e87f31a607746f06300e22dc02c4da58c6	refs/github-services/pull/8269/merge
4cf34790364448937ac185ae647e56e30b245c08	refs/github-services/pull/827/head
96e2f9b14b026df4e21f92151b12a95dc2df887d	refs/github-services/pull/8270/head
bc3fecccc1a4b6a28398a76420b972f49a977393	refs/github-services/pull/8270/merge
36a45e7f725067784efadd299a9b35df0afdeec8	refs/github-services/pull/8271/head
bb478b83ad2c52e7cfb26247096a3cd386af3584	refs/github-services/pull/8271/merge
d8a348c57da02979f5914a047b5f522e9ce5a3fa	refs/github-services/pull/8272/head
f6b87883a0232b009423cb572c35e6a76af6aca2	refs/github-services/pull/8273/head
05d61d239bf1253833d90619c0bc7faca65c69f5	refs/github-services/pull/8274/head
2d3f71248dc34c091395c824945ffbe33129c827	refs/github-services/pull/8274/merge
43a48f78b1c5445666ec4da0a56ea35b0f699f89	refs/github-services/pull/8275/head
b5e7b8d9223e0f1ddcb6bd9428f6daeee45c7048	refs/github-services/pull/8275/merge
576130d0d8959432c6d46f75e790206aa6f03b43	refs/github-services/pull/8276/head
d0d627c9720dbc36834294f5f925195c51456a7c	refs/github-services/pull/8276/merge
801db0bc5c7055b10b88651749a6d3eb3a52f97e	refs/github-services/pull/8277/head
830a5db313a2d796e912b409db964691d6b17ab0	refs/github-services/pull/8277/merge
c6bb8929d19a1e2b8bbef5f7e17940064c3805d2	refs/github-services/pull/8278/head
9029d89b09a2ea7465418d6a4c4585953cac10ee	refs/github-services/pull/8278/merge
6e037ffa347ff993d5e46382c459ad68d716d2a7	refs/github-services/pull/8279/head
c78bb18c8da390bd706da6c182122aa976491884	refs/github-services/pull/828/head
5f1e55e1544db65a8457ebdc2ad7397b78831a94	refs/github-services/pull/8280/head
5be3727ed641b1eead5ea2e3360097ee22075bdc	refs/github-services/pull/8280/merge
dbdc683fb8700b9f463a2e270a6c9dcf0542c365	refs/github-services/pull/8281/head
064dceb52fa88b7312af9d5210217fe3f5125e6d	refs/github-services/pull/8281/merge
63fabb34845826ecf805540666a31c3780ab4b9f	refs/github-services/pull/8282/head
21e5134c2d2d2be518e31e0c00066e0c6a967dba	refs/github-services/pull/8283/head
49fa6de592fa399edef4d5578b90518a64a6da73	refs/github-services/pull/8284/head
f8d48de13852b5fda6b34275d9f9338177a25231	refs/github-services/pull/8285/head
9bfaa72f08db09cf40c8126d33f4e2636835b3be	refs/github-services/pull/8285/merge
99e9412a2cf90f22ccbee517495993f482927983	refs/github-services/pull/8286/head
5ebb56a582474cc49a316dfda4abe86ace1a1b57	refs/github-services/pull/8286/merge
4b05c161658b28c2a3e187d81a8993810a3d6292	refs/github-services/pull/8287/head
97d984d51f8d5fff2b0f12da2fc37deb2281bf0a	refs/github-services/pull/8288/head
22d91706f97029a5c70b6ccd1fdc8de9a1568a34	refs/github-services/pull/8289/head
18e81c5c1759516b0edf27b361ceb1476dade270	refs/github-services/pull/8290/head
9e9c6b81f42e6c2bef678ef4248e83642bff70ce	refs/github-services/pull/8290/merge
2c3a0277f6f05a524e48ae8d5d106b431085e4d1	refs/github-services/pull/8291/head
c2dc64899e424232e89c9d7557995b0faf4f05b5	refs/github-services/pull/8291/merge
34eb84de0df1e6894e949f54c777986b10541161	refs/github-services/pull/8292/head
e56334807e6a3cb19f02121fc4203cb5f8a77bc6	refs/github-services/pull/8292/merge
714df2487a1ada92f9b35a56e47450e99765c3dd	refs/github-services/pull/8293/head
8f907c7dc6acb3f1921fb787b5babb28326677e2	refs/github-services/pull/8293/merge
bb1fe053ec35f1d5d8a6ab8d8921efa57f0f9212	refs/github-services/pull/8294/head
cb5b598ece7dc3562b854158929ea10ab974a28d	refs/github-services/pull/8295/head
f8009b665997ebf6e330d041906ec4c528a835c8	refs/github-services/pull/8295/merge
39bd1356d480da21e24041bd3441457cd9137a29	refs/github-services/pull/8296/head
3d17eed001aa198ea6f1537fe0b837f4dbd2a56c	refs/github-services/pull/8297/head
3f2475e8d837d7ff52b61c36b6c8a030bd1f26c3	refs/github-services/pull/8297/merge
9e2308d5908bb70a6f58ad98cdc8e01d2420c410	refs/github-services/pull/8298/head
a95bde1ffcafb9af3b2fca8be0948acbbf6be2b0	refs/github-services/pull/8298/merge
cd428c5d63f1aa21be45b8d2287cc59a7d63dcd0	refs/github-services/pull/8299/head
f59f017bde701fe4eccf7af779a9b34fb90a6835	refs/github-services/pull/830/head
0c529bd7c70377a15c81b75eec58df571e8dc4d6	refs/github-services/pull/8300/head
0439d26afe67ecae1a48b68fcac0057d629b08a9	refs/github-services/pull/8301/head
49769e39ccc259f5269aef5dfc2450714d90aa44	refs/github-services/pull/8302/head
29c52d4832926fcaf58365835a24ba207e3d4cc1	refs/github-services/pull/8303/head
b6c54fa841b13b96b01d592b6d1b0eb75067ea36	refs/github-services/pull/8304/head
88f04738485aadd580eee86f7bd1ac1626c6a661	refs/github-services/pull/8304/merge
70a43a779039d55ba64bb6fef51c95adb78829d7	refs/github-services/pull/8305/head
ff9b3c9901e852c7d569ab6f6fbf03e9e3f20972	refs/github-services/pull/8306/head
5fa2795ab90000bfbc852ceaa802845897d1c128	refs/github-services/pull/8307/head
7150691887bb6d6e1cec6bc61a2606638fef6665	refs/github-services/pull/8307/merge
58516b02618df7b5bd7ecb96cd0fac24323407ff	refs/github-services/pull/8308/head
110b0a811e3907577ee9f4a7a80407b84f5b5d51	refs/github-services/pull/8308/merge
89510f37209a04fdb8177916baf89ad15e07fd04	refs/github-services/pull/8309/head
e84f8247c0998ec406065bf808768f568ee260da	refs/github-services/pull/8310/head
69adac7bfbe006f6712cce23c6ae3e13d66ed291	refs/github-services/pull/8311/head
c6b01d5859be7f0582cf3cbe6935301b6a649216	refs/github-services/pull/8312/head
3211a9f5dff5b019a0965a7ab40263cdd37e1e96	refs/github-services/pull/8312/merge
31d3240fc05c4ce8f797116fe017d9e73d45d0e9	refs/github-services/pull/8313/head
04e3d895ad6238a99da462f2322a25848ea695c3	refs/github-services/pull/8313/merge
0a518561f3d066b319c725db70c8d26ae82c981f	refs/github-services/pull/8314/head
6ce876ef8e777df6fac59950b3a379954704e09d	refs/github-services/pull/8314/merge
65177a4d31bc5cfd7c2bfdb3c312ad716fad5fed	refs/github-services/pull/8315/head
1e213307deedc47c2784adadce0f0892cc6c20b1	refs/github-services/pull/8315/merge
da1acae404b19a3a01b2de2fa09e774191a5372c	refs/github-services/pull/8316/head
d971623b6a4b89e3fa7b753e03159134dd373f8e	refs/github-services/pull/8317/head
2f0dff435428c8d6e032e47d340aa9d7e546d94a	refs/github-services/pull/8317/merge
73360ab921635626516da7049cbb44d80a5952b9	refs/github-services/pull/8318/head
8a28541b542320ff89ecf396d6e899629955971c	refs/github-services/pull/8318/merge
c3b82027a60038c6da6c97883d03ec04b397e6ee	refs/github-services/pull/8319/head
6225fe7f3c2a4ae2ffcad9c15c93011e0fc2b770	refs/github-services/pull/8319/merge
fe08cec4eefff605b76afaf27df9f4750db4076d	refs/github-services/pull/8320/head
6130a520208c7b11c1a0cb2198af5669229e5b37	refs/github-services/pull/8321/head
4d96bae3cc1e4ed8fb552879d62afa5340aaeab9	refs/github-services/pull/8322/head
bd0643b7cb736be8c526ec56e8e68adf04fbe465	refs/github-services/pull/8322/merge
f34772834821abf54be9cc416e1acc982d3e6376	refs/github-services/pull/8323/head
165ef7a7cf0cd4e708f5c2698fed7af204b526b7	refs/github-services/pull/8323/merge
e8d87f44244cb5074b2db894e7b9136efbd1db2b	refs/github-services/pull/8324/head
54361e30103c6b9afe3189256363dfbe4d989af5	refs/github-services/pull/8325/head
8a47e2fbf51a08b1323c2f661d3bf1880c27a570	refs/github-services/pull/8325/merge
e97bef05b0389c626db69326da09a062d36f5c91	refs/github-services/pull/8326/head
55eeeea92e5b33d54d1dda863827594ed854b377	refs/github-services/pull/8326/merge
38987be4b25f01c140931d3466cd4b7c2d675433	refs/github-services/pull/8327/head
f9d309c165aedc58bd384ff014405de4b1df6bb7	refs/github-services/pull/8327/merge
09e314d07a48ed846c5281c8f0a8593a988b7a98	refs/github-services/pull/8328/head
c8927b8315208d7a7cc0b30cd93b015b89b94ea8	refs/github-services/pull/8328/merge
e432bf10d625557fc665a96b1a7709ef6774f1c7	refs/github-services/pull/8329/head
eb76cc54d479f328ea3196314562cef648ad38c7	refs/github-services/pull/8329/merge
88290c93095a8fdafbbd6284e16e6f416aa779d8	refs/github-services/pull/8331/head
0254b59e18a3c783548514f4c3351a16bd748caa	refs/github-services/pull/8331/merge
a1c76128028c3f8e22c62d9be72cc74d03dd3859	refs/github-services/pull/8332/head
b331cd99c42f2fcafc4be376881ae6ec83fdcd40	refs/github-services/pull/8332/merge
f9f14a533da28ce40f7da77652e6f5f85cc1794e	refs/github-services/pull/8333/head
6b946a71b09411a3fc1f160703e2def6ff559652	refs/github-services/pull/8333/merge
c4d63e865fda4296f0e19c12d1dd3c4d1bfa74d1	refs/github-services/pull/8334/head
b4064d7705a513c9f6ea28bf90ee142d320a4e0a	refs/github-services/pull/8334/merge
db48b9a7fb4df34d5a33a15f1395dc077bba48c4	refs/github-services/pull/8335/head
0eaf265460b228829373cdfd32fbfef1a00d8f00	refs/github-services/pull/8335/merge
b0d7cb50e7a260e9a2416b5614b21ee956e35d09	refs/github-services/pull/8336/head
7afdb554d8b3d3aa88a2105cf0f74eb564f1ef44	refs/github-services/pull/8336/merge
3459e7e8dfa3d59597a63d87aa72356d418b7554	refs/github-services/pull/8337/head
992065db6e8aab9a108d387d8436cd1437e72cc8	refs/github-services/pull/8337/merge
5ded24443eb0653dae7825e1be2da627e232e3b8	refs/github-services/pull/8338/head
fa087b3a65cce9aa5f02a5fa2c8edcf201f6efda	refs/github-services/pull/8338/merge
8143f11fce26ecff55ec72a338dda9d5bb12dca8	refs/github-services/pull/8339/head
70de58846e8fcf6bf05a0e5c103a62d7be46785c	refs/github-services/pull/8339/merge
2979c2c0756c0ac24d9cc72ce4310c3c0f48efed	refs/github-services/pull/8340/head
bbddf5dbbfeda4d9e8edc7b30da1b2fb21cd62fd	refs/github-services/pull/8340/merge
29da911431c24f63fa765aa8ec5d2ec87cca364f	refs/github-services/pull/8341/head
f2d8f17f88b12e02e2f8e03d742a2375659555c5	refs/github-services/pull/8342/head
1e91c5827d9b48c0602c7655d29cedeb61f9adcf	refs/github-services/pull/8343/head
d225dbfb15fec4784ae263dc8b76ffd437a0e1f0	refs/github-services/pull/8343/merge
f147d98dd6c62db1136cd739b56f16f6d8cf2110	refs/github-services/pull/8344/head
f125c31831eb0b0fbd339e85f92bfd43d12e98ac	refs/github-services/pull/8344/merge
9bc7c3e835162057f3cae0dd08c14248433d3659	refs/github-services/pull/8345/head
996db2bac915b0edc81746a833343eb91db50b64	refs/github-services/pull/8345/merge
8351f85485228b0f70ec41d1cc0f651066828f60	refs/github-services/pull/8346/head
5f9bef837f2bf20ef24b6cdad9df9a70e260fdc2	refs/github-services/pull/8346/merge
7038ba686bd1eab2a4bd55d7585ed12e16c88c8e	refs/github-services/pull/8347/head
59016a67cb7025857c34a5edea03ca97622954f1	refs/github-services/pull/8347/merge
31442341af83cb8ea149661ccb855dd54071957f	refs/github-services/pull/8348/head
fb68089da337b9f5f8303ec80e08206ea592c01e	refs/github-services/pull/8348/merge
578b891578d0daabe9a057591ab3fe69c2cc579f	refs/github-services/pull/8349/head
b058b73902739ebc731f4ade27315102c8e197e4	refs/github-services/pull/8349/merge
23f0a9c948402fb513627628403ebc569ddabe6d	refs/github-services/pull/8351/head
26f7eb9dee8b64b9081236fa7efa80ce552ee3d1	refs/github-services/pull/8351/merge
77d3ccb0fa43d0352965ea99db571094e43a9ffc	refs/github-services/pull/8352/head
398b9e7964c78c87bd5af9c4bc2dd0e7705c5384	refs/github-services/pull/8352/merge
abb4309a99efce91f22de416d2b798a5bef88004	refs/github-services/pull/8353/head
bfa70dfd659929e9a79eb8f1a6c586506a20ca09	refs/github-services/pull/8353/merge
bcf28f7d888f88d7495194fd468d84c4304bb387	refs/github-services/pull/8354/head
08b6a57f43b4ce13512fd4f33dcbe9c96aa2c4f1	refs/github-services/pull/8354/merge
ca061dc245f8a0695b62dce8fbc5d05c4c8e6394	refs/github-services/pull/8355/head
d03ba19d8188c7474dfe1a1027a051fc3b09128d	refs/github-services/pull/8355/merge
cc3e134cecbc48217198c026c06d2b7a4f68cd44	refs/github-services/pull/8356/head
9ae318c162f2960e3d77b07db2a6235d69872098	refs/github-services/pull/8356/merge
531b0eb202ddcbfbb387085dbbd230ac11d14419	refs/github-services/pull/8357/head
7ec30439c5a08f0f6eef5819b60cba02f04d457f	refs/github-services/pull/8358/head
92105858dbaec0d644da43fd3218dec36efbd07b	refs/github-services/pull/8358/merge
b9fb5c0611f1c02ff9bce5c1d45b53292976ab30	refs/github-services/pull/8359/head
e8438ff5818200305bdab8fb995e94c7aa730df7	refs/github-services/pull/8360/head
b22055d38d57324ecd8f5655418c3e90e7811995	refs/github-services/pull/8361/head
4789f9a1cd595240368e0d8c867beb84616f55be	refs/github-services/pull/8361/merge
b1b8f5271f344934264628ccf26e548540a9c715	refs/github-services/pull/8362/head
4669728aa4406f67be7cfb83de5c6ac669297497	refs/github-services/pull/8363/head
0f9df199101497e41c7291d1df6a1ee4cc762efe	refs/github-services/pull/8364/head
61a1f4e34c69639861bc5b2f27b95501543ea7dc	refs/github-services/pull/8365/head
15896652ebe4efa6651e9ceaa9ba5d3a593ce731	refs/github-services/pull/8366/head
18ef0da24e8b51f6088515b3b3ab9ddd21e3e5cc	refs/github-services/pull/8367/head
2ddc48d2988eca16c7691430ed60d35d319165d5	refs/github-services/pull/8368/head
31a39eb681af729a20b71f8a732d3a9341bae425	refs/github-services/pull/8369/head
a36c5709c34b72aaee3b087546b4a5ae653b963a	refs/github-services/pull/8369/merge
6c7b33c3c037e93d9a72bf03291da4262b73b24d	refs/github-services/pull/8370/head
961c9f2ed8c1d306aadda4e9fb8f224e2253cae5	refs/github-services/pull/8371/head
532d153149146b46c91851f0ab1f908b9234a886	refs/github-services/pull/8371/merge
8781090c55cbb9e3257631d23dfed96c00147002	refs/github-services/pull/8372/head
90c3b0fa4f3ea49ceff82c54d31c3e531373471a	refs/github-services/pull/8372/merge
9adc8fe791214be6d72328b8bf28ceb5ca6ca269	refs/github-services/pull/8373/head
e7a4476b082b04d7e364c241ef819290a48f8ec9	refs/github-services/pull/8373/merge
9adc8fe791214be6d72328b8bf28ceb5ca6ca269	refs/github-services/pull/8374/head
4de42e8acf2d8822fd3e58b843cadd06f606bc88	refs/github-services/pull/8376/head
a7e2f0172372c623d41135e0704842c7ee2914bd	refs/github-services/pull/8376/merge
9200ce0212b66e1d625cf62b7b46fa438014b7c9	refs/github-services/pull/8377/head
0efef6d944b347060e0e553fdcf9353af0013d85	refs/github-services/pull/8377/merge
61750d73d3cf13a1a36fadafc18c9256dd946391	refs/github-services/pull/8378/head
6b818db9aacb6d31a6518dc8e89773494f91b4b3	refs/github-services/pull/8378/merge
2ef764c366c798e43b281e06db1dabc3ed274ae4	refs/github-services/pull/8379/head
eebb3b2701c854cb149d9b33cfbe92548ce78964	refs/github-services/pull/8380/head
e29072e396a78aaa2d520fe05ae05364b0480ef2	refs/github-services/pull/8380/merge
59de0544ad46ea0dcdb03f879f84f505dec3e49e	refs/github-services/pull/8381/head
a5fdf4424d4cecea90190d2d8f0dd869f85b0b72	refs/github-services/pull/8381/merge
830ecc3bc93b8a34da59ab3e47a1525ead77587e	refs/github-services/pull/8382/head
0100f7d48273cba3511ace8f4d3fbf58d5832167	refs/github-services/pull/8382/merge
bca2e6db216022d4e60a52f93b15f3a8a192e98c	refs/github-services/pull/8384/head
7b23096639d857ea04c2588f92378948784d1bc6	refs/github-services/pull/8384/merge
918835afb29def12a8b8a3ba010114a3f5a6fe72	refs/github-services/pull/8385/head
34d3f50405ab4c169f3d8c729d5c5cdd6ff8c7d7	refs/github-services/pull/8385/merge
a746b233edb684858f409dde91b5c36d19ed526b	refs/github-services/pull/8386/head
31284f301af8a7d9f0c966af1d8ed7832e60e39d	refs/github-services/pull/8386/merge
163edf284b66ec50d6e0e01635dd821bdab29ffe	refs/github-services/pull/8387/head
065c4397fcaea10ba8a5b8da389b48030f3ebd41	refs/github-services/pull/8388/head
e423d72ec6fe59b40ee45ff7118bab802767853f	refs/github-services/pull/8389/head
fd58f2f842425ee4447252df9530e1961dabc117	refs/github-services/pull/8389/merge
82a4117ca2403af77e9447fba6451c084e6524d3	refs/github-services/pull/8390/head
d778c44114f6d04ce88a31c2af454bb6cc7e93a5	refs/github-services/pull/8390/merge
83c3e71d12b5e7a98e931e1678446ffef3a96c80	refs/github-services/pull/8391/head
d7acb20a508e4c99303874ac1a87f9ffe6357e25	refs/github-services/pull/8391/merge
41d7cc6e844a8c654da1d8b984d9954e0b115c91	refs/github-services/pull/8392/head
e6ceeb3d87cbc44b4ff7a75cb7bb880479600b1c	refs/github-services/pull/8393/head
5147cd0da4bc5ecf6eed59e4d262e1051833eba4	refs/github-services/pull/8393/merge
30c9065ccbc675f65f10fb8f5c608e5e1cc9deaf	refs/github-services/pull/8394/head
c4f8055cf5b270b1862636c2814e6ea3c20b0424	refs/github-services/pull/8394/merge
a004a00e38add448692c07113e4dc223afad660f	refs/github-services/pull/8395/head
83d6e6efa8032d6901ac9a7de1e516a1404bbed1	refs/github-services/pull/8395/merge
cecf404449eb83a54a6bc53eeb4a41077ddc415f	refs/github-services/pull/8396/head
3241923a610a91da1005545fd2983b9004cd6b52	refs/github-services/pull/8396/merge
bf2e6c77d48108a1743507b634262df428199913	refs/github-services/pull/8397/head
c01433cb6c16679131ff7eb83813015e99a054cb	refs/github-services/pull/8398/head
fc50e6ac23551e721ff8b7888f7c8ce00455d7e1	refs/github-services/pull/84/head
72ebb2d6e7697b7f548238cdac692c82239498fe	refs/github-services/pull/8401/head
c4798861aa8e7962acd12599bd7a3c72150a9b33	refs/github-services/pull/8401/merge
7d3276f066d8d84fd82768fc47a57f0fb83b4ce8	refs/github-services/pull/8402/head
af625f17fac928fb93c7dd45a11e6307e5bdc9f8	refs/github-services/pull/8402/merge
b9fdec3498c8e34b846aedd0b0b0c7be60ca7854	refs/github-services/pull/8403/head
1b108154bdc978550382dd6d6d9d2b1db98bbc6f	refs/github-services/pull/8403/merge
8e5cc6638e41acc24c68bae764e3eb7f28e36977	refs/github-services/pull/8404/head
6eeb0a838880c0318cb5da8e4b3415539eb3ba7d	refs/github-services/pull/8404/merge
1367e0130120a91d435beb041b89434b0866c8cc	refs/github-services/pull/8405/head
b580deafee4e5774d9406cd0e3a20425e6c5fa95	refs/github-services/pull/8405/merge
0b777ca3447d70028e9ea9fe0746ceb4bff88b06	refs/github-services/pull/8406/head
b3388c31137152fdd8ac7ba4e8cfaf360b0d79c7	refs/github-services/pull/8407/head
7dc646165331aa4f26f21fd1eaf61907d4fba9ef	refs/github-services/pull/8407/merge
c78220331af3bed7d5dad0f144daffc01866dac9	refs/github-services/pull/8408/head
0ef5da4f8b1ccf928da6e3fa6f8b59595f724d2f	refs/github-services/pull/8408/merge
fd7855fdf45d85100e246c72390c5b2d77045131	refs/github-services/pull/8409/head
37713bebdaea59648e67416b9f07558df7576e5f	refs/github-services/pull/8410/head
6ae0017197fdd969cc81a30c614d2596075ee36f	refs/github-services/pull/8411/head
e2f061d07de26d4b05a98f5300ef51466984ed65	refs/github-services/pull/8413/head
3d19510c272f6b96fec28eb126fd5d9da4069b04	refs/github-services/pull/8413/merge
c4e499f5d6297082ab603eeecee74f3cf4d83ae6	refs/github-services/pull/8414/head
d6f88a76d957b2b76126e32cbf61340413418517	refs/github-services/pull/8414/merge
11813e20c1d7f97983ae7b355332d844d8a6a550	refs/github-services/pull/8415/head
b6f1f22d507ff49a780594c00889c3c9e14a2af9	refs/github-services/pull/8415/merge
b1312243bf499625214a0fb9a0661dbccf11de16	refs/github-services/pull/8416/head
8267e9463b9eb823c32b3e5b7ead248b584e9f32	refs/github-services/pull/8417/head
b869ef8c25a3dd0eace21edf26e6ceab6e655b2c	refs/github-services/pull/8417/merge
7f8b8fc6820fad42e9985fbd9855c2755903d540	refs/github-services/pull/8418/head
fdf25ac402f870fff8b6b4e68ef50730fc937263	refs/github-services/pull/8419/head
c781a6e823a2bc56c6a41995ddeba16f5a27ad4f	refs/github-services/pull/8419/merge
696e2958b42b809eb3f3ab4277a295d3e7a87cb4	refs/github-services/pull/8420/head
6530bcdd4fdb75193d91cbf90c4c68718dfab86a	refs/github-services/pull/8421/head
2e39f390db70cbf1e07051fdf31f3a7559e964a8	refs/github-services/pull/8421/merge
c405286397329005d74360765e0fb2689d5ac86d	refs/github-services/pull/8422/head
63bdfa23baab1bdb0ede44bdc2b08a9673b45edd	refs/github-services/pull/8422/merge
f901da0cf23abaa3a5bf067f594ad8fcf57c4a66	refs/github-services/pull/8423/head
91129d40ef34a4bf54afdb0c557f7c41674cbafc	refs/github-services/pull/8423/merge
5c16f936a575bdd9093ec8258b6a05ad48414bfc	refs/github-services/pull/8424/head
f365c66c9dc1259c38f3462326496476ba6990a7	refs/github-services/pull/8425/head
213e5d464ca0ec3b23f4ca5f9393e46e64bbcf16	refs/github-services/pull/8425/merge
c81be806322d1ea5e645192568cecfdc0f0feb81	refs/github-services/pull/8426/head
49b93096a011873f1071cd1fd80df18c5653a625	refs/github-services/pull/8426/merge
857ca22b3b0ed46c36901a483962816695e51d90	refs/github-services/pull/8427/head
93e72107eb6fc14bbcb146ba54e47aecb25a428c	refs/github-services/pull/8427/merge
3a98019aadb59c79973492f402cfb5ebc984668a	refs/github-services/pull/8429/head
dd073a476360b4cd731edbb496b3bf31fcb3be61	refs/github-services/pull/8429/merge
db8f020adde2e3f7ad5e681d19d42c8c7310ca29	refs/github-services/pull/8432/head
1242bb58cb5247f3e0996202dfe12c1554d1de46	refs/github-services/pull/8432/merge
f7eb96a44f8b3aee15006d36ac0e58ad3f61fae2	refs/github-services/pull/8433/head
9891bcad72743ae36be83932962725a993261885	refs/github-services/pull/8434/head
dc5e1d90846a37c3b9ecf7eb639ba638c158384f	refs/github-services/pull/8434/merge
805b91bd48927840868226f3d873f7f27b59573a	refs/github-services/pull/8435/head
606ac574b3b47f9e0ce162128c024f8eb7215c09	refs/github-services/pull/8435/merge
52ab987ebb2a87a4f52ada7edc782da64f33e3bf	refs/github-services/pull/8436/head
e20098f2a9708717288a992a0bf18e45390b5c87	refs/github-services/pull/8437/head
74d8be2a00e661c6135d70b4c17d0801becde5fa	refs/github-services/pull/8437/merge
fb19f2458989f0b601987d9f2abf91eee64bc334	refs/github-services/pull/8438/head
7b45b7d5b69d173a196a026089df7788cc52eb87	refs/github-services/pull/8438/merge
4bf23fb5f3410dc54349b265ec792174cbd5d972	refs/github-services/pull/8439/head
57699be50213328852e92d36b125350598f6b9b0	refs/github-services/pull/8439/merge
bd0e73eadab0bcf26c97a7e2b467aec60d97455f	refs/github-services/pull/8440/head
fad5bb0407d1968b3bcfcfeb5b063bb7089c8524	refs/github-services/pull/8440/merge
3002811b4ff6f5ff60cfc2719e7339ba31a07850	refs/github-services/pull/8441/head
446489efbd65a5e53dc1c0446d1a5c3fa844a13e	refs/github-services/pull/8441/merge
1a6c6da16b09718432e7c2df907fa5a074d87b66	refs/github-services/pull/8442/head
50f49f0af02dd6a31855b2fa9e1b81cd0369a4b0	refs/github-services/pull/8443/head
3c43334a9d581c63c86435fef38cb2ae20023501	refs/github-services/pull/8443/merge
f26746f1112d35370baa956484d76ca0506c7068	refs/github-services/pull/8444/head
1a8c21ec0d6d3e115d359a2e9bb6df3ed6fd4d8f	refs/github-services/pull/8444/merge
d86fa52fab59612395494710012239ff97a66f8a	refs/github-services/pull/8445/head
a4184251af80bfa15f89feffaaaa05b173f9b75f	refs/github-services/pull/8445/merge
23d6121604e83d3294f8cce492e16ed392bc9a0f	refs/github-services/pull/8446/head
7b760a532ce62aeb8fc6360499269d4585a0ff8e	refs/github-services/pull/8446/merge
58e13cd584139b658c77bc2430d44305240f6f40	refs/github-services/pull/8447/head
d2eef408ca6692319fc19d99558c7f0d6ee0c5bd	refs/github-services/pull/8447/merge
c2e32822862537ba3642d564ae73de55aebf4291	refs/github-services/pull/8448/head
b1d4a4a255277347be4ee45c7ff57c66eb822750	refs/github-services/pull/8448/merge
ed2e8892ce0a763428fed8bec5b6ea646d08aeff	refs/github-services/pull/8449/head
b8d1f3c638d407771406e3f1c651713eb172bd70	refs/github-services/pull/8450/head
9f232cf3d1c3eb1457be0e288f157591a7bb1ac1	refs/github-services/pull/8450/merge
ce818a4ccaa604605ce97bc7a9a7163b9fadfb74	refs/github-services/pull/8451/head
770ab72282f55f0bf6563d57cead838d9a0422d5	refs/github-services/pull/8452/head
78e868992932e8f529d8020c83a26bcd801d1c8b	refs/github-services/pull/8452/merge
9be8ebc6f68ec5fc85fbd813c1a8543d5bfef498	refs/github-services/pull/8453/head
0ca679be6954f325a924c71a413a64360e1f76de	refs/github-services/pull/8453/merge
5d9a16550055a0993f69062899f94455459862d4	refs/github-services/pull/8454/head
82d6fe46302d174edd185bac9f334e1aceb616b9	refs/github-services/pull/8454/merge
d34ba0a36f33de818dfe9ed6d101966d3214af80	refs/github-services/pull/8455/head
63f41d5fcb152f528fe94856539df18fcc3f8077	refs/github-services/pull/8456/head
5a36c3d0910d28beaff6a2975acbd635c0be610e	refs/github-services/pull/8456/merge
24f4143e19bbc6231dd290877564d105a7cbbe42	refs/github-services/pull/8457/head
b2751ead414ebc0dde10a78ddba2040ef7f976ff	refs/github-services/pull/8457/merge
796d7908da4d268cdadea7b0836b803914b6eb85	refs/github-services/pull/8458/head
ff7211dc513639578a5d3d4473a11e0022b2ee59	refs/github-services/pull/8459/head
0872730e5f3989f14fca0d43279bfe5c20442c52	refs/github-services/pull/8459/merge
7646063ad51573286acc2f48ab99c495fb307d6a	refs/github-services/pull/8460/head
730ec50c585d070d0fe65f3f42e010c752f48cf4	refs/github-services/pull/8460/merge
a71061e97a7cbf17539fd632bbfe2b3164ce3383	refs/github-services/pull/8461/head
22490f6936d6560e1102c4c0e9b4ebd6f09ec015	refs/github-services/pull/8461/merge
a97eb134c5a477cbf50b3ecbef353b6b2f71a345	refs/github-services/pull/8462/head
9da138f330066ce3f23eee4c31f21b491081a11e	refs/github-services/pull/8463/head
a2254d59bcac5127881ddb4962ef71bf8c1a6fee	refs/github-services/pull/8463/merge
1a8c96d81ba0b222450bafa3c8842bae097e8cc7	refs/github-services/pull/8464/head
a364c264977df3e8cd14ecea30b2f5765b25e068	refs/github-services/pull/8465/head
989f8a54dc216d771d8106d76888f213d7b6e143	refs/github-services/pull/8465/merge
4b03258b08b9cdd1607b1beb2969d2ef114b9b4e	refs/github-services/pull/8466/head
41031c3abfc0e525963823f942b5a3399f0a1ba7	refs/github-services/pull/8466/merge
aca6224923a04ed67a587691a09912563c6d3039	refs/github-services/pull/8467/head
e7237b3773256295a045ea3a58c9433963071b10	refs/github-services/pull/8468/head
0d96909ed88c754ae88190ade9f2c69b3c82ddc2	refs/github-services/pull/8469/head
b454eac4c7f9f452748707274af166fa40e27c66	refs/github-services/pull/8469/merge
03084c8fd529324955a9a44949daded748b7e707	refs/github-services/pull/8470/head
2bfcd894c979ad11b93eedb58a32074f1624c9a1	refs/github-services/pull/8471/head
edfbd2e0fd03609ead8b0d4622b898caa0c8ec19	refs/github-services/pull/8471/merge
d4da7780b5443fe60fcebc70a1816e2d7cfb93b3	refs/github-services/pull/8472/head
7124e47c1efcdf42080b18d673556292b931bf78	refs/github-services/pull/8472/merge
2fa4b13169836e61ef4888d7826a3b5ae501f636	refs/github-services/pull/8473/head
5dcdcad08e9586fed0d9b82b8c684dd428253463	refs/github-services/pull/8473/merge
e6912f897df7efd8f181e45b090d9673b4c9f954	refs/github-services/pull/8474/head
a8d4e1ff668d8dff6e8f7aa23b5af16e34727863	refs/github-services/pull/8474/merge
6f250e28a22e875b0c4175184543ae12a49bd0c1	refs/github-services/pull/8475/head
27af9360985f177dac8626c4b39e9f58dbd5001d	refs/github-services/pull/8475/merge
24af0ad7854489f9b1c01929e6b1e8b3cf71d5c4	refs/github-services/pull/8476/head
fd330968402ac1e8cb1ac3095c5395b507b51c9e	refs/github-services/pull/8476/merge
26fff695a1b786f0ff9bea66038e13cfa5f13d9c	refs/github-services/pull/8477/head
e306e21ea41b3056d646a49f0928def7d80baa8a	refs/github-services/pull/8477/merge
6b84ff0af21879d929258d2f8c6a4a154f8e5d50	refs/github-services/pull/8478/head
0359a2a998ad0e7b3c11894eefbb1a3547e9bfb4	refs/github-services/pull/8479/head
09e6b4a7ffbce25848f7e263f767cfc2a9e4dfbc	refs/github-services/pull/8479/merge
507914a4c11e1710a94c8d8e1a41461b9068bb26	refs/github-services/pull/848/head
0f7fe9f3005c6a72a3625a425b1c47b2d5b35de5	refs/github-services/pull/8480/head
bfc6afe207f48c05c890546eb48b7ca930df34bd	refs/github-services/pull/8480/merge
2f485ec9aceb72330854b3cb5c206621d2d5bc1b	refs/github-services/pull/8481/head
63abf7061ae8a0ed2765e3ef49abe3ee619fbdff	refs/github-services/pull/8482/head
f3bbaf770945e27f5408e86aa42d65b4cee9913a	refs/github-services/pull/8483/head
115fc09b71cb129d8b18ae912d9429dc9b92572d	refs/github-services/pull/8484/head
ef2516a89c1b51e851bcb31ca3475725eb14abab	refs/github-services/pull/8485/head
913c2343003ef79c07b0c210b6d779e7ca2c1ee8	refs/github-services/pull/8485/merge
c96d5757bed2e7693996a5e26808a686ae8cee3e	refs/github-services/pull/8486/head
2beeaaed41a4425c2cf3e71b14cd3f85083321f5	refs/github-services/pull/8486/merge
4848fc45613c8144714b027829b5335cb0f72475	refs/github-services/pull/8487/head
955d8c1e043fc155b82a0a18fe876a39a8911413	refs/github-services/pull/8488/head
cc745539b812383b5729c1c2d0f3045e46942637	refs/github-services/pull/8488/merge
08d50da5e95ed82be0372fea581dd4feb092fc2b	refs/github-services/pull/8489/head
a4dd1a53156b159d24b2f2f66aa34909875e91ee	refs/github-services/pull/8489/merge
8cd1ef56c43d1122b6c540f705f93e3bf12303dd	refs/github-services/pull/8490/head
ceb0339d15f368ccae218140d951af1c9742484e	refs/github-services/pull/8490/merge
7763096b27800a6fa3c53f6a1874e2ffa50ba143	refs/github-services/pull/8491/head
635a08225e1a3e7361934ab0e35783e4bd2260c2	refs/github-services/pull/8491/merge
4efdd7353db3050ec7de1868166a50d7fd949291	refs/github-services/pull/8492/head
64ca1849f95397d7f22737b757b050e85a25ef55	refs/github-services/pull/8492/merge
f31da6073d9ce3b4f336c0260e977c3ec8b1b1d8	refs/github-services/pull/8493/head
b394b59b446d01274081d3c2500f29ff22925d43	refs/github-services/pull/8494/head
223ced747a7c9ebdedcf67ff7c01a9b891944ed7	refs/github-services/pull/8494/merge
c4605f2a8fd16e47ff053da7f05c2735d99133d8	refs/github-services/pull/8495/head
a63a5c6af5496e79d7089497112a15f03a5301d5	refs/github-services/pull/8496/head
cf1d83c3720d233b308ac93e096a34619985eeb1	refs/github-services/pull/8497/head
b1a641fa688c8d1d8651672d34e92f9a9da18fad	refs/github-services/pull/8498/head
5781b65310d023a5540b41c6bdb4d9fa06ef1479	refs/github-services/pull/8498/merge
60033981b3ff768a1a28bbd3ad7f4b1091b26450	refs/github-services/pull/8499/head
2350fd1441b0aebcdbe2080d062878db4e5d4d7d	refs/github-services/pull/8499/merge
468104b1b5a7f4e2009b6993d9488b2d9e1d7820	refs/github-services/pull/8500/head
3dece3f39dba9e4ba6a5f3817aace5ae8a54c0aa	refs/github-services/pull/8500/merge
f4dba8bd38d2cbbf4079fcaac6e605acd76b7588	refs/github-services/pull/8501/head
17623867f5eacc103aade1da524bbbe34934c700	refs/github-services/pull/8501/merge
17926d0da726b392e9b57b81fc976454c22378dd	refs/github-services/pull/8502/head
62257e0aff0d8d89e9f20cf976ae09de023e9064	refs/github-services/pull/8503/head
9243b8f3cf800ad897e87d65353ead3152bd4ad5	refs/github-services/pull/8503/merge
7d2253b3f0276fa8f9fceb977b089228f6f3b27d	refs/github-services/pull/8504/head
eb9591e9a2c155c3e89ed08b45fc7c74925d005f	refs/github-services/pull/8505/head
557ef554203e28b83d72052f8f53cf6c61b3e5c7	refs/github-services/pull/8505/merge
173ab2a3116080151240c0bb3a7e20f54c12dc1b	refs/github-services/pull/8506/head
c1e069baeb8e6eb4477d3d965d9b86935e47d239	refs/github-services/pull/8506/merge
daa5800e743ee493ac7d8d98a15c11d24efc209f	refs/github-services/pull/8507/head
fc39e3ecdb9435ba51f996a5fca7f767f0cd0099	refs/github-services/pull/8507/merge
a1d1a2a6157b97db52c2294bc73b68162e6ea4ed	refs/github-services/pull/8508/head
023f75afb0965bad061e1efc8f0153b2418b7186	refs/github-services/pull/8508/merge
9b8d94ad7b27a337c219c87568d20bfecb206be7	refs/github-services/pull/8509/head
d5f7cd51db75d791cf7c4d6ec6651ad6e62c2ebd	refs/github-services/pull/8509/merge
87c56c044b26d6bd9e2720715b23f79ce07ff944	refs/github-services/pull/8510/head
545e2a63f21e504661b071289d0bed9a91673e4a	refs/github-services/pull/8510/merge
a3db33411c7a120746b22e480f285efbdd2dc104	refs/github-services/pull/8511/head
63c400aca5889d309b69127173b451f1484b5c1f	refs/github-services/pull/8511/merge
1eaaa4363dd6e10681f66239748331b3b40a58b9	refs/github-services/pull/8512/head
4a59ebfc2a5b21aea997f1b6d7602b948752c9ff	refs/github-services/pull/8512/merge
a2dd7056489ce78234a9a786185d48a80b49c872	refs/github-services/pull/8513/head
ee5033f3cf591807fc8ccbaee0ed32fe29dad1e4	refs/github-services/pull/8513/merge
0d2736be4f4e9525f74e514f631c10b93f480c69	refs/github-services/pull/8514/head
f3c02ab12e00233f8cd2d5eb3d147e5ac573653d	refs/github-services/pull/8514/merge
90554f43ce8249d1c4bd7569f0c9aedc69443425	refs/github-services/pull/8515/head
aebcf5317720de5135065ebd1fee88f6716aa0d5	refs/github-services/pull/8515/merge
77d7d6dcdc88533713053d36cbf2c721b56d5e49	refs/github-services/pull/8516/head
c6e4acf8755fc5378a24f7bee1275561cb4a3387	refs/github-services/pull/8516/merge
0249b1ee8f78ad1d58f32e7c9920247358b4b730	refs/github-services/pull/8517/head
e0dcc520f1f9731a0bdfaa60aa837d377ce0d3e1	refs/github-services/pull/8518/head
b18c83a71a773ac178ad1419408426403b711ab0	refs/github-services/pull/8518/merge
5d439f2729ce18f64471685ed6b5ec728bfa3f97	refs/github-services/pull/8519/head
6d851b96292a1d8bf013fc5f3ed808153889574e	refs/github-services/pull/8519/merge
4a71ebdece3ce5f341dd22a332bd1f2124f00235	refs/github-services/pull/8520/head
87c42e1b00a7226790a3629fb68dfaff48e1bd28	refs/github-services/pull/8520/merge
6ba38bfeb9e14d77eab18bc931a64c9329e93379	refs/github-services/pull/8521/head
f6fabaf41a9787e53ea6915e0fc83b119275f234	refs/github-services/pull/8521/merge
dfefb5377c6412cc18c4a2f3b2c25c4524626265	refs/github-services/pull/8522/head
e50a812b44791ba143e3015ac9bc159edc4e73ee	refs/github-services/pull/8522/merge
d0535307430ec0d2af7c1e15268ba2e605e9250e	refs/github-services/pull/8523/head
1b57803d8237c718beb95b7a567d10bfbf3cc678	refs/github-services/pull/8524/head
7ac1e6a6d3f3ac877e2c8fee29adf133f1406acc	refs/github-services/pull/8524/merge
f092893f7a4611caef794857b62123963d266efb	refs/github-services/pull/8525/head
1da8f13e780ba53bd17755f38ed2cec778fc2795	refs/github-services/pull/8526/head
b6658487d38432fefb433ca694e3efccccd0c501	refs/github-services/pull/8527/head
0279a5ab7c5f805b368d9509c29f8329bc15a8d0	refs/github-services/pull/8528/head
eab7f86bf5b49cf09cfb4f97e787b069171576f5	refs/github-services/pull/8528/merge
d472703b38402c91b074e83e9f945de196223f46	refs/github-services/pull/8529/head
90b42c3f0cf2ea671ac13bfbac748dbaf750dc90	refs/github-services/pull/8529/merge
298869616125e6acbd3b74674092fa8ac687ee72	refs/github-services/pull/8530/head
8608c14027de526ef06b89fa910b69f8eac54854	refs/github-services/pull/8530/merge
3a8facf01965050c13907a9435efab54330a519f	refs/github-services/pull/8531/head
6f22d54a127613aee3cf2343759f1ea601e5e0cd	refs/github-services/pull/8531/merge
69d12aa87eeadc2a32ee1ba43860d8c43e26a210	refs/github-services/pull/8532/head
97719f762c599f0b1258b9e17aa691ddee2bdee8	refs/github-services/pull/8532/merge
11d57874cfbad1d3d7cb178c5b08f04baa5762d5	refs/github-services/pull/8533/head
9684b85e0dba9a03cb61d00d162c1967eefc6f55	refs/github-services/pull/8533/merge
08dda6ab22fcf93ade1913c839abe6c38895cef4	refs/github-services/pull/8534/head
7d3bf2c2ae69e2ec07d85774a6ceb5330341de09	refs/github-services/pull/8534/merge
4d38c8ad18b9ce2c1a798d268138b6fb8b32db92	refs/github-services/pull/8535/head
0ad469a7160fbb52c9c66d114c63cee83ca801c6	refs/github-services/pull/8535/merge
0ee86ac25edb51482afa2f79cbbb24f90fa26f0a	refs/github-services/pull/8536/head
872f64ba9df863b022f5d45e5144715886633871	refs/github-services/pull/8536/merge
2dfb9cdd6eb7802587e45488c40e80a13ead425a	refs/github-services/pull/8537/head
f153f4ca6bad97217584f4b7d6f4796e70b4f925	refs/github-services/pull/8537/merge
2817009d5969a8cf2c9bdeb1be2c6d546b0d2a30	refs/github-services/pull/8538/head
2c32b28d6ea9def0da17f6177e4d74d3af625b2e	refs/github-services/pull/8538/merge
b6b310bce5eb8d02b5591236de457cb27bf298d2	refs/github-services/pull/8539/head
3d15f581d1e455bbe0d3dfbdd1caf5085fa116e2	refs/github-services/pull/8540/head
6429e80c5782c6e887e4586666692051717f2f0d	refs/github-services/pull/8540/merge
d9d56664cc571fd3511950ba5ec5ed142413c19e	refs/github-services/pull/8541/head
b15e6afe5055dbdd1c5d84f950d3ce4570449043	refs/github-services/pull/8541/merge
58dc1f34ed0c4d1f893ea5dffbf33bbcfd9341ad	refs/github-services/pull/8542/head
343433fab3d06894149fe17378e28ff6e74ef9b9	refs/github-services/pull/8542/merge
a65a3014f52aa8d9f9a53849c4232c874da51b6e	refs/github-services/pull/8543/head
ec32b6dbb5f2dbc8fb53f77850a5e0c4251816a2	refs/github-services/pull/8543/merge
6f59d0b9af5bc4a4fc62434fb43877c90fc9d175	refs/github-services/pull/8544/head
e4ccc297ce6127fa105ae127c5d3bb48b11736dc	refs/github-services/pull/8544/merge
e5f7f3211a5e30a961eb6afad5ac5f759b49ed4a	refs/github-services/pull/8546/head
e35cd8a114eb1f3db6f6b2a5e12d254d795f982c	refs/github-services/pull/8546/merge
724021a661e77bbb5232ca2f4474a08ba5b6e740	refs/github-services/pull/8548/head
29ee952fd08dacb7a40c6481ed9f715138e6b99c	refs/github-services/pull/8548/merge
04db09f90a2d2376915d84f7e3a88d17cb083813	refs/github-services/pull/8549/head
1fd896f1b9f04278faa8340402619c80b48f6dd7	refs/github-services/pull/8549/merge
e1edad26f7f3b74ba2c28af5a425bfa806c8389a	refs/github-services/pull/8550/head
6b1a7d523f28a4c140c18aae31011a989734019a	refs/github-services/pull/8550/merge
24bf3541d3f9acf7a3a54c6b60a3dc968a0ca184	refs/github-services/pull/8551/head
2cee95e2d4fce6517a6fc605074dadf9a80356d9	refs/github-services/pull/8552/head
4f02ff78ecc398389ee32db27ba2503bc4644932	refs/github-services/pull/8552/merge
e1c0e7bfcfc3b787b33f7125d096ed620ceba682	refs/github-services/pull/8553/head
f8a571a82328af9dfd84bebe5b3515cc7538ce7d	refs/github-services/pull/8553/merge
489084c7be6955daeb48d9084c9b30cd9d0472fc	refs/github-services/pull/8554/head
bb35ec0982d787a4bd06a67a0c01c09f75e9225b	refs/github-services/pull/8555/head
a50ad44f006af558b13d37b108e5ce86813c8508	refs/github-services/pull/8555/merge
4708d74c94913db63b5a112bac9083e0e861bad8	refs/github-services/pull/8556/head
29fb417f0902a58b2e6dfba74c135085fe38d472	refs/github-services/pull/8557/head
29dcdfd4c677e5a36e5628d1fc06f63971d88e50	refs/github-services/pull/8557/merge
85639e5458dfe7fc219dfd360ed6e8175ae22e87	refs/github-services/pull/8558/head
a362ef959f4832310a43cf28d7665d78e9b04c14	refs/github-services/pull/8559/head
b6cbc45055e51df6f0f9512b0b994e2ad147d889	refs/github-services/pull/856/head
a197a1b9093fad4df7886ebdefad3ba19d7655a4	refs/github-services/pull/8560/head
ef37fec71591df66249857a4a5481e36c8ff3458	refs/github-services/pull/8560/merge
460d57b6403b3a79a736ec7bd27f00ee6c78fa4e	refs/github-services/pull/8561/head
e841defbd3388c544c5eee12eb97783102e404a1	refs/github-services/pull/8562/head
0ca1d80ed264aec2aba0092b040e8839dd3b8802	refs/github-services/pull/8563/head
92c50ed3b4622c567d65320f49146eae9fc0bff1	refs/github-services/pull/8564/head
9ec6534be131e74214f6e4f10af8c76970f9422e	refs/github-services/pull/8565/head
6080409c638c041946e3f85af82b791d1b6bd795	refs/github-services/pull/8566/head
e7ed1fd33373ccd165f1937f701c6fce9ae72ae2	refs/github-services/pull/8566/merge
a1367c6623b99cffcccdf2e58219b9bf27d95c94	refs/github-services/pull/8567/head
d0eca6fa90b625ba9f867294e6b80d8a0e948f0c	refs/github-services/pull/8568/head
32763f1936226d92adfc69d219a2e2592b7567ee	refs/github-services/pull/8569/head
b6cbc45055e51df6f0f9512b0b994e2ad147d889	refs/github-services/pull/857/head
59ac885fec65e23f57ccaed04e06bd2d19ae2309	refs/github-services/pull/8571/head
6dba9d2c3fbc2c830a48da926e296ed0715c90d3	refs/github-services/pull/8571/merge
b0d6134dd9612db61fcc722461c4270286a3e8e2	refs/github-services/pull/8572/head
bf788552cb7cb323b67aee9c104081bfe3d88ad6	refs/github-services/pull/8573/head
627c24ec50816cfe2d05511121fc6943a00c3d89	refs/github-services/pull/8574/head
c2c185f7c5011d8554552247631588372e974b8a	refs/github-services/pull/8575/head
8b05510d6cd0c63885a2cadc155628b5e00155e0	refs/github-services/pull/8576/head
e7aa8b92fab092585552eaa9a124cd33e6ceda28	refs/github-services/pull/8577/head
ea3b9efbc03311c08dc085020beb83c475fd3ade	refs/github-services/pull/8578/head
a8a3a89028d3db95ec4bba73e73efef96ee876f1	refs/github-services/pull/8579/head
842a2bb492fc75540ed7f5fdb11740d91146da1e	refs/github-services/pull/858/head
f764cb8fd1615f42a61291b4632ee2994ceb21f1	refs/github-services/pull/8581/head
bd22adb33e15336542cac89a37c555b6f6ad0a0b	refs/github-services/pull/8581/merge
613fdf6ccfe8d05d37f0ed0ac8df53c80b9b95eb	refs/github-services/pull/8582/head
a4f7787f6d98baad9408502e5834691cc5d2a91f	refs/github-services/pull/8583/head
101b059713e4c2361d85d0367817ea2ef5672dee	refs/github-services/pull/8583/merge
d7742db2cddb3b40950c97edf93b449d90ecdce5	refs/github-services/pull/8584/head
c6176e6d37550342ad1405382b39eab8393ec0a6	refs/github-services/pull/8584/merge
1895afecb66b9f7011142f2cdfc717a64b583ab8	refs/github-services/pull/8585/head
cb016c9251a7089030461ce244c5a1080c40aaa3	refs/github-services/pull/8585/merge
75b221f8077f9d408ad4a5d1b4310ca16a9f0848	refs/github-services/pull/8586/head
ae3f73907c6c1d1987453b32948cf234c5fec87e	refs/github-services/pull/8586/merge
bec3e105499ac6e82fb6260c2d530dd4a617feef	refs/github-services/pull/8587/head
eb5b73b89e06fe3cdee68f75d2e36c2ba92a6e95	refs/github-services/pull/8587/merge
63f2ebb22bf0392c1cd7c87cbd5a0b8dbc715930	refs/github-services/pull/8588/head
4b0beb57388d5640075ba9b6d6365dbef98f403a	refs/github-services/pull/8588/merge
57c45effd6864ed2845ec5cfe0201398e162f3c3	refs/github-services/pull/8589/head
3d29f72c6a4cffa288d485b856c033874a020a5d	refs/github-services/pull/8589/merge
478341700df5abe60e04395a5ec8e1c2d08f0eb4	refs/github-services/pull/8590/head
9f9fc9308f6a66a099f626b9ea1acad73ff5f5ee	refs/github-services/pull/8590/merge
25f131a0bbe203b03f0ce7dd6ea358d3fe6807c3	refs/github-services/pull/8591/head
4b34307bd5b5570ce9cb9724aeb5aada6f22b557	refs/github-services/pull/8591/merge
eb710f5ea1ad1433e7a12107fa7840fb606dd672	refs/github-services/pull/8592/head
7559e14c67756fd020472cf57ddb241dc4293a4b	refs/github-services/pull/8592/merge
7ee97d0a8eda6b4fbafe4ddbd546de4dcdc40e9f	refs/github-services/pull/8593/head
9d0010f8c82c03adb9d65baf84a6b0e54e6e4f21	refs/github-services/pull/8593/merge
5c3cc5c60f21fea631d492102da3898a5aa4dbb8	refs/github-services/pull/8594/head
8cabfe3bab9d9573fb903d3733abf5d34d36abeb	refs/github-services/pull/8594/merge
209e3171349c84fa5f8a676b029e26d0654d1649	refs/github-services/pull/8595/head
2297036e79ae21a8a2c631eef99aeec022a5bf55	refs/github-services/pull/8595/merge
d3e8d3b8d49d50e46f599cdb458313b1c1a866a1	refs/github-services/pull/8596/head
e4a55ba9ee33ca6f6f8bd414dd64afdae786a73c	refs/github-services/pull/8596/merge
027fae4380b92a3e0bf45e3f5574d8c5bf775281	refs/github-services/pull/8598/head
c57e3c63b481dbb0154f5683f5669bdf1f12d447	refs/github-services/pull/8598/merge
62f6384b7b8e577edc3257ad41a603ca4bb24738	refs/github-services/pull/8599/head
8c89b4a7a13d7ac8c8d61f7b199fca18d06ec009	refs/github-services/pull/8599/merge
c87e0a9c464f010636ef1f7270b0646a9e6474a3	refs/github-services/pull/8600/head
7d81aba1f7af1d1b26d37807ed5c2c56336c8ea2	refs/github-services/pull/8600/merge
6578e3489f9629671474f6db7a222bf1e2cdf749	refs/github-services/pull/8601/head
9a1246cd9f50202b5ba9e4169ddd784e560f6459	refs/github-services/pull/8601/merge
65ade982d0d8db3e462f95cf619fce4605b1fbd7	refs/github-services/pull/8604/head
7cdd62ed9f96f0b84c69f328ffbc5e37358058bd	refs/github-services/pull/8604/merge
8aedda3b29a4f1197d1084119b0ee671be65e243	refs/github-services/pull/8606/head
4f0e572e0f47c8d0915c9923fadba3de33c1802e	refs/github-services/pull/8607/head
1f3571cfc6bbf44a1c0cf2459010750f07092001	refs/github-services/pull/8607/merge
93c0290131f73c9bbc5984cee84e1fe6af7fbba0	refs/github-services/pull/8608/head
684ec6432362efc8949dab19e2e457fb4d95c08f	refs/github-services/pull/8610/head
35acfc5e8bf117276cbe5dd09018c6b172c7b204	refs/github-services/pull/8610/merge
19dbed983d03d26d0b5f515099a960648139902e	refs/github-services/pull/8612/head
0c74be4f967956ac180d9fea5d26899270255a05	refs/github-services/pull/8612/merge
6eaa55dac4298dc8e69a26f1da6946305e8a1e4a	refs/github-services/pull/8613/head
f5207c388fa715de7b010fe0a8189ee24e768b9b	refs/github-services/pull/8613/merge
9bac7812fed63e004ede7fd75c80b02c02027716	refs/github-services/pull/8614/head
f95c59c09b3ed2e351d4aa9f46bef8b2c1a65209	refs/github-services/pull/8614/merge
2357a39b23dca32e2f11c9a3d4aa7e8bf873e5be	refs/github-services/pull/8615/head
6d4550da8fc303dcaa6f874842db983be23f2405	refs/github-services/pull/8615/merge
42d8a4cedf2dfda8b1801a6cc41252f448e8af15	refs/github-services/pull/8616/head
c8868dad188cc5ab1bac1c7b0c2e02564a744c2a	refs/github-services/pull/8616/merge
395b467e56f04295c1ee2d36d6a626a4b1296202	refs/github-services/pull/8617/head
5bd99650febea915521cf5c8cf068f9632c052a9	refs/github-services/pull/8618/head
0c7cdde904c6f5969f9a63b65b51f45875769e10	refs/github-services/pull/8618/merge
9a9f601c57b65090272f09d9c8f7139849d8359a	refs/github-services/pull/8619/head
c1824600de1d19a50ad15446ecc42380de374877	refs/github-services/pull/8619/merge
2b1bdf5d570129416f7b7a6d355ed8380bbec475	refs/github-services/pull/8620/head
7bfedc9a40455c7c12d5eca8b287d15749299174	refs/github-services/pull/8620/merge
006c568bc2444d3c9f044ab2f5df65d2f795a6b9	refs/github-services/pull/8621/head
d17e7c5f10b2d6918d6f120be4d2ddcdd9cea3d9	refs/github-services/pull/8621/merge
fc2d5b5e2a436e37adade71359962575cbd4c40e	refs/github-services/pull/8622/head
fcbcd9d2f1f539299f8f3a67daf395a263bb4e3c	refs/github-services/pull/8622/merge
23749afae755567df5be220dddf29ca00c8d2b28	refs/github-services/pull/8623/head
b55d5bc7c30fc3712894dc26d63b97b50c7f9a9c	refs/github-services/pull/8624/head
06a9bd821df8efb4e7521c09b78b9300146d29a3	refs/github-services/pull/8624/merge
3ecfce0661768bfc36e0f50aacf3fc93693a2a3e	refs/github-services/pull/8626/head
bc5b7b3e1c15d39f58b5ae701bf33596b2b3c05d	refs/github-services/pull/8626/merge
b67556b033604a6a4bca565db8af591f460d4233	refs/github-services/pull/8627/head
0a2a64807ac2b2df1b223d24fe68c5ffc13f4ae6	refs/github-services/pull/8627/merge
b35143ccb7456224885768d26608deaae7f05629	refs/github-services/pull/8628/head
d67f176487d8649b507b2f74cfb23b3d080df5b2	refs/github-services/pull/8628/merge
d142d9230b8fbf62df38306f847abe1d52a45da9	refs/github-services/pull/8629/head
5c01c74d02fc38df916f269979b056599d2a62a4	refs/github-services/pull/8629/merge
281f4045ffd69efa7007dace7d41b3283b5179e2	refs/github-services/pull/8630/head
0c38765592f4f6ff469a7dbaea5c305da310795a	refs/github-services/pull/8630/merge
08b1cb300406ca9efdc473768f2dddb5c5526c9c	refs/github-services/pull/8632/head
5cc28d7bb52032342c84cb4e213ebed9e1617028	refs/github-services/pull/8632/merge
99f2a0c1e8dc61cc584d4ed4039c705ff5e7d008	refs/github-services/pull/8633/head
3374e04daadd00fc749834432f2813896f7bdd52	refs/github-services/pull/8633/merge
403997f0b36c5de0c1a8d8d2f99872948b10a816	refs/github-services/pull/8634/head
e125d329a835bbb805f53793e4b6a8603b8af955	refs/github-services/pull/8634/merge
011610863fe092722aeebec939066b1fd6471112	refs/github-services/pull/8635/head
710f383de7a0b3028ccd1d624bcdc1d334bc3659	refs/github-services/pull/8635/merge
bec61d6d2c0367146c898f7fa806e9f817980b01	refs/github-services/pull/8636/head
fb394b90609cd9034876302689bbd19979c2cb5f	refs/github-services/pull/8636/merge
6546abca6e71a0fe3f390031212c3e895f5909e9	refs/github-services/pull/8637/head
374c160769a9f2e0132672ffb2fb5f3bca1ec69b	refs/github-services/pull/8637/merge
99b2aef1bd24f0d6c070842b5e716df5f6ce8f7b	refs/github-services/pull/8638/head
2da5425fcd205dd42fdfa84746a8d65908e9fead	refs/github-services/pull/8638/merge
c73409e4ca0afd86e0623bcd0ea7378940942819	refs/github-services/pull/8639/head
69479155fd68ff2be3cdf8ed453afdfd2a1df585	refs/github-services/pull/8640/head
413dadef56bf1bc93b8b6b06edfa00766114cb9b	refs/github-services/pull/8640/merge
4a7a62705bdf33c3b831a9e2aec67e65a9a8104f	refs/github-services/pull/8641/head
09313eac402ca48774139aa6f8211e185f7b7ce3	refs/github-services/pull/8642/head
8bd5996faf2bc4f136a04b2f17ed89ee1a73d4cf	refs/github-services/pull/8642/merge
2c6082d94ce90df29c88a419c921284f09428a73	refs/github-services/pull/8643/head
794d6dd7fe1d786a59023e3fbccf75175dd3f39c	refs/github-services/pull/8644/head
7dccbb07742547f6b832fde2f42adcd6db0c5e7e	refs/github-services/pull/8644/merge
ce198ff8f2900867af2a855a9b0a5876d78b92b5	refs/github-services/pull/8645/head
c9cc6adb33d24c187f3c40ffdcefaa2718e3a9a3	refs/github-services/pull/8645/merge
1bcd7d2fc6f42176afed76843da1ad1daea7c885	refs/github-services/pull/8646/head
baddc0f9cc37015c517951781f542db91c4de32b	refs/github-services/pull/8647/head
e29474cf233e74437587a54e612c4b9b60f39ab3	refs/github-services/pull/8648/head
0d0e4d6530f81611976714c6d06470c06e6f0fac	refs/github-services/pull/8648/merge
2b5834fd80475f6c92fa67e5d5cbfa50876ee910	refs/github-services/pull/8649/head
adcc9af996721bf14f677e68a33750bf7c9b8d33	refs/github-services/pull/8650/head
58e2782623f45ead28c1a6a7542ed3167cef40b0	refs/github-services/pull/8651/head
d15a0e2b4f8e1458f20622b172e99d1add47e312	refs/github-services/pull/8652/head
2c1b353a7fe55b2986db9be5a21b9d9ad61510ae	refs/github-services/pull/8652/merge
0593a84d34b6972770b31cfad1572bf8d4de91e4	refs/github-services/pull/8653/head
486061b9c4bc70f8bf434519a0c66dc075525fda	refs/github-services/pull/8653/merge
f1b9d505526676dd71d0e35c2a2730941436a8ee	refs/github-services/pull/8654/head
e2ebd88ab3891648014e1730808e283fbbe6ddc5	refs/github-services/pull/8654/merge
6ca69d20d9f38b561fb49b30b92e1e6441563835	refs/github-services/pull/8658/head
6ef663b6e6d1b020a2e8a04ebd8cd6848972af7a	refs/github-services/pull/8658/merge
1156a5512b4b8f645f853eca7f0893d05da06ec1	refs/github-services/pull/8660/head
defe4682d9ac7562884b86d4f42f7b6147f90e06	refs/github-services/pull/8660/merge
aa1a8932854ce7fce271a32909ed8b31cb49968d	refs/github-services/pull/8661/head
761a86a6a3b2df2b306ff9a85144b037e6e0cc73	refs/github-services/pull/8661/merge
6887fbb8ec814c3dabc344955d01cce98edf1c12	refs/github-services/pull/8663/head
80a890a0369c40571b0f6faa82f391bb15cbe13d	refs/github-services/pull/8663/merge
1417103e824221928a8138d033cc89ac18e74933	refs/github-services/pull/8665/head
084818d4ce36130698ec0ad610ec703e4105c36f	refs/github-services/pull/8668/head
258263f0d0deca3a128e73fef7bf9c79103fe149	refs/github-services/pull/8668/merge
2f5b6738a99a4405c88125cf268b3be78e6f79cb	refs/github-services/pull/8669/head
3b9958a8c7466c5ed684d8d935fd77c0ffe75ee9	refs/github-services/pull/8669/merge
75246920adc1607167d7d52b0f1e33d91eb4b425	refs/github-services/pull/8670/head
71f761aa6c5a084837d565eeab71b7e55f9193c8	refs/github-services/pull/8671/head
60649b39a1c88a53d64fda2cd5608a14ab657c27	refs/github-services/pull/8671/merge
4354a8f15f891d4a03db274e3e784686db2778c0	refs/github-services/pull/8672/head
f25a5bd8f15b5fecc0bea8319661319fd3e4ce94	refs/github-services/pull/8672/merge
6f7927dbb302c26dac15ac4a3cc6e98740c16e4c	refs/github-services/pull/8673/head
22bb09d9adf2799f7d8a196f41d9b3a47fb1f7dc	refs/github-services/pull/8673/merge
0bedfa959ec5d66153fb34e064f37b646de49fa3	refs/github-services/pull/8674/head
41cef48f9136e1e3c84e983f6fbd19596a7fbff2	refs/github-services/pull/8674/merge
b26e612017c96f1dfa12103c14bb9ccf09d7ebbb	refs/github-services/pull/8675/head
f0c56fc351b74f98dfc14a963663d47c009b2c62	refs/github-services/pull/8675/merge
2eefad7d9d92d758772aa9dca2459aa619319a46	refs/github-services/pull/8676/head
fa0ef6fb8c593365c8b4466541a375b6b343a8de	refs/github-services/pull/8676/merge
8dbd77215c351cb630d77fd22e46d481da21b43a	refs/github-services/pull/8677/head
3a1b3cd59f56fd11aa60b86167fd049b9e45661d	refs/github-services/pull/8677/merge
3869b82e36c18277d650077abe8c5af168e43ba6	refs/github-services/pull/8678/head
95469d6c69671f66f2a737668a6e21f65da00eef	refs/github-services/pull/8678/merge
114f4ae3be59c9b14fa66c6547098c40e6e4c7bc	refs/github-services/pull/8679/head
e696767fda1243a2488789121f0a41a5d9660464	refs/github-services/pull/8679/merge
2bacc188ce956db77723fb2a6adc0c4d4a6c7135	refs/github-services/pull/8680/head
056f94d101bed7974cfb75327a5adc85a77fa060	refs/github-services/pull/8680/merge
d858cf5138cea83330bca7795cb4b88292956361	refs/github-services/pull/8681/head
ab91f0ced8148c4f25572365370b1a193e58fb50	refs/github-services/pull/8681/merge
80d30b164a2d07558e551c2602a724c2b73ecf16	refs/github-services/pull/8682/head
5b9c9c27583ec28a5b0c4a6052316d913e988b4b	refs/github-services/pull/8683/head
98ad04ad1b07ab0dcd28dd24b30624f4f572b1c1	refs/github-services/pull/8684/head
a2e0a26ac0775e282172e3685be4ccb85b581ec9	refs/github-services/pull/8685/head
f414c64b902359ddd73d0bc5da4dcb5f9a80da68	refs/github-services/pull/8685/merge
4b90d9692ee4318257dcbb9a1671cbfd4d2d5eb9	refs/github-services/pull/8686/head
926da20630bf77a0e877746615e027e9302bbd08	refs/github-services/pull/8686/merge
0bafa111be955d727c6d2730c7239f6f27ea7634	refs/github-services/pull/8687/head
8f6f9122a0e59f731b23f3be55a5222fd2d04f86	refs/github-services/pull/8687/merge
59972f84f50c5236bff9bd3383062ca95994ed56	refs/github-services/pull/8688/head
070ca927e55e66a7d5963c9d1e69a831e0fe7972	refs/github-services/pull/8688/merge
dc8c360c6bb8d98a7af50ddc9bc5aff078e291ac	refs/github-services/pull/8689/head
b4fce1ff978254f28d298f77e6b5a9fec0d1a1df	refs/github-services/pull/8690/head
653aad5d241dbe2a3c3d95e81ac528a30b15f8b6	refs/github-services/pull/8691/head
b9329f3e5f913ad441d352bfead5658995e24d52	refs/github-services/pull/8692/head
7b84559ef39f73e8464aac9d2115fbf1cab6c2ed	refs/github-services/pull/8692/merge
9e466f90e334d7aff2dc5024770c462df2440f12	refs/github-services/pull/8693/head
5a7fea85d71cd5597f331ec5ad0280af6cce5d0e	refs/github-services/pull/8694/head
b332065e0dd0e2567d37520bf11ff7587d3968be	refs/github-services/pull/8694/merge
ca10002c43fbaf3412065a07bc609df2a80f418b	refs/github-services/pull/8695/head
8d708de07b7111794d538e5be772a8dc5930c0f4	refs/github-services/pull/8695/merge
66d98de707e3f7c04f8e311518ce98c2e18bfdfe	refs/github-services/pull/8696/head
a163e997e6b50096715cfff74b14eac04185d7f5	refs/github-services/pull/8696/merge
8f4d48a9a2cce23210217f23cd1051a7675eb5fc	refs/github-services/pull/8697/head
1013fa99dfe6ea4570cff197de9979792f6c6b0f	refs/github-services/pull/8697/merge
01c4981fbde4e7ebb8ede206fca448e6e4fd71fa	refs/github-services/pull/8698/head
7ece162095fe57fb185951183fa8691482b9c93e	refs/github-services/pull/8698/merge
34a5dc23d184958e4871162726d8e709fc4f58e8	refs/github-services/pull/8699/head
d180e80a27f708cd9212e6bc0c1f649ad4388212	refs/github-services/pull/8699/merge
7b576be4aee434187510601661efc21658d84ec1	refs/github-services/pull/8702/head
cbcdd5573270311f3bc3ffe807599aea26a32ba9	refs/github-services/pull/8702/merge
2cc00c5a443af3f67b4154df1be742af6f2cff99	refs/github-services/pull/8703/head
72906333ab312190819797c9156dfb108ddfb7ae	refs/github-services/pull/8703/merge
9c74c106c0d57bbc6012ca888bca1c481cc3f108	refs/github-services/pull/8704/head
bdf4e1398eaf3bda52288d33639852e16861e8c7	refs/github-services/pull/8705/head
c96b86354098ef6327a5789619420d4773722fb8	refs/github-services/pull/8705/merge
62d01b1fd80e56276def568ff782763047bbbc48	refs/github-services/pull/8706/head
4cbe037b7a73f044888e801b9aafbe71088eb8ee	refs/github-services/pull/8706/merge
3a900e9e61dd78db145cd648c082a59327213606	refs/github-services/pull/8707/head
2852b4876385be26f71e5cbfb7d3f54a0bed50ac	refs/github-services/pull/8707/merge
b45d19d605df7a2b601a8cf677f5938876188638	refs/github-services/pull/8708/head
bb2b8120cec35d88854a82ce71bba17a2817ddba	refs/github-services/pull/8708/merge
a308a85e183256a901bf5278769ca6108ac5233e	refs/github-services/pull/8709/head
0e93bca58448eb351ebdd5121a478e3e655c23d8	refs/github-services/pull/8709/merge
bd4421745482775e50f6faa233d8b7e0f2b86a5a	refs/github-services/pull/8710/head
9d6d40c5b1cb15507aec565a57b252f0e29dc434	refs/github-services/pull/8711/head
f6e290d143a9cbff28e78aa3fda929b8f0489539	refs/github-services/pull/8711/merge
ab04ce6ac964c1642a4bc40ad1443e2223eba676	refs/github-services/pull/8712/head
9aa1903c671b37d14743bc1662c0704f5f7e2cb0	refs/github-services/pull/8712/merge
116364cf7dcad425f6f48ce7c01496c0dd42c813	refs/github-services/pull/8714/head
b14b7d643ed31e0f2abdfe1867c61d8e33980d5f	refs/github-services/pull/8715/head
92f9bd593895abd6d747e42864fa92194f5c4ed2	refs/github-services/pull/8716/head
3dd5f262f74353543117374576ff43ca7a875674	refs/github-services/pull/8717/head
2d3219b2ae7d83cc15b03ebd739c6ffd71a8b4bf	refs/github-services/pull/8718/head
49b86d450e6a07e320e1f9de9b40428c8645f1d7	refs/github-services/pull/8718/merge
63c3e38b3b43df1344cef48d5c3fe965de7fcba1	refs/github-services/pull/8719/head
17de480069971b4c11a6b65e1cdb52e11ec9e0cc	refs/github-services/pull/8720/head
ac32335035537a86482cde87db56dd39b3f761ab	refs/github-services/pull/8720/merge
6eb7461dc5135a004ed8b9171707389dd7a64647	refs/github-services/pull/8721/head
3d0f734f6c4803676c29fe75d4a82d15a8d267d7	refs/github-services/pull/8721/merge
139e2edc9209f710a493957e188f5232542988fd	refs/github-services/pull/8722/head
99f9bc2d6afde871a90b15caa0174f10cc5425d0	refs/github-services/pull/8722/merge
48327b39759d4e01a1b21c1a3969ad94ce2bc830	refs/github-services/pull/8723/head
e551217546b64ed32b33cb7586ed41501da3d360	refs/github-services/pull/8723/merge
886f379796d1ab69962e539740db5f46fe7d9c83	refs/github-services/pull/8724/head
f7014fee1a2f3243f1e055cc2fd1d847ae39af43	refs/github-services/pull/8724/merge
88536d8da429cf90c4b24c47fa39f1d3cb5f2a1f	refs/github-services/pull/8725/head
fea701059f5be8c07f36a09cccb75ceb286351c1	refs/github-services/pull/8725/merge
c3b3ef41902e353c8a6575a5de3a1216af3a3642	refs/github-services/pull/8726/head
557c9986e0a5e2ebd6c91f43e28011b070f2de9a	refs/github-services/pull/8726/merge
1071273f97ca6c6a8f58d4ddd057e868e83aa671	refs/github-services/pull/8727/head
ae0bd939684dee7ffd5ceff7134aee7a2004fcfb	refs/github-services/pull/8727/merge
9ef27ade58dac1754e74a48b3e0fa794b91d41a3	refs/github-services/pull/8728/head
f52783442034e4295f67bfb627708ace1d1443ac	refs/github-services/pull/8728/merge
5823ef62cdfcad403f8c7df0ef13b7b6b3e0b526	refs/github-services/pull/8729/head
26c81af14b42e5ab7592279c101ce4154894259f	refs/github-services/pull/8730/head
af948f81f6defba7cd80dc8dee56cac9fc1ae28b	refs/github-services/pull/8730/merge
13ff38f96ac14d81af63b8b8b56c483a72fbd087	refs/github-services/pull/8732/head
267e19d1c41d592e1baed00c0960659b6031f848	refs/github-services/pull/8732/merge
ec6b560be5665a8f61cfcaaf342eb195aea466a4	refs/github-services/pull/8733/head
0e7f92d8d714050113b592245533ef9fe214eff8	refs/github-services/pull/8733/merge
ee5583f8ceebe5545a1e416d65512cc6103a27cb	refs/github-services/pull/8734/head
8c5514208ba2441730b01426d4e4f3a4dc942ad9	refs/github-services/pull/8734/merge
16df909a0e5869169b86d591216f9a829e9afe95	refs/github-services/pull/8735/head
30fd0fa0460332c45e7c4761c801808a378cfb64	refs/github-services/pull/8735/merge
e48896703f55a13feb73b52e2294f6d3962509d5	refs/github-services/pull/8736/head
3325a7b529af484cf0a6b5ab6566a846807283d3	refs/github-services/pull/8737/head
c19b3a64c7d17099c225a1b67058a993e406a8c7	refs/github-services/pull/8738/head
c020090e79cfe5b3ff21c0c1bf2fa12b358fd7e3	refs/github-services/pull/8738/merge
d590d36cc3a6c957cb2643c2e99ba8e34a816b84	refs/github-services/pull/8739/head
b8a044b177beb62d850b1d33fc5b287af13bbc4c	refs/github-services/pull/8739/merge
ab0b0722a0b447b6a1cbacc960d3ef2c66fc27c3	refs/github-services/pull/8740/head
490cf4c42225952944823997e5a1ae54b2c807e8	refs/github-services/pull/8740/merge
770ae693af7f7ac3d12c5de5142a4b891d81b16c	refs/github-services/pull/8741/head
f330b2d6da397cd0418df6b181a7d2be4a8073fd	refs/github-services/pull/8742/head
0438681b30c8fb66dcb72f664eac2003335c34ec	refs/github-services/pull/8742/merge
66cc660122f777a5d18a3406feff73b89015409c	refs/github-services/pull/8743/head
27d578004e25108ff36f7dea90b2122ad84b4d08	refs/github-services/pull/8743/merge
69872ecc966d9ac5b25313839c11ac124fbc4494	refs/github-services/pull/8744/head
ce8ac00ffa6c292823f4fdcbc9993110cb4e48ff	refs/github-services/pull/8744/merge
c167f6d85235798576f10e2f0b0ac9d8b333ce02	refs/github-services/pull/8746/head
0e94c69087f73c57e01193eae3535f1d8d7ff4e3	refs/github-services/pull/8747/head
a151106fe9f8a47eec201dd2bedc58ab6a475bff	refs/github-services/pull/8747/merge
ae6920a4dd064c93e17b36b47ed83e3fa3489c5f	refs/github-services/pull/8748/head
c03e77e17b31dea741a76675e8f49a93fbcab5b8	refs/github-services/pull/8749/head
832be857b7193220052cb3f5a1d47d4827323151	refs/github-services/pull/8749/merge
eb6f3b0f0faeda7684f0f6678a062b1ebe9d0c05	refs/github-services/pull/8750/head
3a304bb925529f70a17785c7579eda3b8c8ba764	refs/github-services/pull/8750/merge
e49c47fbd2d85f2fe422875713719e2fc1b7c96f	refs/github-services/pull/8751/head
6a0da5b5231dabe26241c2687fd9a4184d876ef8	refs/github-services/pull/8752/head
6f3d6b16aab6640b827f36b96505039832029600	refs/github-services/pull/8752/merge
3aace62e24c2e801dbaae83529a78edcdb353c8f	refs/github-services/pull/8753/head
8fc1e69a46c1caa221dbe697d79a3cdcf70b14cc	refs/github-services/pull/8753/merge
9cc990aa899076b5643351c48e07e056afc5fc1a	refs/github-services/pull/8754/head
f3ed4f47185786b044195e4047cddcd093d57828	refs/github-services/pull/8755/head
8507aefb94d6dc65de31c59b67ea049e72a6abdb	refs/github-services/pull/8755/merge
a5bdfc5abe94034cba1bb6aeef5f2b2f68290347	refs/github-services/pull/8756/head
4106cae243bbae04c10ac69844690f0646fecaf4	refs/github-services/pull/8756/merge
0d4abceed163f8da85cf037c9f1135e1ff99ed95	refs/github-services/pull/8757/head
e2897774d05069b11d929f130b9d7be4976bbf04	refs/github-services/pull/8758/head
5b8ae08934658f9a805a7db9c4b9aca2d88633a4	refs/github-services/pull/8758/merge
27bad7091a980e5a2af5a25a047f34527b53a24c	refs/github-services/pull/8759/head
619abdae5195befee008a48725736f68de6beb32	refs/github-services/pull/876/head
ae9efeeb157e51a5620e54f382b964ef97cef10b	refs/github-services/pull/8760/head
a6da8eeb06df3ba6f305329020594865b5e6fd7f	refs/github-services/pull/8760/merge
c500b37de653c02f7d7dd49fb3c33c26e83970df	refs/github-services/pull/8761/head
e4caf5fff1e53b8643eed40eaaf16e62de49d3cf	refs/github-services/pull/8762/head
a177a22885f59f9476be275e493b0d78d40e6cca	refs/github-services/pull/8763/head
000fcb480d9d6b5e209873465e682ab33caab33b	refs/github-services/pull/8764/head
8303c68ad0bbbb8775ae257ef6a56d0d5be63c9c	refs/github-services/pull/8764/merge
3984bbc7c554a8d80d72d62126cdbda33bac47b9	refs/github-services/pull/8765/head
1233d701eef548912e9e06bf6dd0de993e7d4387	refs/github-services/pull/8766/head
bc39e530eed3050c50797006d396aac130751101	refs/github-services/pull/8766/merge
c8646bfba9e364c2baf2ccaa6fd667534d1a4842	refs/github-services/pull/8767/head
df125cfc5e80a04e3219473562b76b64f15eef42	refs/github-services/pull/8767/merge
371eafbfcd5cbdce0038e936db92caf426b7a9e6	refs/github-services/pull/8768/head
0eb0d13c6650a821076bf605306802681de69dc6	refs/github-services/pull/8768/merge
7c5b4d60aaaf1611f694dde9d3e60cbb60af8d59	refs/github-services/pull/8769/head
895c3aa5fd9229a0d9c2a24f1171d7d2899f282c	refs/github-services/pull/8769/merge
b5824ffab10a23983e63110270be502e06726992	refs/github-services/pull/8770/head
d8d945085148db685b7f6636fa53728d43b86646	refs/github-services/pull/8770/merge
df0af3a65a365bbda9b9bb8bdb433d2397629be2	refs/github-services/pull/8771/head
d55f7a2071b45d816e92ab0bd3fa8688a3b8b4c5	refs/github-services/pull/8771/merge
cad1eecb6987828c27e095a18e94b4af11301fbd	refs/github-services/pull/8772/head
fb7aa40bf867975ba94ec07735ae465299fbb0c7	refs/github-services/pull/8773/head
e684b9cbe3e29e49f807c91f9423feab625edb20	refs/github-services/pull/8773/merge
4d9785e3ce7d8917d024b88633889b8e89bb4a11	refs/github-services/pull/8774/head
2e4eac6655e741c8d92168fc91c277541d693374	refs/github-services/pull/8774/merge
04310a5c9a95bb7e86de9b2497619b583812dcec	refs/github-services/pull/8775/head
40f65a4f787cbc1ad09e9c84bed0530012d005b9	refs/github-services/pull/8775/merge
c9e8bbeaa08d07e630461150dd530c1e83dc2ff0	refs/github-services/pull/8776/head
34a7209317d85dd4cbcaa5f7f0410213c2d81038	refs/github-services/pull/8776/merge
cfc8bdbe5bde8b321105b0ace874eb61694eebcd	refs/github-services/pull/8777/head
53881c48884f7e585860e905456c7a9fee6a358a	refs/github-services/pull/8778/head
86ba55f0fd26788304b103b1b4f1a9dd048293a7	refs/github-services/pull/8778/merge
58c2646cdb67b2bfd93e30bb7bb7cc79083dffd7	refs/github-services/pull/8779/head
f6be94e14c9e77285f77d340d2c28e4e7f888955	refs/github-services/pull/8780/head
814e19f5925e7009426dc6b95ec6e53861e03621	refs/github-services/pull/8781/head
f98b64e545763aa7d593cb05dcf2a315293bf551	refs/github-services/pull/8782/head
aabb5d828479d01fa0b58ec14a416a21b28d2f30	refs/github-services/pull/8782/merge
534cef626e9fd3ae24b045dcdedc03b8150b9ac1	refs/github-services/pull/8783/head
c16f9926b5ed007f89c4f99e7754c289b6524290	refs/github-services/pull/8783/merge
d76005745cd8bf26355ef0168251cd2a19554cdd	refs/github-services/pull/8784/head
648e79b028d881b122cdce212bd95f6e7317982c	refs/github-services/pull/8784/merge
e34336ceb506b7d80e857461e6b74b7db687e19e	refs/github-services/pull/8785/head
e94b3595f7b187c5f74332847a852c115d2113c6	refs/github-services/pull/8786/head
859c979c4ada239c82f1337441148b8ef23339b9	refs/github-services/pull/8786/merge
57c3d4b17674feaf83c4298badf46df124517e42	refs/github-services/pull/8787/head
366b448d2dc756e95c682b2d157bdcd756b146f8	refs/github-services/pull/8787/merge
2be266d1ae458bde8677ac9af21a16f8917148f4	refs/github-services/pull/8789/head
761f9a315515d950024105dd062fc3dab80a0a7a	refs/github-services/pull/8790/head
701dc3fd3cb14e2323554df63437516a9656af71	refs/github-services/pull/8790/merge
5ca5341ff57310be5a7699b700141c8491fd6aae	refs/github-services/pull/8791/head
b48f25296a2971fbfb552e9d5f1a2d4a1c61c7b2	refs/github-services/pull/8791/merge
8c91b447f9ff9f06333ff4eb04161f4a359cdb7d	refs/github-services/pull/8792/head
781f49689855b710ebcd0159dfee9c66d405e751	refs/github-services/pull/8792/merge
08404284ded6d703e8c0b081310ad2ea2471bbf4	refs/github-services/pull/8793/head
ce6bbfcea2014f0d520aee0b80136ccb68f68b2a	refs/github-services/pull/8793/merge
2e3d4486caa66e9209bde8f598e7deab0e5a3ee3	refs/github-services/pull/8794/head
8596df4994eac35d901f67cd61a99edb68b840be	refs/github-services/pull/8794/merge
248fb3e3fb91c076c09c0fd701b6cc0710fd9f3a	refs/github-services/pull/8795/head
9a4b9165a26920ea666e3ae727a65d3d3262bb8e	refs/github-services/pull/8795/merge
c1081dcceec20352bd89ac1a546d782ff6b389df	refs/github-services/pull/8796/head
8ce7b325e18354604a1df4eab4dae11a14a6cd95	refs/github-services/pull/8796/merge
aa588cecd6bafaa0889f36b08d7c0b9d47d9bab5	refs/github-services/pull/8797/head
4b527a1bef321a9b5808684e43a72caed3f5f311	refs/github-services/pull/8797/merge
2138b0750a2ba5dbd59b430ca26b110b294d06ed	refs/github-services/pull/8798/head
ccc5a8220c70c6ede041b94a7b4a2dd03ecbec9a	refs/github-services/pull/8798/merge
04831147df44a188a44bb978add83d3cd7190c6c	refs/github-services/pull/8799/head
a8b883acd05c8214fa6379d78c5d0d42a06abd5f	refs/github-services/pull/8799/merge
a5e8b5e5aa63926677857a203ba3763245f5d71d	refs/github-services/pull/88/head
8ab42cf09f376bc5ca38543195d11a16cdac1343	refs/github-services/pull/880/head
de389bdce3b01c6cfca26bcab97a5fd63b0c8ea9	refs/github-services/pull/8800/head
27d466d299a1a3439dde05bf7743291dfc40addf	refs/github-services/pull/8800/merge
6c8c63e34961f7567daacb43d94dfe2211767e70	refs/github-services/pull/8801/head
1a559a9787f1631b0e369fcfa3ad2e426b3db7ad	refs/github-services/pull/8801/merge
d2a08d37a1e77399651abfd429db9805f8817acf	refs/github-services/pull/8802/head
0054b78daa1bec8a5a75c39ee3456d629c1c87aa	refs/github-services/pull/8802/merge
ba12b7177d1881bd51e6551b60aa0039f1d61fa3	refs/github-services/pull/8803/head
3a0e8ccd31ccc0fa1e0d6b05cd9fee1ada7ac735	refs/github-services/pull/8804/head
e6e4ea967696f78c7a891c3d8d8746a767f9102d	refs/github-services/pull/8804/merge
afd7b81f0c5c482d5c1ef5e2d1c94df948371de8	refs/github-services/pull/8805/head
be0feea7c448ab3921af9452e804dd782695899a	refs/github-services/pull/8805/merge
bd3a727f4f233efbabe272c2ae77c003ac78dd51	refs/github-services/pull/8806/head
cf8b5357560bcea0524397a4f5b36205a73962f0	refs/github-services/pull/8806/merge
a6e2a97b6df31b5c87e1fef62591c1fc7545592d	refs/github-services/pull/8807/head
5448aade036b763763975f1d9536cc1bb7c4711f	refs/github-services/pull/8807/merge
df365de2a884ef098a6b5755197424de0ff7e0f2	refs/github-services/pull/8808/head
fbb414dcfc794256409f80152b735697b0fcdf46	refs/github-services/pull/8808/merge
6e152d6bbf97c9c5c2d4f21eecd97a21282dfeeb	refs/github-services/pull/8809/head
88c75ee66e4ad39340862931ae2a21b373fc79fe	refs/github-services/pull/8809/merge
493a79828318340581d2e445a82bf090aeb26050	refs/github-services/pull/8810/head
f4627e19f65220a45bced967d4ce67b9b59546cf	refs/github-services/pull/8810/merge
bf5548f8f65fdb0ee25b359559a279a08d0b1919	refs/github-services/pull/8811/head
6ae1b7719fb04f8cae070b75bbc18fcbb0898000	refs/github-services/pull/8811/merge
92f9dc9d606fe680bdc4e64957257cbb3ecde6ef	refs/github-services/pull/8812/head
04960437f9bb51b91456855ffd5d7bea8fd1b592	refs/github-services/pull/8813/head
b45256766464498714cfbfefc8f3f2bb52a1f31e	refs/github-services/pull/8813/merge
bd27cf38aaac18cfc00e04cf3ee1ef0563453833	refs/github-services/pull/8814/head
fffcf207245c4f933922bb7b94f52b33bb207923	refs/github-services/pull/8815/head
b4d456fa8d0a50715e3429e0d28d6c7c3c95ea72	refs/github-services/pull/8815/merge
e6489c2d9ae865abc84832cb9c15072904f16414	refs/github-services/pull/8816/head
0f094f06cc81ea76fb4920b1e21d9e3ee9692429	refs/github-services/pull/8816/merge
be1ccbc88c5158bf05f74604f93fc773cf976513	refs/github-services/pull/8817/head
22e8dd52171c83446718eb48fe1f28cdf729872c	refs/github-services/pull/8817/merge
89b9269b5957268d8923a6cbecc2bac386f34c01	refs/github-services/pull/8818/head
a60e03e32a77de6437f8d8b83886a4e7859bbf21	refs/github-services/pull/8819/head
12bfcbf4e9aaf0da1a2041e2c2d87ee0fee5ff8f	refs/github-services/pull/8819/merge
6c8aa1d2b83e274b82a389c3f9707c6dd2f41535	refs/github-services/pull/8820/head
fdc7f4fb156943eb72a609bee852a0ef0201683e	refs/github-services/pull/8820/merge
fce37811983ff4af3b05544453fa37420abdff0e	refs/github-services/pull/8822/head
cffc71a30669d45dffbfe963d5f60db37359e4b9	refs/github-services/pull/8822/merge
f5a1ba0d5fbcca46f2289a94bfed6834a4f4aa7e	refs/github-services/pull/8824/head
341ddfdceb10bb3c61021846e473d76188575ebc	refs/github-services/pull/8826/head
76d3531d62432efeb43113773677265a4764f425	refs/github-services/pull/8827/head
79b247411a61a76ba432ccc5d1a6c3015b657b67	refs/github-services/pull/8827/merge
63ac1fe62693a15c4a74ea81b31f39665d16ce6a	refs/github-services/pull/8828/head
61d8714d42a8159bb6bf47f97c6d688fffcad719	refs/github-services/pull/8828/merge
8c7e9d5d992745b34a4bc2ed962a315e5c230fc8	refs/github-services/pull/8829/head
78e92de5508d0d9c484b1fd7a60dfc68ee7f4779	refs/github-services/pull/8829/merge
f643c18dc0c287934833926aaac5b46ede57937a	refs/github-services/pull/8830/head
c75307737aa36b98a001c463303238cb3c862bde	refs/github-services/pull/8830/merge
941a87e8a9e42db340769df24dc679d23497f689	refs/github-services/pull/8831/head
4add4d1bd924eac19a7b5942089ef1c47232d236	refs/github-services/pull/8831/merge
86de6c27d6d5e943c54de70010abe230a686cc9d	refs/github-services/pull/8832/head
52e72d545280e954ebc0cd2fd56c2432c4ebf8a0	refs/github-services/pull/8832/merge
c36fe0a44608c600a257d5ef3717aca3fab526b1	refs/github-services/pull/8833/head
b5d09b168a9dc4a9f0703964804af8de37a3dbe4	refs/github-services/pull/8833/merge
4f92e060b43820efdc08dc6c6b05720500e87ca2	refs/github-services/pull/8834/head
a7889a17d321e67e239966578af4a007bb4884f6	refs/github-services/pull/8835/head
27b3ac27168ba6d5b13fd11c0270c3a3fd7bac49	refs/github-services/pull/8835/merge
9a02b308fd9c30067be6f509dfe94ef906989c1c	refs/github-services/pull/8836/head
209e8b44741dbfb6a3988dc3d8013128a6a81307	refs/github-services/pull/8836/merge
117f858236d0fb2af084b87d590974e262c57de3	refs/github-services/pull/8837/head
bcf4d18993a43d320fb6f3d12bdcd045e8d13603	refs/github-services/pull/8837/merge
6ec59ccf2f42ef69abcf6da91e15b64a4e4f2206	refs/github-services/pull/8838/head
efa8ee40facf088856d8b3852cd6ee78c6e01843	refs/github-services/pull/8838/merge
07b19277bf5c78b5d51b70f1e74203a19edf83d0	refs/github-services/pull/8839/head
53129768f4479c22e346ca9626ea60b5cf92ed60	refs/github-services/pull/8839/merge
eca82d1d186c549b81c032de7416d9f970c1f84e	refs/github-services/pull/8840/head
abb0d25830c4ae6a79c8a55cc9502f6fe684b59f	refs/github-services/pull/8840/merge
fc82b71fe0e7bfc3931ffb248fc70bc179671262	refs/github-services/pull/8841/head
4573ea9abd28360edcc3db38ab8dabb1e213c86d	refs/github-services/pull/8841/merge
01bd6cb8972c37181eb3acc49c2003f19cf6b031	refs/github-services/pull/8842/head
b89df4fe4584b490695b9e668fe18a151dfa2e17	refs/github-services/pull/8842/merge
7ab0628c54fa4ce3f746efd691510d9998aabaa7	refs/github-services/pull/8843/head
71c18a9ad19367140402aa6421be2049a8488b87	refs/github-services/pull/8844/head
e13bcc7e76ea1a02da6c43bdfb7ee6a86aff1976	refs/github-services/pull/8844/merge
8665725eb6c1a45c5a40635fa6cb8fc7318bdadf	refs/github-services/pull/8845/head
996748d422508c70f72ea80f27bdc7cff91446af	refs/github-services/pull/8845/merge
846f6e36e5fbeec43765e60fb20dcfd4680c1437	refs/github-services/pull/8846/head
c632f1827075a1d1e694d6fc01dae97a8246ffa0	refs/github-services/pull/8846/merge
b9fbaab25b3627db3d113fee8d5521ff3abd9136	refs/github-services/pull/8847/head
4fc7802d3738801fddb91a880c3d863d5a9e14b7	refs/github-services/pull/8847/merge
c424d1b48029c20b519cb9e53d52cc661a71ef66	refs/github-services/pull/8852/head
7d1e58e6c6213f443b0bded76fb1050152400ad9	refs/github-services/pull/8852/merge
56b1406fff208a2e6e6250c8eef49d57d170d31b	refs/github-services/pull/8853/head
6ee1ac4888eaa8c3620e27360760edc012eebac6	refs/github-services/pull/8853/merge
590a741ca720693be174bca80474fa1bdd1654b8	refs/github-services/pull/8854/head
be35a62dc793013b1873728ff9a44e475151cdb5	refs/github-services/pull/8855/head
48b0f03139b4f7657387a395dab05bf08c133801	refs/github-services/pull/8855/merge
2c6db3dd9585eba600d46367fe2099101bdc1216	refs/github-services/pull/8856/head
167c2fd5e4219882cd94fab59820fe823913d57d	refs/github-services/pull/8856/merge
6b39666bfa6c734b903b0acedb81886f079009c6	refs/github-services/pull/8857/head
ac97752336b15b8373d29c9bce3c7598e4e6ade4	refs/github-services/pull/8857/merge
f16ba3d26e0de6f4b9e87a9bd5ad289a528fdd70	refs/github-services/pull/8858/head
53d0a396ef3998b37af024ea43916a9886cdefa1	refs/github-services/pull/8858/merge
df1ababbec38aa0e54ef69ecbc03562b584b6a59	refs/github-services/pull/8859/head
23636617a41922b49189e98193f86ea73c2632e4	refs/github-services/pull/8859/merge
17011c7bcce48130566e06f75ca25d99cdd53a88	refs/github-services/pull/8862/head
4d646dc63897543a7a953b1210b076c264135dd5	refs/github-services/pull/8862/merge
b03777701e7214f54e953a2caf333f4676019f84	refs/github-services/pull/8863/head
3a6d5b37b8a844245ae7fb66941733b8d3689e44	refs/github-services/pull/8864/head
b829fbe13d499e92303d7b70c15108370d2ee815	refs/github-services/pull/8867/head
ff743394e50b1303ce62f3d6af482d67a5effc42	refs/github-services/pull/8868/head
bce6e05d1d5fcd884efdc596fd8e1d09d3284aa9	refs/github-services/pull/8868/merge
bc81674cb75e0a1b98b434510003b55141d12ee5	refs/github-services/pull/8869/head
33f4c06cb6c515969105e37c6d5ea22548b43d6a	refs/github-services/pull/8871/head
c3c8acb0101042bb2bff90b6ae28ff3cc5cf33e4	refs/github-services/pull/8871/merge
026e6d1dcecbaa0c67563fdcce09d01c1fd48998	refs/github-services/pull/8872/head
d909d48a9b34eb1741251c3a60c0a72eb0c76893	refs/github-services/pull/8872/merge
9c738c3a2d46d77948acb1aba2f88e4e7fcbec64	refs/github-services/pull/8873/head
8e37c6eb72eac1a797f05464872db92c4fc7f6ac	refs/github-services/pull/8873/merge
cde40a55972dbcd9063571701580981cc57bb8e4	refs/github-services/pull/8874/head
a47fa1ae0faa13001122c20a286dedfce64f16b2	refs/github-services/pull/8874/merge
37c5b8f0f0d5321959d2bfdc4c0ea183c99eaba9	refs/github-services/pull/8875/head
6fe17b3b319619c73b8056955c1fc65320c8e7d3	refs/github-services/pull/8875/merge
0445702ff5db5c26eb67804e37b17ef92e73dde5	refs/github-services/pull/8876/head
9e40d736f1cc8b037a05d00b92c0951f4bab9058	refs/github-services/pull/8877/head
10730ca6fac7603cf0ea467f0966f6854596e750	refs/github-services/pull/8877/merge
07fa6c5f49c9eadf749bd7be4aebe44920610d26	refs/github-services/pull/8878/head
22a9774081ce8fac565a4f82af278504194c56c4	refs/github-services/pull/8879/head
431c9b0eca8a969a351e9cabf5a71c1a74604899	refs/github-services/pull/8879/merge
7c7587f1674ec0fbe07a99d79385b76790193e65	refs/github-services/pull/888/head
9e2083d65ca77b2d6192061d54da2fde4bfb4db8	refs/github-services/pull/8880/head
5a56104baa89ecd0d7cb22f63d30ceb19703d977	refs/github-services/pull/8880/merge
c2f4fe7934b836ddcb2a201d0b464dffac91e595	refs/github-services/pull/8881/head
a39ae6b5b3523c2ed69586bffa288de19b676cf2	refs/github-services/pull/8881/merge
18a769169608e53adb3949ab6d927a4e81db4768	refs/github-services/pull/8883/head
c850153b0b148e5a0de622efab7fb19163ddac0b	refs/github-services/pull/8883/merge
7a48fb0088b6cf5220fa17e7c04df64a104aeab9	refs/github-services/pull/8884/head
f722c1497c76ad2908603e07c50c4a90618f615d	refs/github-services/pull/8884/merge
da91d57823fe243fb1eaf3be268b845918f50416	refs/github-services/pull/8886/head
66eeaab7e8ee78f8e3a9ec25c991549a7e83cecd	refs/github-services/pull/8886/merge
498c2dd3263e0d8e0d9e15aaa5ab881a980efb4f	refs/github-services/pull/8887/head
3e65c584f7873769de3cf7e9176c8aecf007e481	refs/github-services/pull/8888/head
b3305a23e34bb72f8b845c4c4c2df97a0ce5e8b4	refs/github-services/pull/8888/merge
da0a315a0a5b16c1af5af8565c7390d7fcfadadb	refs/github-services/pull/8889/head
e2688be04376a2d5116ee195be1c747729f2e6d5	refs/github-services/pull/8889/merge
3102de0af487775fa248efb6fe345a103381ca27	refs/github-services/pull/8890/head
e30c8a9523a8ab229ba5ed5d9b057cb0be6408d2	refs/github-services/pull/8890/merge
44a8451d51aa6625411837b5c5622eb3b073ce94	refs/github-services/pull/8891/head
2f3a35f7567f3d12c29f2e12ad9220d03edcece3	refs/github-services/pull/8894/head
51d09564b877ee72a046b00d5fcc24d9494a4b26	refs/github-services/pull/8894/merge
5080bfb760a36f757cb806e38b16dab4bc174bd7	refs/github-services/pull/8895/head
9ceea7d0ea425ab7ec828d53c73b01e85a33a230	refs/github-services/pull/8896/head
f234a0476ecff8f6a5e345c6ffd2c6a13f651b70	refs/github-services/pull/8897/head
6611b34d9ed2c149c213467aa67913037b198c6a	refs/github-services/pull/8897/merge
e3586e4755be14529e7945d8d405da2458633a32	refs/github-services/pull/8898/head
b3afc891a5a7c93dba74f0b9bf048a8db993cd16	refs/github-services/pull/8898/merge
94a8dc7c6c66ce0c0d62e795a6c9a4ffeef9099a	refs/github-services/pull/8899/head
f8b7ec12a587d67711a80ff4254a0f11f5b0a248	refs/github-services/pull/8899/merge
b3167cf1e6323ed54fb25f8a4e19175d73c6df99	refs/github-services/pull/89/head
a1ef20f0231e17998d1ece5485074a76711efe7d	refs/github-services/pull/8900/head
cbd74891ff6fb38a62d769a1d685f4d5267b949c	refs/github-services/pull/8900/merge
bfdd481895aa17d2afc3b3d8bc7eb51bc54b5691	refs/github-services/pull/8901/head
fe09087c23b37892424de3a7872331ba340d1a16	refs/github-services/pull/8902/head
291ab43580f5fb71671d307b8906bb0b6c094792	refs/github-services/pull/8902/merge
178e781e90f004223453c37799d32c5c195f0e29	refs/github-services/pull/8903/head
b6c82757e111a2825a75ecaf33fc04fc94c27fc5	refs/github-services/pull/8903/merge
86e771ead1cbe1a16ab57a19f9dbb3f5a4da8f57	refs/github-services/pull/8904/head
0d6ea60fc7e7e25c6721e5ac46b928a904808d58	refs/github-services/pull/8904/merge
1025b9736b0290274fa675f7357528ad1f01f945	refs/github-services/pull/8906/head
924d8df85e0abbc170503e17e12a8837f955f199	refs/github-services/pull/8906/merge
3a8d8b5b495934de9dac4bf593c2b35edb11bae4	refs/github-services/pull/8907/head
5d9f7ebeb06da36bf5d518f3caeb53237d794482	refs/github-services/pull/8907/merge
fb1fe1b172035f9335661bb01e5925cea951e476	refs/github-services/pull/8908/head
4700e8c9c0ff85632de3d8aa805351d441bcf77e	refs/github-services/pull/8909/head
4f302c9b013cb2df7817f222c07f75f48bc71925	refs/github-services/pull/8910/head
624759b6a6390225804c9ed1e2e54fb72a7224f1	refs/github-services/pull/8911/head
1c24d5bb5707d20030a025c23f334e17e900b77f	refs/github-services/pull/8911/merge
2638da106c1e176534c92be9da55bdd6a93f60f5	refs/github-services/pull/8912/head
7e469f836b4e3a3e042f66a58c1f292bf600f77e	refs/github-services/pull/8912/merge
2367d91b06b477e2a979cb201cb7c5e341a53e81	refs/github-services/pull/8913/head
f7bf70fa5d74b22beba543424f31e5d81f99e638	refs/github-services/pull/8913/merge
9e0c23d6404f4a0d17d347811eca127915351268	refs/github-services/pull/8914/head
be563822920aa91c8cfb0998799c6eb02e18ce56	refs/github-services/pull/8914/merge
f02fbffad2eba53ddfbaf1175e34bb75b6f6e9ca	refs/github-services/pull/8915/head
3cc703f4199c86ccc18f87ec135b3b3b8f746936	refs/github-services/pull/8915/merge
b84bcb30628a5f87a422feaf2f02616443955ad9	refs/github-services/pull/8916/head
c4caa6a533065b435bbeb868fee93bb74058ae94	refs/github-services/pull/8916/merge
e4310558868dcab64672fc90ed15a7751fc8566b	refs/github-services/pull/8917/head
c4510473190062b04233e1f11ffac34d1d2b4c37	refs/github-services/pull/8917/merge
5e10e66a77f3418f390fbc3c401375f4ad9baae5	refs/github-services/pull/8918/head
a5d5b90d50c990605aed28d56885b9583636675a	refs/github-services/pull/8918/merge
330e6497637cadbb60cd2cb03cd29d3ae5a84c2d	refs/github-services/pull/8919/head
156059112ecb1c17645b5ee2eb1a030187eaff7c	refs/github-services/pull/8919/merge
9fe946dab9004f95351b649f60d5eaca0ff3ecd5	refs/github-services/pull/8920/head
b670f5355bf17dc19eda85d053264fb8daa89052	refs/github-services/pull/8920/merge
a843f9865b1c409e057d54fae3a4c535fa7ae84c	refs/github-services/pull/8921/head
634ffcbad64281f04bf01e8da966d0ed81d2c921	refs/github-services/pull/8922/head
875530d140935a5472543e87b575fa0e9743a2d2	refs/github-services/pull/8922/merge
082408236c9c7089bba2819f786cd5693c7e0b17	refs/github-services/pull/8923/head
0fa216126e2c2d102417766f50225113e5759567	refs/github-services/pull/8923/merge
8cf86471d635bd4d5b8899443d0582e33b17020d	refs/github-services/pull/8924/head
150f6c4f8172c8eb72e04969007501e14bdca2e9	refs/github-services/pull/8924/merge
3575a9565c4b43b3c6b3ddc01ca0dfbe1bbcd780	refs/github-services/pull/8925/head
9d5d8f3ce8aa4fbec711ad637497e809811ef419	refs/github-services/pull/8925/merge
c9b0575d34ed4c6dace4e01d5b1a8b5cbe27cef7	refs/github-services/pull/8926/head
f2c36581257b31ecacdcb63636e25b776277749e	refs/github-services/pull/8926/merge
1a404119fc16c8eddcec2ad48de02302fabcaf98	refs/github-services/pull/8927/head
0c53fbc6ee6ee914022c01972125bfe76cbd366c	refs/github-services/pull/8927/merge
f2ac58942af3c8a9053b09219259d31140cb139b	refs/github-services/pull/8928/head
a98a2c058fafec505babb93bd0d273171a438c2a	refs/github-services/pull/8928/merge
a6207bf24527cee00d7e16fe0eb678a473a6ef27	refs/github-services/pull/8929/head
83522243aeba8c68e8114e162cfc136aeebd61ee	refs/github-services/pull/8929/merge
8db33cd55c499804080fe96d5d4007fa2ca14db9	refs/github-services/pull/8930/head
3cfb93008200c3cb5c51339bbf53267e4d26cfe7	refs/github-services/pull/8930/merge
b5f127fd874dd7064327564facf6039eaa75661b	refs/github-services/pull/8931/head
415eee2d6712678a2ccdd7d010f020daca065e4c	refs/github-services/pull/8931/merge
9bee9f882e209e2ba35c1021cee67f0b9f3d70de	refs/github-services/pull/8932/head
fd302fbe3dfdb5df4c0580120703605071ef96ea	refs/github-services/pull/8932/merge
28d076fa0aed45d411c48f339737c51fbf05480f	refs/github-services/pull/8933/head
8225e3e181b3602f34eac17fd18febb7719f7295	refs/github-services/pull/8933/merge
258f41a76da646e99dd38a1a516bcce2b6390d30	refs/github-services/pull/8935/head
c1adcdbaee83f649a968ebb26cf30187d5c9154b	refs/github-services/pull/8935/merge
1825b39ffc4ee675f0edb2b3d705a2ad64591308	refs/github-services/pull/8936/head
0f2cd1594e647c9be78723053aa9abd1c7871eb5	refs/github-services/pull/8936/merge
1612da88524be1b0d828969254cd0ae4003c5631	refs/github-services/pull/8937/head
4a3c181c1103038c5c170d20c92c9e93cb0091e7	refs/github-services/pull/8937/merge
e6d6a14b4230c0708a3d083f682d4042ff054032	refs/github-services/pull/8938/head
41389b4e6a56c06a8fae1f510b0aad6dd5b98c57	refs/github-services/pull/8938/merge
00eef954ca8d446311b53b81785a6441ba0ca20a	refs/github-services/pull/8939/head
cb207fe12a1f335ddd041c2d85e6ae7045cb3896	refs/github-services/pull/8939/merge
fe42b35da60c529cbb0cd291fc369ab1b8bfef55	refs/github-services/pull/8940/head
9057445dded7874c1eb755b350daefd3e4b03c3f	refs/github-services/pull/8941/head
412e4e0e70ce553b7701df166a5c8a3171cafe8f	refs/github-services/pull/8941/merge
74293058a8d1149f0ee46c9f0dd3d4c65bf32d9d	refs/github-services/pull/8942/head
8f19ff313ea6f5c9cf87feb07370bdfc432c0589	refs/github-services/pull/8942/merge
6c733dc30295500dff88441cb5ee2aa23421bd93	refs/github-services/pull/8943/head
398c29e166998faf9a1872d7235993eb439b93cb	refs/github-services/pull/8944/head
5991990613f606abc9586412453bc7214865a0ee	refs/github-services/pull/8944/merge
0bab94e2106af916756bd1576840489bff4e2e63	refs/github-services/pull/8946/head
789042f4de07142b61d3a92efe4cca21eb33ab51	refs/github-services/pull/8946/merge
0bc17107d53728e3086ba08c7f2dc23d8c7624d4	refs/github-services/pull/8948/head
2f76ec0c78c9e331043674811b149ae9c245a73f	refs/github-services/pull/8949/head
fd1f3662c6b407af2528f76defbcd834e2d5e467	refs/github-services/pull/8949/merge
32c27fa31b45128a4658037e2117ebef9331d908	refs/github-services/pull/8950/head
d4bfce1916374ce2487f69ba702e7cd1328b2c12	refs/github-services/pull/8950/merge
12ae08d7d447f618f0dfedaf2fe0ecfe5aaa0196	refs/github-services/pull/8953/head
1f474bfe008df6e4743830ddd6f2ca1e3cec9518	refs/github-services/pull/8953/merge
545e6401ec99ff054ecdb3040dba149e87e33809	refs/github-services/pull/8954/head
d755444be8611f3da44ba3f971f06c3d9025980e	refs/github-services/pull/8954/merge
baefbace881181fd9347a84e79cfe172dcc46955	refs/github-services/pull/8955/head
83d41ce7a8b79313819fd83733bce0f7c41ce99f	refs/github-services/pull/8956/head
0629aa3e9efae298c5430c91e76f9c728fd1ece3	refs/github-services/pull/8956/merge
a9d777f66c47d51681c35ea7d438497652d54e8c	refs/github-services/pull/8957/head
050fea6c317bc01c0579acabdfdde14a3b92dd00	refs/github-services/pull/8958/head
b9e4046819e72864044b066cb648b7580b6bc7ae	refs/github-services/pull/8958/merge
c386f8184c7c37d4f7ee7955e163a71735044614	refs/github-services/pull/8959/head
e193a93a9d7c3c21e95b9ad1b452ff5427d587d4	refs/github-services/pull/8959/merge
dd0f1d23caf20f657154c37796004062ad96382f	refs/github-services/pull/8960/head
a71f5d0f4e9f04dfc75e10e1da6e3ee4d6fc3ddb	refs/github-services/pull/8960/merge
aeaea9420bd8ea86eeab0e7ef96171fc88175731	refs/github-services/pull/8961/head
6dee91eee99e3b4c97c9b48ea7c45ab7380086eb	refs/github-services/pull/8961/merge
ca1d2277c4cda99ceef86cfe8ad325cc1b2f80fc	refs/github-services/pull/8962/head
d04df3a0596dd4570af1a93f116fd3cb6f556b77	refs/github-services/pull/8963/head
91b831ca0d1cc85678bfa76564e59a1242f82fdd	refs/github-services/pull/8963/merge
41f43a193f5e6cd8eccb5c201b67442eaf00e54b	refs/github-services/pull/8964/head
c47da447b8f5015d536833898da6be5b6a6ab58a	refs/github-services/pull/8964/merge
0e78a186e9dd7a2d918689e157130f7b895fa6f6	refs/github-services/pull/8966/head
22cf03fd00f4c146c87f6d480c855ada95049f55	refs/github-services/pull/8966/merge
542558844c9f31b12079ece576ced9c90a16483e	refs/github-services/pull/8967/head
18501757645776a09221841c327573040f8410f7	refs/github-services/pull/8967/merge
c04a1156ccf549096cba1c52cb2628278945ce48	refs/github-services/pull/8968/head
910cf98b7a3cf09724735e1d5ff98b533b6dd4ec	refs/github-services/pull/8968/merge
95888d3a4e057c43d8004bb7f475e137b010d193	refs/github-services/pull/8969/head
05c0fdf74a9196f42edd91c2e6ac702f4859cbae	refs/github-services/pull/8969/merge
6b521572f916b4e25332c64155a683f5a729deab	refs/github-services/pull/8970/head
93652231495562c866142a534049af83dc42b07d	refs/github-services/pull/8970/merge
1cc34f627f5fa7aeb74a304a0552db4e5ae8d3a5	refs/github-services/pull/8971/head
6a0c932a966da20d9a519f9b75c911d77a4c4384	refs/github-services/pull/8971/merge
634c442df4c189e9cc516aee6dfeff0c8b11184f	refs/github-services/pull/8972/head
eb9034094ac5bfc309f3d2dab305f93eb69bb2cc	refs/github-services/pull/8972/merge
64db9177cdcf6c8857c3c7ae426938d8e070bd6c	refs/github-services/pull/8975/head
d455d34dfa7b7a0fea338274b721a63d82dc5dfc	refs/github-services/pull/8975/merge
32c58f4291f33782a9eb0996270d0a92cfe03800	refs/github-services/pull/8976/head
53526ab08373362dfb04698cfae0c70b6c865841	refs/github-services/pull/8976/merge
2a148190ed5e02ff618332b8c58fba38bdb84f9f	refs/github-services/pull/8977/head
a9b14419d35ffb78c8cff7cce36287b14b292e92	refs/github-services/pull/8977/merge
722118b5dd3a5f16ed09c1fd19ccd96b358a59ae	refs/github-services/pull/8978/head
c02a7095765143575632b47e785433e2f165b008	refs/github-services/pull/8978/merge
45569b003898ec44456dc8242d398f2254a29964	refs/github-services/pull/8979/head
85858c3132709e9c88cf73593445bb13afc0b26b	refs/github-services/pull/8979/merge
f97c5ac2b80ad727703d966200f5d1700f581d78	refs/github-services/pull/8980/head
fdde1e74d00b7da1d4f2676df87c8d017f5208c6	refs/github-services/pull/8980/merge
0e7460c22bece4aaa75ffe74cfc43e1bc9fef297	refs/github-services/pull/8981/head
264a14567e10989c24f5e8fffc84dde1f2ad9854	refs/github-services/pull/8981/merge
4d3238c88f138b342fd6e7294b41b743a06f7570	refs/github-services/pull/8982/head
8ee9f70fa97ccb97775f810cd0bef4b20989dad5	refs/github-services/pull/8982/merge
73d64fcbccd99989ecbfd6d2740071d8bffa55d6	refs/github-services/pull/8985/head
11c408690ebfc9d303c069f331657da3785593f4	refs/github-services/pull/8985/merge
c41c9ca470d01d39e5f558295f5432feea4df9ce	refs/github-services/pull/8986/head
70afaa431ec167a2b7514287c66a6b14d6645087	refs/github-services/pull/8986/merge
4ee13648e7db9d69ed52835cfda8afe431f2aa1f	refs/github-services/pull/8987/head
e3422d82f0d513978caef4a37f320da160a0d38c	refs/github-services/pull/8987/merge
88702923ac18a1f2f7c748b1c52042ea0889ed57	refs/github-services/pull/8988/head
103d4f1a4c09b6b7a22b57ed76181b386c89c8b9	refs/github-services/pull/8988/merge
2b0a75a4428f65181d7c016b4b80dc2d3ae7b4c4	refs/github-services/pull/8990/head
a7e5c8f4ddf981d1c8cb49cafcf46047531f399f	refs/github-services/pull/8990/merge
904f90ecc3a4b04a056473a28a71566d831f9e00	refs/github-services/pull/8991/head
1ce39331c1944d64e55525adb5d45992c70e7015	refs/github-services/pull/8991/merge
c6b0f5e6e2790938b7f9639dc87a318510a2df1a	refs/github-services/pull/8992/head
27af8d2b59457b35a0e81a8aa1f6bbbdd44bca5c	refs/github-services/pull/8992/merge
787604e0f1cae851a9415f19e6f4c72bfc3b1c5c	refs/github-services/pull/8993/head
8b605651bceed0523d6f0f95230dfe6c9d1d4fb3	refs/github-services/pull/8993/merge
a1bba2e627778d8d7aeddcbd499d3e6d526d5baa	refs/github-services/pull/8994/head
dad2a8c68bbe1748a70114c3786bfa516896b7f5	refs/github-services/pull/8994/merge
a48ed52810fc3789c4b1cb1309562c7a9deebc14	refs/github-services/pull/8995/head
f409aa4fac59b275c5fd7c56e43e246606a60181	refs/github-services/pull/8995/merge
957df6813a83572a499f269f738b7c6b730edde4	refs/github-services/pull/8996/head
b8e218b4fabc55d628ad60b963a3fea2845bb728	refs/github-services/pull/8996/merge
4eb9b328544ad2b86b4120d79283a1b51e9bd5cc	refs/github-services/pull/8997/head
9b1af52df32e59ad3771bdbe4a83f4695fa5d3ce	refs/github-services/pull/8997/merge
ed2b8a043965d731eebd7d612a9cc812bcc8255e	refs/github-services/pull/8998/head
055c8014e2746bf81b50b2f5ed87e550c686c49e	refs/github-services/pull/8998/merge
6adf93cecbe62bd670eed0e177d8786330b65531	refs/github-services/pull/8999/head
0877bb0ac30855070a73bb28d25d65a94d861e3d	refs/github-services/pull/9/head
cdfa66d987db3b82d7e13183eca04c2269c6c62f	refs/github-services/pull/90/head
15f0f48bcd03c80dfed3c41398ef64c0199852e2	refs/github-services/pull/9000/head
226cb0315421c92a76271d01e52ec94f8200bd04	refs/github-services/pull/9002/head
500fca13dea17e4ae8e73c995d44cfae668e41d2	refs/github-services/pull/9002/merge
7a541f46b9a6ce3aa32b0a37bee660f0b3fb9397	refs/github-services/pull/9004/head
9b2844425548e02ac73199f4fe3fb4ff680635b9	refs/github-services/pull/9005/head
7e3aaf685d24e0745c5e218144a77028935bf933	refs/github-services/pull/9005/merge
b2bd4bd9710a841b90fa2638ba810b3a2aba02c1	refs/github-services/pull/9010/head
fc2df3ce47b1a4dc2678774e23b8ca6f66c70e7b	refs/github-services/pull/9010/merge
b6120cd4d7c84a253511c57904feb201de9c0edc	refs/github-services/pull/9011/head
d7efc9ccaf6d9f612f3786e8a7bf65636d1b69d1	refs/github-services/pull/9011/merge
fa437cd1ceba894c0086d4118ede9ab97970d109	refs/github-services/pull/9012/head
85197c40119fb84170dd56bb94d6421e991300d6	refs/github-services/pull/9012/merge
d6bff7e1b7cf210deee6db00d723e8fd5dba94fe	refs/github-services/pull/9013/head
0df74bb74770e591cc792848f3918891abf117c6	refs/github-services/pull/9013/merge
488875206986d4bff515cd1850489ceec868908c	refs/github-services/pull/9016/head
1f1e89035adbda3ce13d1c8381d653ce610e05ab	refs/github-services/pull/9016/merge
1cd63db1ad1e1ac11643b7834ada6be121f22d63	refs/github-services/pull/9018/head
2d51f22c3c3b01300ba26664be735cdadb78061a	refs/github-services/pull/9018/merge
5da87bfd3fb83bb69c371d08c672172b912e43b7	refs/github-services/pull/9020/head
2739df865656010cda2bf08a64554a57d4542f11	refs/github-services/pull/9021/head
b4a96146d234be666df8cadc107e969f324cf6cb	refs/github-services/pull/9021/merge
5cb6d493a6ed7f69853371754f6b3cc94a7eaf02	refs/github-services/pull/9022/head
ad41f1599ed24bb0b5e227315369c808182dab03	refs/github-services/pull/9022/merge
d6d3eb4d6d255085a7f49edd4222b8fb8bc1b566	refs/github-services/pull/9023/head
b02778d0dbbf61f25fd46e8fba4b050488ab6744	refs/github-services/pull/9023/merge
8f86d43e82eb34e868bba7f33e8528a73968d34f	refs/github-services/pull/9024/head
03a6aee44055676c43ee047bf9b86b631075dcf3	refs/github-services/pull/9024/merge
92723e76d0462771b23f9771e316a559342e3b78	refs/github-services/pull/9025/head
c429d1efffec344592a2a865afc1bb80af51bc99	refs/github-services/pull/9025/merge
82d9b1089e7fc1c1cbd03c59aecce1813a0d3019	refs/github-services/pull/9026/head
fb1a686cceed0f596f9f5efc57401b1d4a52a39c	refs/github-services/pull/9026/merge
b7bd20c7f9283e95e9a64ffcf7ffd15b805db761	refs/github-services/pull/9027/head
522819f9f16ddedceda8d1e9dfacf8e922cfb2ef	refs/github-services/pull/9027/merge
19eddd46f35bf2be8bad11eb4990e54635032d56	refs/github-services/pull/9028/head
5df2a0cd9fc086998f19e191f03121d09d99b9d8	refs/github-services/pull/9028/merge
bb265fd65d1a0bc8fc702e3f26c3b1cb3a21dc1d	refs/github-services/pull/903/head
477f57cd839f986aab72a4af3aee40a551016256	refs/github-services/pull/9035/head
1db422c37686aa0da20bb9940757a94a51a9e094	refs/github-services/pull/9035/merge
a0f167dc62e23ac68281c6a2b6e326228fb60a92	refs/github-services/pull/9036/head
6f99202a554e6ab7c39178652a3f82530047f631	refs/github-services/pull/9037/head
75cf502165916ea6f57a7b84434dece6de4c3cbf	refs/github-services/pull/9037/merge
c8aa3b3d77e0f1c257f43f085adaed0534cfe097	refs/github-services/pull/9038/head
44194565f5aa25807e495cf3fb1b34e72acaf164	refs/github-services/pull/9038/merge
f791e792cd77f0e3a72188dd02c568662ade2043	refs/github-services/pull/9039/head
63eed1a4275a93265618aeff7813822d69268b01	refs/github-services/pull/9039/merge
f68c716c2bdc7f6384b0b137538b1a7cb8a7ae21	refs/github-services/pull/9040/head
e9ff4e6ba55b7bcd88c81a86fceed586b41ecb5a	refs/github-services/pull/9040/merge
3d15c87a40939bac774ce31113df4e172b3f4a42	refs/github-services/pull/9041/head
a2eaf966cf3cf07705a974092decd5a6e63b59e2	refs/github-services/pull/9041/merge
a68a37675f613a801d73524793beb9eddebba357	refs/github-services/pull/9042/head
0aa0ceb9904755d3f629a17d201ec4debffccfbe	refs/github-services/pull/9042/merge
e546616ada0459624172cca6edee87c204d405c5	refs/github-services/pull/9043/head
1d1843f865b4c25d6194f6b2fac9080818a81f26	refs/github-services/pull/9043/merge
1abe07ce7adc9b53804fbe3c86c9d1182fcac91e	refs/github-services/pull/9044/head
0dda5db743ede9f6b6bd3cf171ceb2790c3271ff	refs/github-services/pull/9044/merge
2dfcd617fa3fb3a19adf825d3ab90d480c57ffe7	refs/github-services/pull/9045/head
484a09cf3a98fd70f3c9f8814e147e37faf8035b	refs/github-services/pull/9045/merge
c1312bb45ba12f3bf444d92737b74e4839e6bb9b	refs/github-services/pull/9046/head
dd00e9c7265334c19f07f4beab0a69c6e198cb8d	refs/github-services/pull/9046/merge
1a443acf51945a258b66ae53aed8d0a604d78a1b	refs/github-services/pull/9047/head
854df4158c6238aaaa985d93e363b698e7c23f92	refs/github-services/pull/9047/merge
a9d23587af3b4819888e07471b6bfc1c5ba54439	refs/github-services/pull/9048/head
0fd3ad335fc2e6c8356f55fc7abde901addef5e4	refs/github-services/pull/9048/merge
9760b9882b781fbf2d4db2c7370fa1e867ab4321	refs/github-services/pull/905/head
5fe943835f07efc276a671a8f8c3af3b35a7dc97	refs/github-services/pull/9050/head
2668837bafeaa24ce99e1f03069bc4108e2d3efe	refs/github-services/pull/9050/merge
0241a870724a4f6467ae6884d1ce5d09f7bd7bc4	refs/github-services/pull/9051/head
9821799b97af12629e017db1694def70f39dcce4	refs/github-services/pull/9051/merge
c9696a79f443535bea8ce89d084c3a28a72f0b00	refs/github-services/pull/9052/head
d57c374c659f66e9d59edcb560ef59f4e0452b76	refs/github-services/pull/9052/merge
2f9738be9908c45a22e6b90218285afa0a3bb2f5	refs/github-services/pull/9053/head
5fd3fbabfa7c6d06853768a2a409452b2d008e2f	refs/github-services/pull/9053/merge
d0c5bb9d7f900da18337c4a4ade6958ad3e17e96	refs/github-services/pull/9054/head
d4caf03ede70589e7e5dca9b7fc3db7163b50d60	refs/github-services/pull/9054/merge
277f45d2c47f7c251af95cb06ae77b0cf08bf35b	refs/github-services/pull/9057/head
98401d532d66193ad5a803560990e04f34441c8d	refs/github-services/pull/9057/merge
f3c332eb354c7520b06a5e609ebe37ebfdf7358c	refs/github-services/pull/9058/head
0c92edf013eb5fda1716d563908d5accef4705f1	refs/github-services/pull/9058/merge
b52d32837bb48265a9e1916dce8904e8f3ef4259	refs/github-services/pull/9059/head
9b81c5d77064e37a5261e42d6ffb516933a0dda9	refs/github-services/pull/9059/merge
ae5001fda0924dfd39e014f3756a997f2d5580fa	refs/github-services/pull/906/head
373ecd5cb9a360c9fe3ec3724dc9a6204a03fd8e	refs/github-services/pull/9060/head
a68ae2768b3f4146dbd239209b7fb719c0aab7c9	refs/github-services/pull/9060/merge
caf0fab163c08e14c4f31ac834458e76eb3e048b	refs/github-services/pull/9061/head
86dcf1c21ec9eea438f70000fed8981aa64beb92	refs/github-services/pull/9061/merge
900713331b5ec6185c830747656e33e43f8b26f7	refs/github-services/pull/9062/head
741671911e2327e9a3069b27d60c6dd3cc035910	refs/github-services/pull/9062/merge
6d091004c28c4dae5df75d1ad08d815ba6271f8d	refs/github-services/pull/9063/head
2210648f041ad255fcb5e2b9ea9d8bfc6df1b6a2	refs/github-services/pull/9063/merge
05c543459c0bb9a247a51786e2e27b6b7219c184	refs/github-services/pull/9064/head
8eb9aa806833495a9bee70d5abbbc8436b3bc301	refs/github-services/pull/9064/merge
c5c76128e63f9f21c5e09fe40f1b87e41339406a	refs/github-services/pull/9065/head
24370b636161f0a5ef9cee56b6886ce541f25f6a	refs/github-services/pull/9065/merge
9f6087367432b526357f4aab22c39583fa84ea3f	refs/github-services/pull/9066/head
a2aa13e348d2f10cfd7b3bca7a0ff7634860a650	refs/github-services/pull/9066/merge
c67fa73182723e110e785b40e46c6d68e25f187d	refs/github-services/pull/9067/head
c93719f0de03755444f5cf98e35461868ade7680	refs/github-services/pull/9067/merge
d2617127da896efa95941f97bad1b171b96e5f34	refs/github-services/pull/9068/head
c516657bf45650bbdd5bf673de7f1769f67abc59	refs/github-services/pull/9068/merge
3643c525adc53870d70c8ef37cead972a7046788	refs/github-services/pull/9069/head
736614abc32ca66f68265c034b45675f24e531aa	refs/github-services/pull/9069/merge
89ffa79720352b56e23337c44a1e4d7a5f51ac3a	refs/github-services/pull/9070/head
baa48458e3c9b25c28a5d5df3f135e2480f0da91	refs/github-services/pull/9070/merge
acd4b30cabb62520c386c5737da130dd329ed677	refs/github-services/pull/9071/head
a771db8444810c458e2c13d6ec9793935abe6a95	refs/github-services/pull/9072/head
6bce6d07b73c0bd251fdfbb3df275f20d7618c5a	refs/github-services/pull/9072/merge
f3d18351425f86af643b104059d6d5aac751cbd1	refs/github-services/pull/9073/head
ffdf8ea28d12b942d37c281878a0eba5c45bf5ff	refs/github-services/pull/9073/merge
bf3a12921f0485f99926720aed9bc2020658aa7f	refs/github-services/pull/9074/head
541f1fbc415d4591304e78bceba3994fbc1c2992	refs/github-services/pull/9074/merge
989374b0666f02fe2e4991d989a633b2058a5c31	refs/github-services/pull/9075/head
cd3bc1544bb588baaf3b97c281646050da0cf1c3	refs/github-services/pull/9075/merge
8afbc2bfcd830908e69892b8aedbe010a4c114d9	refs/github-services/pull/9076/head
16d1f1e8dc2a251b90be97a6ae61d89ef8c408dc	refs/github-services/pull/9076/merge
f967e1c8bb9e00bc67003bba6d267e3985bd1bc1	refs/github-services/pull/9077/head
03aa3bc83c4d37b0ad3ff693eabbcd86250224e9	refs/github-services/pull/9077/merge
c78df1bb9d5cd33fd8a03648c0bf69f0f02f4aec	refs/github-services/pull/9078/head
6398396d4e4e260e3bed78e1c02afd2cba8d5d5e	refs/github-services/pull/9078/merge
29c31d1928dcd384031ec595af0b19494d305737	refs/github-services/pull/9079/head
afa10c138ab2013e5bec27f42ac81eb75309ca38	refs/github-services/pull/9079/merge
a732706ce22aece0d36be2f9dad4927575af3977	refs/github-services/pull/9080/head
d5629724d57c67bf38c72a1ed0a5e756637d8040	refs/github-services/pull/9080/merge
f37527e401225d4685363138aaf37e903b8e8193	refs/github-services/pull/9081/head
ec187d14ea537d2351fa02603579e871cf2c5c0e	refs/github-services/pull/9081/merge
31dee851887c6a87501417e483cbe070d0d6b0e0	refs/github-services/pull/9082/head
07ab251f26b267315581e7d739e768b02ae51363	refs/github-services/pull/9082/merge
e931774288a2da8e2521ca6c66590a896e6bf40c	refs/github-services/pull/9083/head
a214f4334b9cb5d92004ac75a8db0838f8bf685a	refs/github-services/pull/9083/merge
7083f4d1afce6207dbafce46de621df05d837319	refs/github-services/pull/9084/head
9cdfecf996f65d06a3e83f9c01ebb3feda6619c3	refs/github-services/pull/9084/merge
4158f4816cc0d4645f3bebd2e0bfa7f86f51eaaf	refs/github-services/pull/9085/head
a4aa6280839252d5f878bed32f28d1e546b3d28c	refs/github-services/pull/9085/merge
317b315f286af06f8150bbb17529cbe2da60e96a	refs/github-services/pull/9086/head
7b062dd6aee5afada65ddb3c7c6735f964a284c7	refs/github-services/pull/9086/merge
e451d61153190ff0bc687c11a911c04b4c1a43de	refs/github-services/pull/9087/head
9ce64568d15dc7fe5336191f81cc8ce775fd0f61	refs/github-services/pull/9087/merge
b28e7b58a47f75b1b5cfaa36c031fcb6885facaa	refs/github-services/pull/9088/head
5ec67bddc1f20feca4712b37037e83c8b58fec2a	refs/github-services/pull/9088/merge
37ec93763c00596ec3433fcf5406c22666c2a9e0	refs/github-services/pull/9089/head
03a58e2536579925552c6bf315c60f47f8fed60c	refs/github-services/pull/9089/merge
a8cc23e5b159e12936ca9a77fadb7980e26b919d	refs/github-services/pull/9090/head
7825b4d2123a99af2659547fd0e8adf3841c2e42	refs/github-services/pull/9090/merge
d8e168a2a1fdc440d53dc3f3c6c2e18e9b7ec1e7	refs/github-services/pull/9091/head
0cb02a18983ebf9c8c3d16867d812dcd422300e8	refs/github-services/pull/9091/merge
500e30fad9c89ee29603a752bd3e45604f75a80c	refs/github-services/pull/9092/head
6e9990b2e3ffe9fcc472fcd3fec2e39f5f1d5990	refs/github-services/pull/9092/merge
73ce480b4b20e84d1e48e15f47ceeef192991a2e	refs/github-services/pull/9093/head
2c6997e62abb9072a3c033cdde067c079e0d56ab	refs/github-services/pull/9093/merge
a76e1f5e65d4aed14b6e39cfb2d577429757abfa	refs/github-services/pull/9094/head
8ae8aaee15cda58cd4a72cc17fbf91a9cad9dc5a	refs/github-services/pull/9094/merge
637252e07b125dd5300af6512774d934c34e8807	refs/github-services/pull/9095/head
1b49c8056f919c41c0b10df1836f08756459d57e	refs/github-services/pull/9095/merge
5327b4c7a28538ed424ce5e748ca5b91dd13af1d	refs/github-services/pull/9096/head
a631df749f885e27dd47b78d6fbc6a73c49d2838	refs/github-services/pull/9096/merge
b8b6044b376bbfc0700a6907aec64a458b569c7c	refs/github-services/pull/9097/head
15b9d3a31611d7477869d859536c1a20aa4ef4b9	refs/github-services/pull/9097/merge
4a58fc2714680e4f932019caec042f4bdfd5637f	refs/github-services/pull/9098/head
bb1c5a45e549a4a99cf10934836c562cb215a2e9	refs/github-services/pull/9098/merge
1b1944e435537aaada24a388e9cb62209bd4f338	refs/github-services/pull/9099/head
c15710ee9debd1cbfd780ad174f324df56cadf8a	refs/github-services/pull/9099/merge
ea6fbc77dd8fab2188aa9c86ede7a0f7fc57f092	refs/github-services/pull/91/head
1e5ed8ab78cbff0513c30561b596951789c8cecf	refs/github-services/pull/9100/head
0b89da997990fa97d00d3e575d86de8db008b383	refs/github-services/pull/9100/merge
85f2b2128eb33798d32223fa569c417782b1a9f4	refs/github-services/pull/9101/head
e2c4dd4d6399b5b1984fe681fe6e786011f17686	refs/github-services/pull/9101/merge
b64d046a3169781e245acf2b1ee66b3123e72ac4	refs/github-services/pull/9102/head
91fa8e0443a4f3b431aa0381c96233b61ad2f0f9	refs/github-services/pull/9102/merge
1e17d7b880e3c7c50edbee94f30be3e1f6e0c18b	refs/github-services/pull/9103/head
866ca254ba4d781669e6ae39eb6206f1b167ed2a	refs/github-services/pull/9103/merge
ed6e010c4aec04ea548b1479c0439b0f896d5031	refs/github-services/pull/9104/head
36d4c2be77a8edd088a204135d07de87e885d877	refs/github-services/pull/9104/merge
3a82086e9ae16ed964e72f0b6f7491d78579617a	refs/github-services/pull/9105/head
2f4d82e31d95a516a870af0faffdfd6cc03284a9	refs/github-services/pull/9105/merge
4eebb5e1ef6179cc8a1ee3abb03cef3549575016	refs/github-services/pull/9106/head
2d51f5579552ea2de180c188d2fdfff8c82dd586	refs/github-services/pull/9106/merge
fb882aea9cbc9917522733b1fe89b531d0729a88	refs/github-services/pull/9107/head
40e559d4fd484ca031621c07c0b2f3950d216bc8	refs/github-services/pull/9107/merge
bc563e7680866c1240c7aeea3f38ace3ada2c8fa	refs/github-services/pull/9108/head
a847ad57d22d1fdeecb7c299a756ce14071280a4	refs/github-services/pull/9108/merge
9898c5ce42c840bf33df85a613cf9aa74a4af13a	refs/github-services/pull/9109/head
41973490f6adbb643427d238bf55dd3ee685c73c	refs/github-services/pull/9109/merge
84477a91d0d5e894ed50074c9dde7f4b8de21308	refs/github-services/pull/9110/head
17b32e821aa4c31aaa2091ed0127c51cbc2ebf07	refs/github-services/pull/9110/merge
f8b1fcb2585e1e9d23b7d9d5a4cff32630512629	refs/github-services/pull/9113/head
ebead3a70b32d7eb8ed716171a0f79e925057940	refs/github-services/pull/9113/merge
2492316658f9fcbb49a2d286ab66e286e2d1c1e4	refs/github-services/pull/9115/head
af4517bf0b516c68242d665af685d79260ffba99	refs/github-services/pull/9115/merge
26568420965252c90c494aeeb5675a29b3eb5f14	refs/github-services/pull/9116/head
0b0bc4a688b20df3e989b39d839c909da4d569d4	refs/github-services/pull/9116/merge
2b31c826c000274f4df5fe0e3e03d10a7fb1abab	refs/github-services/pull/9117/head
0c200c433f5f952de09195bee006f38363c5a741	refs/github-services/pull/9117/merge
68a99494c66f8a5099c38e7a0a51f2a819085819	refs/github-services/pull/9118/head
4360d0361da7e1d491489a04bf89eb1811ea7180	refs/github-services/pull/9118/merge
f98eb0a4b84ea77cc17503a3d2278cd8b3e9c63d	refs/github-services/pull/9120/head
161fe23db449438674afdadad038c271e0c79acd	refs/github-services/pull/9120/merge
55820fae9e7352dc8d73c2bba145f6c41fa9bdc4	refs/github-services/pull/9122/head
c09b9248b7d8cffcd5e21b9689b23e687efeb294	refs/github-services/pull/9122/merge
5981ef09cc52e199406a4a3f227c050afc191d0d	refs/github-services/pull/9123/head
d8e5b1302a34406a4185fdb5917f53b9727df707	refs/github-services/pull/9123/merge
a9dc3e493dae31d740fde77f0b2cb80078586e23	refs/github-services/pull/9124/head
0481f10ed02becbc5b8a5bfdeb94c05bbfa13f42	refs/github-services/pull/9124/merge
e6ee23599d17121f84c9b21bd4af0e8299ca3712	refs/github-services/pull/9125/head
33af9a612666385ea37b6d77fda845e40d26d0a2	refs/github-services/pull/9125/merge
a8c3c30210627e2c3b41f3927e435a80ced6fb03	refs/github-services/pull/9126/head
b1e760555c85441e8788ac2858de1e8ce3182424	refs/github-services/pull/9126/merge
4ed515419c8292a2aa9536bcf75dfc14f2b6d9a6	refs/github-services/pull/9127/head
404c7ab5ed717899f5459172c85bac1e0566f3e7	refs/github-services/pull/9127/merge
6d8fb463d7dd7509b200bf532ab75bf33a4cfa53	refs/github-services/pull/9129/head
a0e1d3890bb912d0e13a47c144a0b0a35cb6662c	refs/github-services/pull/9129/merge
69b70b079f66bb1d9cb95b11019171c3a27ed4f1	refs/github-services/pull/9130/head
7d6ee320d346704f523e10f6cfc78259ad808bf5	refs/github-services/pull/9131/head
86eec76e30bf3fe2051fdae008c247a521704e21	refs/github-services/pull/9131/merge
6cc591a61414eeed0b9e4f155e5f8da746931125	refs/github-services/pull/9132/head
d79abf0395c7649afd1040db99b6a0d067847c3b	refs/github-services/pull/9132/merge
1fb1461dafc0d3b9de785422c38c88f642fff9aa	refs/github-services/pull/9133/head
bb0c93898af1a5a8d1d00eae9675ade08354c5bf	refs/github-services/pull/9133/merge
90cd1a13e826cde172150ffcc28b72a9aea48dcc	refs/github-services/pull/9135/head
6f6f5a9f5b85917a31c2681fa86a976ddc26dd3a	refs/github-services/pull/9135/merge
2a779c3d23647d795ee5f5542498cfb093de4aa3	refs/github-services/pull/9136/head
c4973975a6a815d401dc531af220556affc17e7c	refs/github-services/pull/9136/merge
27e225ad2424f7896d2fcf18161a34bcc35acfdf	refs/github-services/pull/9137/head
ca0a594c54a90b50bbd4bdac3af75cae0d19c561	refs/github-services/pull/9137/merge
9c7146a09abdd9da4e800dc3dce903460e1efad3	refs/github-services/pull/9138/head
f644b8f3f18b3b9d15a770cafb52ca5aaef2b5bf	refs/github-services/pull/9139/head
0bb8eca10c76209094885976b09ea8595715e8b6	refs/github-services/pull/9139/merge
1e1b9887510b18a143047f349070b193c91c334d	refs/github-services/pull/9140/head
cc16a85b84b840c92471f5e39a0632a5422a1036	refs/github-services/pull/9140/merge
a7afa93d22a9a35154b99bf20c07248d2f2598e8	refs/github-services/pull/9141/head
b5decf0cc86ceb55ea849c0352c2fe00c9342dc2	refs/github-services/pull/9141/merge
521cc088d8394766084b1a21e988065cb24681fb	refs/github-services/pull/9142/head
0a6f38d7672b7d7afe2ba7319a70bd5afcb0ae37	refs/github-services/pull/9142/merge
d7f9a76940fb6aaa62dbd124332829f2f6d301ba	refs/github-services/pull/9143/head
0989cf54c59b1336351fd9974224a5be08da02e2	refs/github-services/pull/9143/merge
8d5a0a6606c93eb9448a9dc9716bb8ca2ef4414d	refs/github-services/pull/9144/head
228f32413cfcc982ce19d3671a02b014a75b5555	refs/github-services/pull/9144/merge
dbe16373ad224c296110b970df9f77a6b182f0be	refs/github-services/pull/9145/head
60ad466ffcb0ac7f6446e02b12cb1d68800f4a10	refs/github-services/pull/9145/merge
fff948bebbeb73b648bbfe30e8f35b3a5226cc6e	refs/github-services/pull/9146/head
86ccfc4f20006565d41573c0c66bd375f993fb7f	refs/github-services/pull/9146/merge
1950e10941c14b84807bfe891a52c635013143fa	refs/github-services/pull/9147/head
dea1384b172f60ae87175c0dde7d9414168674a8	refs/github-services/pull/9147/merge
b05b03d8b8a3b98709cef536e06a286d1f5cb212	refs/github-services/pull/9148/head
ffc67ec6d84eda7dea4e344e15679149c47aa58c	refs/github-services/pull/9148/merge
71f3700d31b89121c450f3631582230bac3935b4	refs/github-services/pull/9149/head
84cd8dbacb3315ef3fa596e11ce3e050ba71d2b6	refs/github-services/pull/9149/merge
8416ef163952639db2df5cebf73faa747acf7721	refs/github-services/pull/9150/head
7fbcb42e4f8c1b30ed95949bfb15d756d56756f5	refs/github-services/pull/9150/merge
6538c23719c1ec228ab542f7ae2b945df6467db7	refs/github-services/pull/9151/head
6b2450d95866370bbf8147af80f5271a6a0afa86	refs/github-services/pull/9152/head
23d09aae7aa5a7eb63e2a408ae2b5d0e51f7d2e6	refs/github-services/pull/9152/merge
5e2baaec346b198528da2836b0289f17f3346c3d	refs/github-services/pull/9153/head
d6a9327eb43a3ce0fc8620fe12b9ab9dfc35fae0	refs/github-services/pull/9153/merge
a228476b635e51c0244f90b84bac32806762e593	refs/github-services/pull/9154/head
9759b7cfbe2453d196a666a353a1d77cab8fde42	refs/github-services/pull/9154/merge
46316e44c7ad15c05a24a699957eb911b6cc142d	refs/github-services/pull/9155/head
34045048fcfb708ecd0d77fbf8726a9634027dfe	refs/github-services/pull/9155/merge
844e296bc5e3f62b77fa8b4fb4a389d78701d8f6	refs/github-services/pull/9156/head
71257452cad9f2b152b220700a54afcd6b49b08e	refs/github-services/pull/9156/merge
69ac5de0b66148a869bcb6c16b059cd2d99a05e7	refs/github-services/pull/9157/head
d0cfda0a8b43631aed3eccf64f6a4fe747ade2fd	refs/github-services/pull/9157/merge
339cc932523e98ff392ee1e0f09de04f9f0e4b78	refs/github-services/pull/9158/head
0138c81765822b4aafdb81e19571c2fccb178420	refs/github-services/pull/9158/merge
74c768d7ad6f276e4e924832c6b0859d4b5a90c3	refs/github-services/pull/9159/head
78c0993753b9a70c7b261a25bb8b34bdc45fa8db	refs/github-services/pull/9159/merge
7da5bd7b83f04879e6c6c6b6f994e2f726e05a88	refs/github-services/pull/916/head
b813124804bd96443ca37654c8364c0d6ebc03f3	refs/github-services/pull/9160/head
ce0c90c146364bdf210106b93390686065a772ac	refs/github-services/pull/9160/merge
2ac6e0b8af77a752179d1c832ceb589fc69785cd	refs/github-services/pull/9161/head
a5603364db08179f623f12543b69a48392aba7a4	refs/github-services/pull/9161/merge
1730ff49d04879498eff7f8a039309db08d5dd60	refs/github-services/pull/9162/head
1dd3b44b68cfbd9cda8ce0e282190d21e57f2268	refs/github-services/pull/9162/merge
455d1f7f3c574441dbaaea4536ccba21fac57ebb	refs/github-services/pull/9163/head
1590405369993b0882fd7859a6d312a62ff60873	refs/github-services/pull/9163/merge
33fa0438eb41c1f4c991661fdb200e37cf0ba5de	refs/github-services/pull/9164/head
6b129f076bc4ae6ee74845bc0fbca55bc9821e1c	refs/github-services/pull/9164/merge
8ad73f501c71b6fe5cf091ee31f86b39f3cad622	refs/github-services/pull/9166/head
fe1024eb2bf3f3e4eef7f05d62bc96dff6cda484	refs/github-services/pull/9166/merge
23e0b38e000acecf5dcfc66b5b3ba76219c61137	refs/github-services/pull/9167/head
e9550aed3e60c65ec43cc0a6185cd622d6e0f63b	refs/github-services/pull/9167/merge
3eea3f6b0a42069e73a4ce87ad0f6dc1997edc75	refs/github-services/pull/9168/head
499c8700bec9327e32e430215118d830ab598e82	refs/github-services/pull/9168/merge
bff2ba00325ad2a8431f75071b9811db19f442cc	refs/github-services/pull/9169/head
9eb8abade05198e8ce705bc8ed050df8b60884c4	refs/github-services/pull/9169/merge
f8e0ab5bb73d741c7e301bbbb0d341fa08d93dd0	refs/github-services/pull/9170/head
f7e07fe190cb53aaf32b8188d4f142054872d6bf	refs/github-services/pull/9170/merge
de3092ac14ae88c58285662c47cac6f326bfd420	refs/github-services/pull/9171/head
6cfb8adc1f3739a1927005a6cc5c7aabf572cd30	refs/github-services/pull/9171/merge
25914e8765d26f3654cd46f61f912a622dd53d05	refs/github-services/pull/9172/head
20c49304010d848938efee7ec9c1498a6336c29b	refs/github-services/pull/9172/merge
fa629c5965d160e5184bc182bbde7e1c65ddcc8a	refs/github-services/pull/9173/head
22c121f10bbc855d9cdb44a227e073cd75813bed	refs/github-services/pull/9173/merge
ccf0c0831b42967177ce82846ea5373dec1d2903	refs/github-services/pull/9174/head
08f516637ef2e7070397864fd34f6fc2cbf68d74	refs/github-services/pull/9174/merge
1d2a2818a687ece1c06dd66038c3c6d36537b897	refs/github-services/pull/9175/head
d878b249bdc3d6a32784338dd20a429e67ea4929	refs/github-services/pull/9175/merge
da3e48efee53aaacfebac9c664fabbabd43e73ce	refs/github-services/pull/9176/head
c45a794262e4f576393ce31e662a4a32f7790eef	refs/github-services/pull/9176/merge
f5b36d7f22946cb9b6a2abf5db9af4eebf11b8ea	refs/github-services/pull/9177/head
cba8f2354e5266c8e5925707e6ed3fda6892e22d	refs/github-services/pull/9177/merge
1ddc620639361afc705e27dc5d516bc9187eaff0	refs/github-services/pull/9178/head
d2c6778b769746f69e9dc00f988c93d11e479986	refs/github-services/pull/9178/merge
a50d79e884bd3e81bcb53e61d870a7da179c5e9f	refs/github-services/pull/9179/head
578c12bb9ae16cc80d8c45015229754f8d2db4a2	refs/github-services/pull/9179/merge
dedfd9e8c1f23084a05aeded8e43c52fd2ab07a8	refs/github-services/pull/9180/head
d3d4ef8392964d6b14865032ae18bd268b95355c	refs/github-services/pull/9180/merge
747021832a184ca815c92125bf4b91c83227ae18	refs/github-services/pull/9181/head
eeaf669531d1fb0ccb77657a3dc205a3ceff07b2	refs/github-services/pull/9181/merge
c9071298024fed90f957166e384fe42932923ad0	refs/github-services/pull/9182/head
15760eb238fc3bfdd5a5f4119c2d002e2c05692c	refs/github-services/pull/9182/merge
78c1d1c2e80c9f77b1c842eb97d8ff657341791f	refs/github-services/pull/9183/head
e20b7c24cbd4ea5f2dba19d3f3508607aae53dd7	refs/github-services/pull/9183/merge
b69610de2e2444b6c8851f46973e24c51d0a6b5e	refs/github-services/pull/9184/head
3c3f9edff57d079720f640f52be4f4ca8b00d3f9	refs/github-services/pull/9184/merge
ed82b89d257c9cc45f447c7e2fdbbb40ccf262c3	refs/github-services/pull/9185/head
f5404093946424d0c26cefaa2846a03e56e4a91c	refs/github-services/pull/9185/merge
678eec8faf2a498a6278df5d3382332495325f93	refs/github-services/pull/9186/head
3ee978fadd544b6430d0dde5a621d026f0ace6df	refs/github-services/pull/9186/merge
0a02e198bb3d2d95f52ded5d69ff613514c888a0	refs/github-services/pull/9187/head
16c03a1f3d962e3f275cd9533fb97ffdcfcdafee	refs/github-services/pull/9187/merge
dbccf2db0706a4dc53d70ed2b193a18a43d7468a	refs/github-services/pull/9188/head
f0c34803f4282387b4add37972d0f0516235a820	refs/github-services/pull/9188/merge
7db4f7c6b6263e5e3d12357d5784248be8e72689	refs/github-services/pull/9189/head
caf27c19bf40d1d933d4c3ce4deb2df15565b726	refs/github-services/pull/9189/merge
20e685b8de7caf123278ab5c62957d86a269834f	refs/github-services/pull/9190/head
aeb27b7314bc9ee1cd95cac0fe01b6b200a307b8	refs/github-services/pull/9190/merge
1f69e008eedb1ef32a416483352e4b56cdc3af3b	refs/github-services/pull/9191/head
fbfda54b6c2870cb5b4383cebc8d8e2e6981d868	refs/github-services/pull/9191/merge
095786112162b4e932ab603804a7f9ea1d5b5904	refs/github-services/pull/9192/head
d1d31f19da0708fc75d7c50880792031162d74c9	refs/github-services/pull/9192/merge
6f34788438fec5188d68ec4b0c5cb57793d5586e	refs/github-services/pull/9193/head
b52c0caff11d8b367ae6a8a402fffc9b4e6628ad	refs/github-services/pull/9193/merge
eb694ce545d8e1d41d7f961e65872018ad9b60e9	refs/github-services/pull/9194/head
16a5e056d99ac4812ef8557ea01c18c063c47366	refs/github-services/pull/9194/merge
924773bc9e89944a64f8be6e6c4823a5422465f2	refs/github-services/pull/9195/head
801bf338ac422befd6b460be1d4337f827e39684	refs/github-services/pull/9195/merge
f0ba6da85ee7f36d4e31406f5a99383527f1bba6	refs/github-services/pull/9196/head
7d427a182f4d08ba73eae978542dd795acc8becf	refs/github-services/pull/9196/merge
6558b3b36d86ee6f406eaf8e800a0ca800a08542	refs/github-services/pull/9197/head
2e152769a69824364f28de7299ec9e5ae8a6952d	refs/github-services/pull/9197/merge
13396939bb1e35e3d2e233e86fe2f9a25a18d40c	refs/github-services/pull/9198/head
4273ed2f1b7018790473aac3347b5341720a666d	refs/github-services/pull/9198/merge
6e7bb99fd5e3e0d63ccccb436ff492b675707bfa	refs/github-services/pull/920/head
e8e95f83cb7dbca0a8d6f4dd282bae81d0eaf72c	refs/github-services/pull/9200/head
e5ea201c297ed1a9b26f700ad88121bccd155a17	refs/github-services/pull/9200/merge
da0d880f71bd0a1c757b2e0d9d11c0224fb347ed	refs/github-services/pull/9201/head
58facb6d94d74f1afaf10f110118f9229cd92e23	refs/github-services/pull/9201/merge
c48bbf67c2f046d9545c78d2fb1dbf23581a9d43	refs/github-services/pull/9202/head
759117fe6a8b7fad3d7d1e52d975af41e4530b29	refs/github-services/pull/9202/merge
405d1ac28466fd7ac41ea4a7b82e687bbad561a8	refs/github-services/pull/9203/head
3986b4b4119b3ef4cd0331e2c22b8ab6ab778d89	refs/github-services/pull/9203/merge
f8ae61d837ab748f7170cb0507f8c498c9aa9c33	refs/github-services/pull/9204/head
888a8e846b5044660904ffc22525179f69f75579	refs/github-services/pull/9204/merge
e5f693fbd78863837819b22a14157d279b6493cb	refs/github-services/pull/9205/head
c33046d49c26bac76e262215ea740fd1db74f978	refs/github-services/pull/9205/merge
ef10e2d0f87fbf87ef261c9f81cfcbe57b0a7e40	refs/github-services/pull/9208/head
09ceb64fff15153ae6d4faf1d1f5576f80e580ed	refs/github-services/pull/9209/head
d0ebdd53c966c147280e9a5087bb3b987b4b8468	refs/github-services/pull/9210/head
370d0e5daa0136d6a851c6250d002601e4f78f83	refs/github-services/pull/9210/merge
bf1ca12898e7821106b7ed25da4087f0723f0d00	refs/github-services/pull/9212/head
46509ccf3c6d33563730e660d66d7d7eec70af9b	refs/github-services/pull/9212/merge
755073ab5ff0fb0741f9af80b86a808486db2531	refs/github-services/pull/9213/head
5e63e4aeb26eec3b4e69aefd56391121c9eed680	refs/github-services/pull/9213/merge
fcb382f46cc53728358ea0a748df8d67718a9be4	refs/github-services/pull/9217/head
9ea4b950fd04e27f06380497920f9a3f9cdce5a0	refs/github-services/pull/9217/merge
586bf2f33865f35559bb3d19bbd253b48199e9a5	refs/github-services/pull/9219/head
187c925b1f2ad898700d8c88987432fbcf0a2bf5	refs/github-services/pull/9219/merge
c7dc3d677373cfbdbd1f13d26c00d03651f11fbe	refs/github-services/pull/922/head
243f13de0949a5b45054bd53d15d65d1852fc8ea	refs/github-services/pull/9221/head
4fc167b6ac5581170b7cc11018f316401498c3ca	refs/github-services/pull/9221/merge
adf01be1d05b5f66e7f1b92f520f2a67a6447aeb	refs/github-services/pull/9225/head
ddf09ca1f99663eca8f341ac845467adb3a0b0a3	refs/github-services/pull/9225/merge
c34a6ddac60b23a8e3ddabc00b3fe618ab526d7e	refs/github-services/pull/9226/head
ab46c4a5c85318371a5b5f88196f940d5478f237	refs/github-services/pull/9226/merge
3321d7dea2f03e258379a538e81eaa4eab238b22	refs/github-services/pull/9228/head
3493659742ee5f155e98db7678ffaf62429ac543	refs/github-services/pull/9228/merge
8f890868b575376f4917723148b117da1e13ac09	refs/github-services/pull/9229/head
702ccfeea7550dbd18efeed72b00734045ec95ce	refs/github-services/pull/9233/head
a0a827cec5be39aebf11948ae8e81ea1e54e9bea	refs/github-services/pull/9233/merge
261d8c6ed13db511caff14123829f06208d2e8e5	refs/github-services/pull/9234/head
7ed22df9d763bca6af51d3292c0246d0c7506c3f	refs/github-services/pull/9234/merge
25f938c8f22cd37febde8231e0a46a8580b2f1b4	refs/github-services/pull/9236/head
18905e81d6787d9544ee933eb166a3d3a0f0b4dc	refs/github-services/pull/9236/merge
f7fa4b977482e0d9593590307e0193ef2deb7e21	refs/github-services/pull/9240/head
63434de8b7eb8ea9e835bf49ff03c0b9c833cf5a	refs/github-services/pull/9240/merge
761641b597d85a29c98b67d85cff0d63920d713c	refs/github-services/pull/9241/head
4867e51258de3eb22dac97b215ddabb6d227e918	refs/github-services/pull/9241/merge
b9b0f77294b846633e301325514a5ba9854097cd	refs/github-services/pull/9242/head
8f3ff4c181b3a8f7fe3f4b24479eed5d34aaa4e7	refs/github-services/pull/9242/merge
0e084f283063216cf069b54e00a85dc3c128dc78	refs/github-services/pull/9243/head
b536ad7ec911c5e9a54c11455073a5c0b0f5e9e8	refs/github-services/pull/9243/merge
94fe4ac52409fcb5c06ecdcf2f94a7d43ca3f04b	refs/github-services/pull/9244/head
1cb6d58f37a3f7c81a861fd3e12496547f194638	refs/github-services/pull/9245/head
45cb6b1925204bf7eb993322dda996f64cb44bfd	refs/github-services/pull/9245/merge
30d0f1af825dd6a1a7c23d82fca5fc68471e79a9	refs/github-services/pull/9248/head
422864db6a40ee7a461432c42fdcf754aa4c69cc	refs/github-services/pull/9248/merge
f9f15764ed9dfdbdc1beb66fa44248e9b39ef8f8	refs/github-services/pull/9249/head
0806bbacbc5a412b4d5f63a32ddbe680ea6bf34f	refs/github-services/pull/9249/merge
fb29afb7af2b6945ce7a70579618f5c9423c888b	refs/github-services/pull/925/head
7e6cde612a54f7872deda84a945b0f4bee0626ed	refs/github-services/pull/9250/head
2c4cda35ef6da6c1d4e71a455e5d7ac4f9b9ec9e	refs/github-services/pull/9250/merge
cede64fb8627b3bd1aed5c1d9fda768b310fad9a	refs/github-services/pull/9251/head
5f5c386b04bd51739b9dd4375206385d44358981	refs/github-services/pull/9254/head
37a07436da5adec4f923c1e5a411c16f18f77235	refs/github-services/pull/9254/merge
bab4ca626484da00e8a2202cfb691fa66ae00339	refs/github-services/pull/9255/head
43c57b4dedbfd3fe24e43af2691b619d69c912bb	refs/github-services/pull/9255/merge
38e2778f642e025200472ad719aa0522d43ec93d	refs/github-services/pull/9257/head
686b231db700da9a236e17c92824c895aaddb7e6	refs/github-services/pull/9257/merge
dc088fc8a901c0ede3ea5e62abb6e7fcdb7e0ceb	refs/github-services/pull/9258/head
1faeb925d8c1239c6f0c95924c54fa50816eaf4f	refs/github-services/pull/9258/merge
f7fd125e13ad9ea69af88c022904bbb3a9cfe574	refs/github-services/pull/9259/head
62ee5a52ff6b544a2d45713d8b949c754bcf5549	refs/github-services/pull/9259/merge
5f9f2bc14ec9000f7fb12b4919be9b641833a297	refs/github-services/pull/9260/head
443dde010c6ecd8c99fa7ca65794703dfec7ac4e	refs/github-services/pull/9260/merge
96930c935ff04577d385e9f81613513c6a6fb1de	refs/github-services/pull/9261/head
9f1cc5d87df31434c61c3ffe3bb0a6416701b7f7	refs/github-services/pull/9261/merge
ea972c53c3027bc6aff5dda9680a33a6e6adb133	refs/github-services/pull/9263/head
bc56901c23d3132eeca31e558f7cae6355c930c7	refs/github-services/pull/9263/merge
0dc31746e5bea87beab249ed850e976a2b1b01b8	refs/github-services/pull/9264/head
374b6b0e3ef3d88eeace81fe80a6a7deda85cd16	refs/github-services/pull/9264/merge
74b5ec658d9bdbbe732c450562824e0933fa9bfb	refs/github-services/pull/9265/head
300ef08603f6189a5a4dc8b377364db310d08b67	refs/github-services/pull/9265/merge
33aa73950bac92aedd4d3d5139b09a31562fb6c0	refs/github-services/pull/9266/head
90704d2c421d8c66494b98d3837dec3c1cf69e56	refs/github-services/pull/9266/merge
729788f27eb4103bcc072565d798d05376b39545	refs/github-services/pull/9267/head
4848db8274900bb38884ca483b322ca9e2b830d1	refs/github-services/pull/9267/merge
105d2ee2e8e5ef6815674ce2cd173741e12d8a8f	refs/github-services/pull/9268/head
72f82c16f8a761bbc6d7a38e799d6250b2fca6b4	refs/github-services/pull/9268/merge
76740b82145c1f5493c505c92c7a5cf070356155	refs/github-services/pull/9269/head
70c9139e4617a3658363c45c3106204ed0cb4bf5	refs/github-services/pull/9269/merge
15419b52086d58905e49c768b751373d6e588e83	refs/github-services/pull/9271/head
ba4877c1357c91028efc7c5791d1dd39e3661db3	refs/github-services/pull/9271/merge
81f603d2279da275dcdc1a0a02bf459626ffdcec	refs/github-services/pull/9272/head
cbd85d1bc69f2e9dce81c0870eb43461fb4ad87f	refs/github-services/pull/9272/merge
6c7df0b507d90c8b1e2842ec5d857521caa64d39	refs/github-services/pull/9273/head
0b3e8e954e93bbc573d0f629066de1b451303954	refs/github-services/pull/9273/merge
9a305e38c2475f39ebd0bc5ba5f932fb77735c05	refs/github-services/pull/9274/head
2f8e73128354b5b134a269565a24514e44f7b167	refs/github-services/pull/9274/merge
0f04bbcb44caf9b91b992f1180acb50bb52a21fb	refs/github-services/pull/9276/head
4ae4788e7a378c6a783bb7a01abda6a548424692	refs/github-services/pull/9276/merge
ec33969f6718eba63bb6c552fb71bcde375ea0a9	refs/github-services/pull/9277/head
4b479459a93ce2d2495bb77024a7551c515d6a81	refs/github-services/pull/9277/merge
5bba21a745f762707d2adca4a59c28d4b89447f1	refs/github-services/pull/9279/head
4c9e2ad636de89fc1649e2cb0d8c857d1f0f6dae	refs/github-services/pull/9280/head
799aae27ad5907122ea747a3c7d9bcab44f103aa	refs/github-services/pull/9281/head
d506f06f958eb766a252f0228b925f1c9ad27dc6	refs/github-services/pull/9284/head
e5b28894948744fc6745a53f1c0f20451ec57027	refs/github-services/pull/9285/head
cffb933efb1439507e30ced36d427b47f1754e31	refs/github-services/pull/9287/head
df51dabc2e068842b55e34354344718f3b02cd1e	refs/github-services/pull/9288/head
62fd8cefd629fdc3d0f1f113201ab21b9c69a30c	refs/github-services/pull/9295/head
2216bea39cf7350cda7b643f9aeb0bc71e15b2e9	refs/github-services/pull/9295/merge
e61868d856d953198fb09d3028d1531d3a1b27f3	refs/github-services/pull/9296/head
bd46106b6db43b5466cb26be73b96713e9691f73	refs/github-services/pull/9296/merge
2e0b0c2897f713c619cfeeee1478fce472a8eb4b	refs/github-services/pull/9297/head
eedf4dce8eaba7d25dd8b1172ba4869d114f1be1	refs/github-services/pull/9297/merge
a9c7b72f5d46f11b9a5cddc6a80fa56af6c2f76e	refs/github-services/pull/930/head
49d43a43fbe2c5139a785db2af09a4ce53cd80d1	refs/github-services/pull/9300/head
9e8b2d147cd3d02f9e231a36eae09a3a6ff69d6a	refs/github-services/pull/9302/head
5ab268d8e8c642543dbc0a73e789d3db85672c9a	refs/github-services/pull/9303/head
665d8474ce1b9357fd18b00ee02291998b003119	refs/github-services/pull/9304/head
5c7c8bf37c8f7e08a05c873f072a94b141e86022	refs/github-services/pull/9304/merge
588557ae00c5bc1399ea12e420bc7cfd646a7b72	refs/github-services/pull/9305/head
dfb1a8100a1a586c8e4a06fbfffda67da56a7f52	refs/github-services/pull/9307/head
007700a0468c655c92ee8667d790d5359a344f55	refs/github-services/pull/9307/merge
47f4effac4765ee3f3b3bafcafbff70f32ffd119	refs/github-services/pull/9308/head
8526450bc02abeb06489e73abda07b4c30033280	refs/github-services/pull/9308/merge
14ef24f47bf00375264aee22ecd851221bca6a88	refs/github-services/pull/931/head
bf07cc08243caa4c5231d2234b3121b844a2a545	refs/github-services/pull/9311/head
3fd8e68d8ac6c6941fec7b4bfb44108b77404df5	refs/github-services/pull/9311/merge
aa7e6ffa57514935586cd2e45054c3e285435170	refs/github-services/pull/9312/head
7b863729cc87bac41524c6264f982cc5f373a4f5	refs/github-services/pull/9312/merge
c7d7193142167f68fc52cb32fc6d63d815ad57f5	refs/github-services/pull/9315/head
68c82180743c09719929f126c58d439c4f703cd9	refs/github-services/pull/9316/head
ae8f526f6655697683a7c7496be7671f0ff35a9c	refs/github-services/pull/9316/merge
176561bdcceecef4ed09b9d81cea6d1be4e9f974	refs/github-services/pull/9318/head
c7eaeebe1994cd233a76326db66cc32dd56f1604	refs/github-services/pull/9318/merge
dff9e7d1c2ee329920d09ebe9756554a2e9ab856	refs/github-services/pull/9320/head
f7a1af5e30f054c474b33ffdd83e553aee34d85c	refs/github-services/pull/9320/merge
b7cadfab0887cf6c6380ebab325bf649d78accc2	refs/github-services/pull/9323/head
d1ef75da07b30fc39c2530ea1bcc5549f764ac21	refs/github-services/pull/9323/merge
7932d43335295dad96c05dba24bb958adf3bb3f2	refs/github-services/pull/9325/head
f555dbed2b50b15924c67ee64e96e3943e867faa	refs/github-services/pull/9325/merge
694abc7d001b895c8150f12214478c54e1b4e3ae	refs/github-services/pull/9327/head
851c37b7413367a6a4ee483d8f1a1a4b17e7f558	refs/github-services/pull/9327/merge
76b982813acd366092ae7006db29ae9f1e6a40f2	refs/github-services/pull/933/head
d4e5a04fd9a852ac733ae6f2b2abbd2c34c5347b	refs/github-services/pull/9330/head
c5fe7d90fb893aeae67f97d5a602a7ea76529f6f	refs/github-services/pull/9330/merge
0b6fdb878b12386da736cb183f1b1c8461279a0d	refs/github-services/pull/9331/head
cf44bc9cabe262cdeefa7b6b0dad546177affe41	refs/github-services/pull/9332/head
562b0d3a72cd7a8b3a7d5946958f2284be1cac40	refs/github-services/pull/9332/merge
5d0f9bb9fa86500b053dabc280f3b8cb7cfaa7da	refs/github-services/pull/9335/head
cc128abb1581f80b8ecb735e7557a71993850cf6	refs/github-services/pull/9335/merge
b469d18467d201b541cd7d9b30daa72c085b807a	refs/github-services/pull/9337/head
219c4d106ca528986c626459aab75bb4d4d3fee0	refs/github-services/pull/9340/head
02f4e3f6d8197cc9824bb7b1626d5a765cc19c70	refs/github-services/pull/9340/merge
7845f8e8cda62d362fd2648d09f50a9f7f91d225	refs/github-services/pull/9341/head
ab24af77118402618c71fa50a647e9d72453dc65	refs/github-services/pull/9341/merge
78758771fd2049093ed104425a0575a5ed3753bc	refs/github-services/pull/9343/head
e99b0ab9f8bf264962ace105d05ddb8697000919	refs/github-services/pull/9344/head
17a0aaccfae6eab6c8cc08153a6cde159c9676ad	refs/github-services/pull/9345/head
90940943c0bf0423e8eefae9ca0a7cce5cb214fb	refs/github-services/pull/9349/head
4740aa3335f43e76318ca566c26df1dc59b396a2	refs/github-services/pull/9349/merge
66a9703ce6b497cafe4c9cb0ed9e865e42da9b47	refs/github-services/pull/9350/head
7c4848f9212efa70128603ae25a7df684a2f9b29	refs/github-services/pull/9351/head
f2d6dac657ffd3c81c42dbbaa42185ab1fa85628	refs/github-services/pull/9351/merge
221a3e7c0c5f991911830404fe3fb9101926851a	refs/github-services/pull/9354/head
3921e3791d2600737604d9f9031fb334b1644b2e	refs/github-services/pull/9354/merge
8d79caae2467eea57c2ea6674c05d4e26e47bdc6	refs/github-services/pull/9357/head
d00cb758732c3aa4b4e2f5f0d08146572dc2a757	refs/github-services/pull/9358/head
b08dabef0599d5a5f97cb71aa7258a9e97c129fe	refs/github-services/pull/9358/merge
a8c56901a926ee935ec2b4d803e10fff4e736a39	refs/github-services/pull/9359/head
a9b72f3c2a1411eec990af979fb57594256d483b	refs/github-services/pull/9360/head
118566d2f2ee1416ff1331a7c0769f98cf987758	refs/github-services/pull/9360/merge
fbfae40872c3501e26d2fe54721fbdd6f57beeb0	refs/github-services/pull/9361/head
cc18f6ec64b8cbde337e7bffd809f07737fca453	refs/github-services/pull/9361/merge
95e9cd12752a2fe7b4c7a4c44c9d9004f05c8dc5	refs/github-services/pull/9362/head
ddb4046c0dc9ad86e2d05ad8e14f7e2c6a0b6428	refs/github-services/pull/9362/merge
394075945186fee467204ae4dbfdada0c5cc03ce	refs/github-services/pull/9365/head
6061dbd42ffde93c7e899e38cb80598a28df625b	refs/github-services/pull/9365/merge
abc34ee09a9512865b103d4e08a3c62f8ab46831	refs/github-services/pull/9366/head
d29cd764e283b3dd1e442a21f33fd1e33b40c407	refs/github-services/pull/9366/merge
632e3a264d52f9068440a44d63bca4b2c6678c3d	refs/github-services/pull/9367/head
1fc3e4eb60463de1b82df3677b864d4601c1015d	refs/github-services/pull/9367/merge
e5cf83df6e37f5866d07df8a407dbcbf79310e9f	refs/github-services/pull/9368/head
8b7f5baac43ca93af578cd04899c87b89b6f8c10	refs/github-services/pull/9368/merge
94ae947fcc1ca7c31a7fc7f191465ecacbd90b6f	refs/github-services/pull/9370/head
4ce9adc0c5da9e3ce2400c6e8c8883eab3814d07	refs/github-services/pull/9370/merge
2222c0f5bfdc6b26cd90a936269c832f5aeee112	refs/github-services/pull/9371/head
0247b3431dc9bead3615abf6c40c8c8bf29ea1bc	refs/github-services/pull/9374/head
7044f144780739ef004cb114cf846821df3ae3c4	refs/github-services/pull/9375/head
70ca81d83011a31da05573f8f1a64483e9627ac2	refs/github-services/pull/9378/head
add13ded5c703ef07bfdbec33393312798c4d20c	refs/github-services/pull/9378/merge
6d6e0606cdde5b01d4bac3c7b21ad5ce98690126	refs/github-services/pull/9379/head
2a6291bce5e4e466bc3bf1e18e419d96783e2b04	refs/github-services/pull/9379/merge
d1e3c4aeb535076110bf89110c105950cfd59afc	refs/github-services/pull/938/head
80bcfff3b54c11a2e60b3539060e4ca025e90772	refs/github-services/pull/9381/head
0a02a83ea24140f8ee2e7558c5e439b73c19c44e	refs/github-services/pull/9382/head
c81f95bfab1f89ba8d2478602c1fdbd58fdc6813	refs/github-services/pull/9383/head
9ea36eed7e0faea14972d83d91de921513a02417	refs/github-services/pull/9384/head
bd08f96b06b6719a1d8fc37e72ee571ab343ee25	refs/github-services/pull/9384/merge
b2c92a1b1e6079f687fe3bf011866d4406815142	refs/github-services/pull/9385/head
20b9f7ae163682b9482443d4959180eae22e7fb2	refs/github-services/pull/9386/head
6039aae42d84930ed43e17be7111761130fb0898	refs/github-services/pull/9387/head
027c4817c20f86ce779064546e9e782efc83ce79	refs/github-services/pull/9388/head
85e035e36b5bec957f0a3b65544800eb25e25f76	refs/github-services/pull/9389/head
4209ad8b6383fe38120aa8fec72d0e76eb2e1d68	refs/github-services/pull/9390/head
5703d269aed6bea4c6c4ca63784197eac9671eb0	refs/github-services/pull/9390/merge
296620bbbb798ae4eb47cf20a6875dc205c1f1b8	refs/github-services/pull/9391/head
4adfc5e6fad4dcc4e710908c6a72c6b3ec9cd7aa	refs/github-services/pull/9391/merge
8543910d28d3c1cf801a3ec292ab2bdfca4da462	refs/github-services/pull/9392/head
ac35f83fc447264bf72b861bf4d8e4c68ef6ab92	refs/github-services/pull/9392/merge
1bf58ae9248c0977816cb3892bfc4c75979a3f0f	refs/github-services/pull/9393/head
6dfbb14dba1c32eac54bac57688d78f01957d30b	refs/github-services/pull/9393/merge
622873f9a30c17e2219c2847f7e62dbe26a92982	refs/github-services/pull/9394/head
f04f04f75dd203ae5c22bbb51e650f5f4572cb8e	refs/github-services/pull/9395/head
1aef1294890040ba3b2f40569d34af51d127fdba	refs/github-services/pull/9395/merge
65da4db8e1a26539b82d30c9e16c2a8aecde91e4	refs/github-services/pull/9396/head
7c0c5d7a136821edaec0e5992bfdc198e95b4530	refs/github-services/pull/9397/head
7c17ec75d8ba5758458d3b8e4c73e2f228130381	refs/github-services/pull/9397/merge
412aa3945dc38c0ede5e737f79b479bba34321e9	refs/github-services/pull/9399/head
c13da27a8787bcfc51e97d3718a8f3ab166baf2e	refs/github-services/pull/9399/merge
31d9cc2fb49475679e87eea2642784a732aae89e	refs/github-services/pull/9401/head
ae7fda7f73bb1caebe0dc56c0c1824e4ecb31034	refs/github-services/pull/9401/merge
cb40147c20a38a554987d98e8c0f2b00907edf6a	refs/github-services/pull/9402/head
e8b88703bedc0d85ea5211f824a272b96b9e5daf	refs/github-services/pull/9403/head
2fe8a88add2ae73a318035921d6a5d6d32747274	refs/github-services/pull/9403/merge
265f1a0e05bd9d14d9422b3e172c6d06a34e515c	refs/github-services/pull/9404/head
4718c67a1c3ebd9ce50914b14f2d2e3914dd59b6	refs/github-services/pull/9404/merge
14512865bde8408c0de5b8854a2f6e895d0a7376	refs/github-services/pull/9405/head
de5e9d7fed9064cb0ad9e9b962a6bf3c205a305c	refs/github-services/pull/9405/merge
9198c24070404a2858a83e4361a4590813157d28	refs/github-services/pull/9406/head
8b7a6252b5f6fd657464682d4a158bfa883e011e	refs/github-services/pull/9406/merge
6e477b08e9c466d5428a709d6da534200e617068	refs/github-services/pull/9408/head
d2fd76b95fef351104da36ee631167f468d4a26d	refs/github-services/pull/941/head
8dada4a6c003dff80d40f63651d85063abb97fbb	refs/github-services/pull/9411/head
ca805d7fc17599e2b6416120e24bcda5fd6567c3	refs/github-services/pull/9413/head
41e434fd835ccddbe3f1330b396f662847143641	refs/github-services/pull/9413/merge
e25ef8f6982af0fca431e459809708cdc4752031	refs/github-services/pull/9414/head
b81f65656bd4f2ce4b4b182e9deb73a6d4a77bde	refs/github-services/pull/9414/merge
a768d4a7f3c60775b1e706ed10e98ea7d53e49ee	refs/github-services/pull/9415/head
7a15bc889e7ae26ea0e8108893584774cd0ea582	refs/github-services/pull/9415/merge
6e40ab65360ed7824ee8d611fa294ac1c4c0930b	refs/github-services/pull/9416/head
adcc61bbc6fca6e15902b8baafd17ce746b99dec	refs/github-services/pull/9416/merge
697b6ecdf203856ae4680af06f1cacdc1bf7d273	refs/github-services/pull/9417/head
95888f61a23afd79edac6a3688e46e2a5e7ff2a2	refs/github-services/pull/9418/head
620f84fcab5810d012b56ce3769431f92bfa4817	refs/github-services/pull/9420/head
45dac94c97a95089ce0cec0ccc7d6f89a121cb6a	refs/github-services/pull/9420/merge
3725bac534f17a9cfd33228cf9f1c80a8698c204	refs/github-services/pull/9421/head
e65eb2c210eedf4dc375d6999cfe79d2a8bcc46e	refs/github-services/pull/9421/merge
4db3eaa4f3c94e583850a7f37979b32bf0aa649a	refs/github-services/pull/9422/head
7fff2cf206bafecb14ddbbe51ee698fedbde8cf9	refs/github-services/pull/9422/merge
33e696c09ec42f67aa4aa90fd03801e0c8794103	refs/github-services/pull/9424/head
b43a656c5c8daabcb75cd99c91ee1fd8de162ec8	refs/github-services/pull/9425/head
bc972878ec8485dc0da5cb9e5d7c83de786e8f29	refs/github-services/pull/9425/merge
1f6766ebe1389181c5b1d66bfa0859b630a1dee6	refs/github-services/pull/9427/head
4340ba6497e11268ce50d9013024a909a04b0e75	refs/github-services/pull/9427/merge
e0c0dd692bb9232d53bac7e369a641beb868e19d	refs/github-services/pull/9428/head
866200130abd6ef2772ec1b060eb2fd7979b1375	refs/github-services/pull/9428/merge
ad88884d527ab95ea59de0b9037ee137443c0508	refs/github-services/pull/9429/head
4543a689d5992e05c0de1b1e7c7fd464fc724a21	refs/github-services/pull/9429/merge
d89630d23ecdaf5ae3b1537b26ca360f8436b0ad	refs/github-services/pull/9430/head
e655edb9814352485739b0e4b5aa5ce0407a0743	refs/github-services/pull/9432/head
182e65a572cf3af8422f388c3a0cb43017466f06	refs/github-services/pull/9434/head
cf90064a25021242654b52fc7f90cc45965ba67e	refs/github-services/pull/9434/merge
db42ddcfbce2364cd3576e9813455081ebb20bf5	refs/github-services/pull/9435/head
7b772100fbe2110a120ec8bb2c9f16f7c552ed71	refs/github-services/pull/9436/head
e8b471a996ea1d9e4f3d1c8f2b030ae1586c3a80	refs/github-services/pull/9437/head
56d1ffa1afc9783a53c2d8063621f2fd2cfc3397	refs/github-services/pull/9437/merge
0908b8e4b586d51649469f1debaf658eeacbd105	refs/github-services/pull/9439/head
949afb0a168c0cb76e061bfb0c87f73f4c6f9f19	refs/github-services/pull/9439/merge
50950866f670e7e3a0c3b5ad0f21bfa12998192e	refs/github-services/pull/9441/head
474ed9b3c44ca7667dc41a3c46508426c38c6437	refs/github-services/pull/9441/merge
8c3f79409db98eea91b6651307912c3f5a95543c	refs/github-services/pull/9442/head
907750209ff47acaa61ee2906d620f349aaa7dd6	refs/github-services/pull/9442/merge
6e9d111a86b9125cd866eb8af0ecdfec70485b23	refs/github-services/pull/9443/head
a9bd83c0514c324987bb6d526a3cd9f78082ba5b	refs/github-services/pull/9443/merge
f3b6690325c2341d7028f64b2307a8bb8da1521f	refs/github-services/pull/9444/head
3ba90476e8f68ea7cc5045176075bf40c83efc25	refs/github-services/pull/9446/head
02f2b60998662b2de3af19c7c408a079276091f8	refs/github-services/pull/9448/head
c96c247d4685769ea84f8280e1a485bfe4c376f5	refs/github-services/pull/9448/merge
8a0ef5ac80ae251ade61871b0c7afc7fe68948e1	refs/github-services/pull/9449/head
7ecd8dfca71f1f10bc66f122c10bf0a0a878ed2d	refs/github-services/pull/9449/merge
c7e9249dfd724303c5b936fbd5094d47c5dae8a5	refs/github-services/pull/9450/head
cf8d3eb10a738326d83bfc7473a12bbcb1ae68b0	refs/github-services/pull/9451/head
e0fd6d49e24ba52268d4653ec11881e9fe2f13ea	refs/github-services/pull/9452/head
938fee2452b10dcca975d35b6596f8c5d2aa6212	refs/github-services/pull/9452/merge
72cf4992498338574691876f1fa4e51323183b19	refs/github-services/pull/9453/head
b04d296bd9a0605b26d27da986671d94f41da35a	refs/github-services/pull/9453/merge
3e7f1a3ab5ad3b3b519c9893722073507a8ba802	refs/github-services/pull/9454/head
1674d9512cec1bb9e4a2438f59a8195ac95cff87	refs/github-services/pull/9454/merge
4f0b1b4ea26b32dc82747cd40ca938c480e5df44	refs/github-services/pull/9455/head
f9d252b311361575190d847f18e8c62acebe5ea1	refs/github-services/pull/9457/head
c68d8fe54701323d1d4b4f5b5a9ef9d2c8bbf83d	refs/github-services/pull/9458/head
086ff93f85a29a60078e9abd30443c2abfebfedd	refs/github-services/pull/9458/merge
36763022f3c1068ce061ac3d5e8557a23ae5d210	refs/github-services/pull/9459/head
03aebee1ab295fdd9beeec11d12e04a60ade6743	refs/github-services/pull/9459/merge
f05b7b84a906e2f9d1dfe8c4610f6e77fefe5f91	refs/github-services/pull/9460/head
938442303f7bf333bd45d0d791bbe08c90e3d6de	refs/github-services/pull/9461/head
87de53a3b03c8494863f11e0872bc0974b30dc4a	refs/github-services/pull/9462/head
d5a56406d78c6745433ae702d42c03278a13639e	refs/github-services/pull/9463/head
8e3d424f4a5c00a658cf311d33800bd68ea4fc8d	refs/github-services/pull/9464/head
2c48e7588d195bdbed2e8a8422bbb2cb997bc160	refs/github-services/pull/9464/merge
493dc55caa57721905c877a773ac078406739e4e	refs/github-services/pull/9465/head
f7937aa29916f8f1b74322a731455e0f2eae0754	refs/github-services/pull/9466/head
83694a62c1093ad0141189a88c24beba81c8c169	refs/github-services/pull/9467/head
4a9cba75d8447af3716b8788c88b674e4ff8dc0f	refs/github-services/pull/9469/head
74fd70290f27fc3324a5f65011639e72e43af363	refs/github-services/pull/9469/merge
f1c0eaa1792dfb78a0d8bb5791a80f0cac00c240	refs/github-services/pull/9472/head
d1d53343b015c9781d23694bb43d408c19447a1d	refs/github-services/pull/9472/merge
db71cb397131cab9ce1b832dabda75276efc78e3	refs/github-services/pull/9473/head
a623ca9b0f47e6942f2051778db76bfe5aee6ce8	refs/github-services/pull/9473/merge
079593024433af583c1a6cba6a3cc0311e3b2eef	refs/github-services/pull/9474/head
bd4fef10f86d4b9ce1fb525057c119ec4b7a6537	refs/github-services/pull/9474/merge
50bc3ffecf73dbf4381530150ecb910fbd0c0661	refs/github-services/pull/9475/head
0583c9737cde74e739c4502338e1a71ce19fe1a5	refs/github-services/pull/9478/head
42858d7c6ba3c7fc708a1b38070cb98ab38928ef	refs/github-services/pull/9478/merge
eabe2e48188c3c961f93c0a90a7e29e6ee2d94ed	refs/github-services/pull/9479/head
6902b9764403a7be1a4c54e188804ddba776b61f	refs/github-services/pull/9479/merge
74fbfd95f2bf0bf9cf8e9f0788f5ff9e57e26624	refs/github-services/pull/9483/head
1cec1e8e36a3d45896366d23f0b33d28e06fd3c0	refs/github-services/pull/9483/merge
caf295765b61633466410cb2d63dd456e64c7af7	refs/github-services/pull/9484/head
cb3844fd2b96602dbb2f3810ca174fa06060c174	refs/github-services/pull/9484/merge
6668f185a91de4fa0b5e1b9ef5851159fa8ffd7e	refs/github-services/pull/9485/head
66b307479721f412bc51d348b6c0f831f4d476d8	refs/github-services/pull/9485/merge
a4c42aa071037e875a1c4124ddb98110dd1e4a06	refs/github-services/pull/9486/head
2bd4a8870d3fa72c7dd56c27d2e6b41a0c2e7d27	refs/github-services/pull/9486/merge
f5de7691c58585a47930b42fc4542f2bf3d1ffc2	refs/github-services/pull/9487/head
fcdd566a92ddfcb887db8acf2bb9070611d4865b	refs/github-services/pull/9487/merge
35bbfa6a1b634c123914dd5f28ef6865f9203fcc	refs/github-services/pull/9489/head
d61eeeb7d2e773a93bb719542df9f731e87bba72	refs/github-services/pull/9489/merge
9c3af022cef290c59db841fecc15f1e3ca810300	refs/github-services/pull/9491/head
196cbefa8e107e2121937de14ae14ea93d3859e3	refs/github-services/pull/9491/merge
827f4ab06c86ee9f42527da7080a8482885b2bc5	refs/github-services/pull/960/head
478bda30bcf64dc97a85a2443be16dd12d632bc6	refs/github-services/pull/97/head
9dd7f49788d71af220237cf75647236e152ed85b	refs/github-services/pull/98/head
fb5498d6043e7f028786ea585f854b8122984e48	refs/github-services/pull/98/merge
8697ad07c3f650ea11c32ae015928b2e6e4c9085	refs/github-services/pull/982/head
9eb73a656e1dcfe8183ad6acb4a2a3bf8e87a5db	refs/github-services/pull/99/head
481676e51b65cb93e520b9f073123f22a06b212b	refs/heads/0.8.0
2e3d4486caa66e9209bde8f598e7deab0e5a3ee3	refs/heads/2077-centerline-profile
53881c48884f7e585860e905456c7a9fee6a358a	refs/heads/2320-invalid-operand-fallback
4d9785e3ce7d8917d024b88633889b8e89bb4a11	refs/heads/2381-parent-task-animation
6c69c9368bc07db8dd7bd67d60858afc6e5a9106	refs/heads/4dbonsai
b8d98b7512c93f18e7208da13bbb027ddcd4cda9	refs/heads/5602-housekeeping-to-prep-for-infrastructure-authoring
e94b3595f7b187c5f74332847a852c115d2113c6	refs/heads/5779-empty-boolean-result
bd27cf38aaac18cfc00e04cf3ee1ef0563453833	refs/heads/5880-hybrid-opening-fallback
5ca5341ff57310be5a7699b700141c8491fd6aae	refs/heads/6588-filling-directionsense
fffcf207245c4f933922bb7b94f52b33bb207923	refs/heads/7288-addon-prefs-hardening
57c3d4b17674feaf83c4298badf46df124517e42	refs/heads/7444-remove-relationship-validation
c7ff18d0736a0c06a94d3d2421fbbf451a3ad74e	refs/heads/AI_effort_estimate
0844550d06f33f2e2eb61f58bbaf59bcadd17588	refs/heads/Add_arithmetic_operators
03b3d3f6274cca7bb3cca425a5cdf760ce7067ea	refs/heads/Additional_Selection_and_Deselection_Tools
4463dd8af9e23fbbd9c99917cf150aa2846b0577	refs/heads/Assign_Product_In_Any_Order
f58875228dbf94bdfdbe1ed4fc34d117728036fb	refs/heads/BIM_Dimension_SuppressZeroFeet
5d842aa644fcccc967bceee9c23696558ba99e9f	refs/heads/BonsaiPR_bleeding_edge_installation
7e3a9e4a75fa88d6c11092a58a79e1c6bdd69398	refs/heads/Concatenate_selections
0f835ca7394d8cad1b55f0503569729ea30081b6	refs/heads/Copy_Array_Attributes
8e02ab5b309041bde245e3b57f588628427931f0	refs/heads/Fix_FallDecorator2
46640722b405d8b3a1a245a2d9b66dc79dd9a892	refs/heads/Fix_PermissionError
2f5d107ff1bc887218018b0a34f89386e9ba499f	refs/heads/Fix_isolate_objects_ignoring_hide_select_hide_viewport
8634569de7da9d83797cdd5f322c91e8d1d138ed	refs/heads/Generalize_ExcludeAnnotation_to_any_IFC_element_2
7c738c15d927e926ba05b31ef09b852c07ce04f2	refs/heads/Layer_Work
9fd119bf957d989dcbbcbf856e53c46b68022025	refs/heads/Linked_File_Features
77e66a7d89b58efd7de231240bc2641b6630d826	refs/heads/Make_remove_drawing_from_sheet_undoable
3409c656ca91dbd82bb9428645e956e740aaf45c	refs/heads/ManualDrawingReference
c506e65a894a68235829b38e5bb815b6aa565140	refs/heads/Named_Linked_Aggregates
ace1b56467044e2f55919ecff6b65b8076c47120	refs/heads/Space_at_origin_warning
60ccd3ab7e03766409221a3aed777243e789eed2	refs/heads/Unhide_with_alt_click
1c19f0847125aaa092b1d5a8b83fd605b35f7590	refs/heads/Update-IfcGlobalId.cpp-to-support-boost-1.86
16f2b0a0d25f204c59648be1ea6f27f74c969f96	refs/heads/_ifc_hdf5
62386c663adcad20ae53d4376c2c2f2e9ef83f26	refs/heads/_voxels
4f0e572e0f47c8d0915c9923fadba3de33c1802e	refs/heads/add-copy-boundary-attribute-to-selection
2222c0f5bfdc6b26cd90a936269c832f5aeee112	refs/heads/address-quadratic-inverse-handling
d89630d23ecdaf5ae3b1537b26ca360f8436b0ad	refs/heads/address-tests
7a60ff886d790dfeea5644707aa5214e2c7229ef	refs/heads/after_assign_remove_from_old_collection
78f4190160ee773085d0cbe132057cc467fef57d	refs/heads/agents
c36fe0a44608c600a257d5ef3717aca3fab526b1	refs/heads/alignment-6890-csv-spirals-cant
2739df865656010cda2bf08a64554a57d4542f11	refs/heads/annotation_multi_drawing_7798
e8ab30ab3ed5e7776dd5ac7b21fec475261ef65c	refs/heads/assign_container_for_unloaded_elements
53c95d26ba53223178e6d778878eac4c3aced0fe	refs/heads/attempt-at-cylinder
adf01be1d05b5f66e7f1b92f520f2a67a6447aeb	refs/heads/auto-container-regen
243f13de0949a5b45054bd53d15d65d1852fc8ea	refs/heads/auto-generate-ifc-based-space-boundaries
9b2844425548e02ac73199f4fe3fb4ff680635b9	refs/heads/auto-space-height
d71b9c9c8cf667bf4b65e487c9e4505dfcdae4bf	refs/heads/automatically_creating_contexts
f442a99a2c5bbcecd70ff25d41db07cc32d5b8f0	refs/heads/bim_select_aggregate_deselect_intial_object
1cf11f7bb049e72337e1a89b94f7ab58c1d02a09	refs/heads/blender-addon-updater
f8e53c20a70f23504789a0d64e56c772f478e7dd	refs/heads/blender_only_during_activate_drawing
7c5b4d60aaaf1611f694dde9d3e60cbb60af8d59	refs/heads/bonsai-2709-ifcconvert-threads-default
f643c18dc0c287934833926aaac5b46ede57937a	refs/heads/bonsai-5719-annotation-fill-bg
9a02b308fd9c30067be6f509dfe94ef906989c1c	refs/heads/bonsai-5909-append-aggregate
493a79828318340581d2e445a82bf090aeb26050	refs/heads/bonsai-6287-self-intersecting-profile
248fb3e3fb91c076c09c0fd701b6cc0710fd9f3a	refs/heads/bonsai-6400-unit-change-warning
d2a08d37a1e77399651abfd429db9805f8817acf	refs/heads/bonsai-6423-axis-linework
6c8c63e34961f7567daacb43d94dfe2211767e70	refs/heads/bonsai-6424-hidden-lines
de389bdce3b01c6cfca26bcab97a5fd63b0c8ea9	refs/heads/bonsai-6425-element-drawing-classes
aa588cecd6bafaa0889f36b08d7c0b9d47d9bab5	refs/heads/bonsai-6426-text-sizes
04831147df44a188a44bb978add83d3cd7190c6c	refs/heads/bonsai-6427-multiline-text
3a0e8ccd31ccc0fa1e0d6b05cd9fee1ada7ac735	refs/heads/bonsai-6428-sheet-item-position
2138b0750a2ba5dbd59b430ca26b110b294d06ed	refs/heads/bonsai-6591-general-item-deletion
fc82b71fe0e7bfc3931ffb248fc70bc179671262	refs/heads/bonsai-6702-texture-support
117f858236d0fb2af084b87d590974e262c57de3	refs/heads/bonsai-6885-ifcgit-placement-conflicts
df365de2a884ef098a6b5755197424de0ff7e0f2	refs/heads/bonsai-6908-svg-door-arcs
76d3531d62432efeb43113773677265a4764f425	refs/heads/bonsai-6980-annotation-phase-classes
6c8aa1d2b83e274b82a389c3f9707c6dd2f41535	refs/heads/bonsai-6981-bcf-snapshot
bd3a727f4f233efbabe272c2ae77c003ac78dd51	refs/heads/bonsai-7146-vertical-axis3
a60e03e32a77de6437f8d8b83886a4e7859bbf21	refs/heads/bonsai-7351-foreign-repr-item-id
a6e2a97b6df31b5c87e1fef62591c1fc7545592d	refs/heads/bonsai-7369-drawing-class-leak
04960437f9bb51b91456855ffd5d7bea8fd1b592	refs/heads/bonsai-7410-selection-guard
c1081dcceec20352bd89ac1a546d782ff6b389df	refs/heads/bonsai-7453-explicit-axis
846f6e36e5fbeec43765e60fb20dcfd4680c1437	refs/heads/bonsai-8731-door-arc-circle
b829fbe13d499e92303d7b70c15108370d2ee815	refs/heads/bonsai-8865-mixed-install-guard
d66c7195e95eb05afa58805b40e6774317b8e445	refs/heads/bonsai-crash-debug
6e152d6bbf97c9c5c2d4f21eecd97a21282dfeeb	refs/heads/bonsai-dead-gherkin-runner
f105c6f1fa3b871e5e63f9ba12004fbb57caddeb	refs/heads/bonsai-drawing-revisions
6668f185a91de4fa0b5e1b9ef5851159fa8ffd7e	refs/heads/bonsai-drawings-active-drawing-guard
a072c72666a4ea30b036107eb33c9d6de33cf619	refs/heads/bonsai-license
07b19277bf5c78b5d51b70f1e74203a19edf83d0	refs/heads/bonsai-mep-bend-flow-arrow
01bd6cb8972c37181eb3acc49c2003f19cf6b031	refs/heads/bonsai-ojt001-cleanup-recipe
8c7e9d5d992745b34a4bc2ed962a315e5c230fc8	refs/heads/bonsai-ojt001-occurrence-predefinedtype
a4c42aa071037e875a1c4124ddb98110dd1e4a06	refs/heads/bonsai-patch-empty-output-path
f5de7691c58585a47930b42fc4542f2bf3d1ffc2	refs/heads/bonsai-patch-stale-references
63ac1fe62693a15c4a74ea81b31f39665d16ce6a	refs/heads/bonsai-stairflight-ifc43-deprecated-attrs
14c2a6b6a49209539246786c8cd6ef1e913295a6	refs/heads/bug_extend_walls_to_underside
f2aeb942980bce997a836ee0143cfb02c5dc3d92	refs/heads/build-add-test-2
0884301da58f279613bd52f5ff38bc11f618d2a0	refs/heads/build-all-tests
54df93c001528c1fe762918da03212127ee69e6b	refs/heads/build_pyodide-debug
f092893f7a4611caef794857b62123963d266efb	refs/heads/bulk-load-drawing-annotations
72813d3f414671b285938ea17ca51fcf58e55c10	refs/heads/bulk-switch-representation
b6e48991c931322ca86796aa60efefd7d7658c69	refs/heads/bump-ios-build
bb7748cfc8a763b8525b5811334328bf83d83bfd	refs/heads/can_reassign_IfcTypeProduct
1ca1954edc78c03cfad04a93b89442a963500c56	refs/heads/catch_assign_product_bug
c27612b329351a5c06756c905a3f767b451a18a8	refs/heads/ccache-workflow-test
9d0cc5ab3f5aae4b0fa407571c907ad2f62b4f5b	refs/heads/center-opening-on-cursor
33dc49693a6079ac1ff8e92d8659ffe3b9e779b9	refs/heads/check_to_see_if_context_exists
dce905210a605011a93a5f9d0ecdbe0ca5583a1c	refs/heads/ci-opencollada-test
1309c2e70b93a635b94874195546ee3a65ff5547	refs/heads/copilot/research-wall-generation-from-slabs
385d4aa40935bbebf47cd05574152aa323f5176a	refs/heads/correct_slab_depth_at_import
f2129c81b7bc8ba2fff85f54ba16aa9fa8781881	refs/heads/create-rocky-shared-branch
9f5e4d3949c4dfaca50599c0721e344a852e9d8c	refs/heads/cross_select_integration
214c22896244525267936242895e1ee7c58fe3e0	refs/heads/csharp_wrapper
dd2df71c35231262e1b2af60cf1ba7eb7909e7d9	refs/heads/daily-builds
df59c888fd441e2e56fd68eaa98d7a0796b39ab2	refs/heads/datamodel-v1.0
647a1f44eec3ae353702181fc43dbd5683a2aa43	refs/heads/debug-active-drawing-improvements
9283d866610fb154f8cc83725f9f4fce881af859	refs/heads/debug-drawing-faster-failure-search
6b9dbebcccb9cc722865e6ed6d4160d02aa71d53	refs/heads/default_relative_path
b6e4b5b50e029ed88c24815b9ba37b5153b70bea	refs/heads/delete_clip_removes_slab_connection
e0fd6d49e24ba52268d4653ec11881e9fe2f13ea	refs/heads/dependabot/github_actions/hendrikmuhs/ccache-action-1.2.24
0e084f283063216cf069b54e00a85dc3c128dc78	refs/heads/dev-daily-work-build
8ece3790aaf71992558b9be6034ca8c1ea87f4c7	refs/heads/dev-notes-system
394559ff11a28b84a8c5106e31387654ff6d6884	refs/heads/dimension_in_different_units
e5116732d03a8ca1b0b37c44316ae5f5df4ff1fb	refs/heads/dims_with_multiple_customunits
07b53f38b4d0294246666bdad46655e221659f7b	refs/heads/doc/api-docstrings
2cae90d3b1205462570e68a6a89e6f8dd60589da	refs/heads/doc/geometry-rst
bb755957bb726280742d28b4f638ae24143fbf75	refs/heads/doc/ifcquery-readme
2f05d36272ba93c5ad0db0a2040aae16df3cd784	refs/heads/doc/util-shape-builder
6aeddcabc0997be9587a76eb44e81b058198bded	refs/heads/docs
493dc55caa57721905c877a773ac078406739e4e	refs/heads/docs-selector-quoting-rule
45c64e1b4a5f730b96d4ba747ad5f99e03935530	refs/heads/dont_sanitize_drawing_name
ad9d368a3abe9879315c0e1fc8df28d08d5639fb	refs/heads/drawing_render_overrides
f5a1ba0d5fbcca46f2289a94bfed6834a4f4aa7e	refs/heads/drawings-on-sheets-toggle-8823
ba4a94dfead0a23588b94604a21bf5a729a1ed5d	refs/heads/duplicate_opening_on_type_duplication
30c56430e0d44c7720204727404c1c7289b52a57	refs/heads/dynamic_font_size
9a13e4de5cf73f7ba2adfc67a19a94ce4c90c041	refs/heads/expose_identity_entity_map
648c328d3783ace58e95e68f7788a35787a0cbda	refs/heads/extend-profiles-and-extrusions
e0dcc520f1f9731a0bdfaa60aa837d377ce0d3e1	refs/heads/feat-8412-ifcdiff-signature
6b7318321ba8e834bd263ada6551e3ab72d44b21	refs/heads/feat/geometry-new-apis
8c6d59789d8d515956bc33ba5df07a93b19b04cd	refs/heads/feat/ifcchat
95851ff94c82f647313f9a98843dcf0d3cdd69f7	refs/heads/feat/ifcchat-claude
495a8d33cdf2eef6580bc7c43e8feda55de62639	refs/heads/feat/ifcchat-token-efficiency
2ac4225ac9e02ee6a871d582ba9c7ef868870422	refs/heads/feat/ifcedit
d8e9ae39a2cd5dbec7ee4896d2fdc7433606a39d	refs/heads/feat/ifcmcp
e49c47fbd2d85f2fe422875713719e2fc1b7c96f	refs/heads/feat/ifcparse-fuzz-harness
cf3602bee1ce64ba12215cb0dcc3a8e07a0e6f71	refs/heads/feat/ifcquery
aaac864dcfc56284d47dba4f32a3b0fee0140b3d	refs/heads/feature-b4.2-relative
feba8af4c755f97c1c837b5b9d34559817eca9b3	refs/heads/feature-clash
e4cebd4e5d66b4286428277f56e417c6ffc1793a	refs/heads/feature-clash2
71ad98b515e163eeee7edf4b456777ded3b52aef	refs/heads/feature-clash3
65671dde166823f3472947428e6ce2c00b32a6f7	refs/heads/feature/display-utilities-refactor
0cc48b17ab434603d97ad0d37be1b92b18c6a870	refs/heads/feature_distinguish_derived_in_supertype_values
b394b59b446d01274081d3c2500f29ff22925d43	refs/heads/fix-1015-nonmanifold-cut
e29474cf233e74437587a54e612c4b9b60f39ab3	refs/heads/fix-2052-shape-aspects
b5824ffab10a23983e63110270be502e06726992	refs/heads/fix-2400-validate-measure-units
fb7aa40bf867975ba94ec07735ae465299fbb0c7	refs/heads/fix-2639-bbox-substitution
d15a0e2b4f8e1458f20622b172e99d1add47e312	refs/heads/fix-3096-git-describe-titleblock
f1b9d505526676dd71d0e35c2a2730941436a8ee	refs/heads/fix-3096-ifcgit-main-branch
dfefb5377c6412cc18c4a2f3b2c25c4524626265	refs/heads/fix-3189-tree-file-pointer
a3db33411c7a120746b22e480f285efbdd2dc104	refs/heads/fix-3424-ifccsv-wildcard
5a1723f52478906141d1f83b4908703b5ce8fcda	refs/heads/fix-3742-coplanar-bonsai-projection_2
0593a84d34b6972770b31cfad1572bf8d4de91e4	refs/heads/fix-3995-curtain-wall-boundary
173ab2a3116080151240c0bb3a7e20f54c12dc1b	refs/heads/fix-4094-swept-disk-fillet
c9e8bbeaa08d07e630461150dd530c1e83dc2ff0	refs/heads/fix-414-ownership-propagation
cad1eecb6987828c27e095a18e94b4af11301fbd	refs/heads/fix-418-nonmanifold-opening-facesets
5d439f2729ce18f64471685ed6b5ec728bfa3f97	refs/heads/fix-4499-uniqueness-rules
468104b1b5a7f4e2009b6993d9488b2d9e1d7820	refs/heads/fix-4594-clash-coplanar
04310a5c9a95bb7e86de9b2497619b583812dcec	refs/heads/fix-487-boolean-sequential-fallback
6546abca6e71a0fe3f390031212c3e895f5909e9	refs/heads/fix-5433-svg-fonts
08b1cb300406ca9efdc473768f2dddb5c5526c9c	refs/heads/fix-5450-mep-bend-profile-error
b1a641fa688c8d1d8651672d34e92f9a9da18fad	refs/heads/fix-5618-negative-surfacestyle
60033981b3ff768a1a28bbd3ad7f4b1091b26450	refs/heads/fix-5630-tessellated-cut
403997f0b36c5de0c1a8d8d2f99872948b10a816	refs/heads/fix-5711-coplanar-faces-dissolved
56b1406fff208a2e6e6250c8eef49d57d170d31b	refs/heads/fix-586-sphere-mapping
f4dba8bd38d2cbbf4079fcaac6e605acd76b7588	refs/heads/fix-5898-extrusion-edge
d76005745cd8bf26355ef0168251cd2a19554cdd	refs/heads/fix-6102-nested-site-local-placement
62257e0aff0d8d89e9f20cf976ae09de023e9064	refs/heads/fix-6125-nonmanifold-volume
09313eac402ca48774139aa6f8211e185f7b7ce3	refs/heads/fix-6134-annotation-text-refresh
6ba38bfeb9e14d77eab18bc931a64c9329e93379	refs/heads/fix-620-616-nonmanifold-subtraction
011610863fe092722aeebec939066b1fd6471112	refs/heads/fix-6259-profile-curve-branch
99f2a0c1e8dc61cc584d4ed4039c705ff5e7d008	refs/heads/fix-6274-wall-join-2d
bec61d6d2c0367146c898f7fa806e9f817980b01	refs/heads/fix-6354-colourscheme-save-load
bf5548f8f65fdb0ee25b359559a279a08d0b1919	refs/heads/fix-6391-opening-exception-fallback
8c91b447f9ff9f06333ff4eb04161f4a359cdb7d	refs/heads/fix-6409-nan-token
761f9a315515d950024105dd062fc3dab80a0a7a	refs/heads/fix-6488-docker-latest-tag
71f761aa6c5a084837d565eeab71b7e55f9193c8	refs/heads/fix-6557-fall-annotation-z
1b57803d8237c718beb95b7a567d10bfbf3cc678	refs/heads/fix-6607-layerset-fallback
99b2aef1bd24f0d6c070842b5e716df5f6ce8f7b	refs/heads/fix-6663-linked-aggregate-duplicate
69479155fd68ff2be3cdf8ed453afdfd2a1df585	refs/heads/fix-6693-import-item-none-geometry
1bcd7d2fc6f42176afed76843da1ad1daea7c885	refs/heads/fix-6728-covering-qto-mismatch
90554f43ce8249d1c4bd7569f0c9aedc69443425	refs/heads/fix-6761-pipe-boolean-qto
86de6c27d6d5e943c54de70010abe230a686cc9d	refs/heads/fix-6895-shape-elevation-guard
4a71ebdece3ce5f341dd22a332bd1f2124f00235	refs/heads/fix-6904-occ-iterator-leak
c73409e4ca0afd86e0623bcd0ea7378940942819	refs/heads/fix-6930-open-profile-loop
77d7d6dcdc88533713053d36cbf2c721b56d5e49	refs/heads/fix-6996-itemmode-shear
0d2736be4f4e9525f74e514f631c10b93f480c69	refs/heads/fix-7154-aggregate-cycle
281f4045ffd69efa7007dace7d41b3283b5179e2	refs/heads/fix-7167-activate-drawing-from-sheet
794d6dd7fe1d786a59023e3fbccf75175dd3f39c	refs/heads/fix-7231-cad-fillet-tooltip
a2dd7056489ce78234a9a786185d48a80b49c872	refs/heads/fix-7261-append-empty-tuple
ce198ff8f2900867af2a855a9b0a5876d78b92b5	refs/heads/fix-7318-bcf-gp-strokes
f98b64e545763aa7d593cb05dcf2a315293bf551	refs/heads/fix-7413-builddeps-exit
2c6082d94ce90df29c88a419c921284f09428a73	refs/heads/fix-7450-section-level-sync
534cef626e9fd3ae24b045dcdedc03b8150b9ac1	refs/heads/fix-7461-msvc-lnk1248-docs
a1d1a2a6157b97db52c2294bc73b68162e6ea4ed	refs/heads/fix-7658-curved-loft
df0af3a65a365bbda9b9bb8bdb433d2397629be2	refs/heads/fix-790-gltf-group-node-names
1eaaa4363dd6e10681f66239748331b3b40a58b9	refs/heads/fix-8036-drawing-none-doc
c34a6ddac60b23a8e3ddabc00b3fe618ab526d7e	refs/heads/fix-8043-boundary-loop-closing-edge
daa5800e743ee493ac7d8d98a15c11d24efc209f	refs/heads/fix-8045-blank-name-dedup
4354a8f15f891d4a03db274e3e784686db2778c0	refs/heads/fix-8108-solidwall-conversion
eb9591e9a2c155c3e89ed08b45fc7c74925d005f	refs/heads/fix-8162-append-group
d0535307430ec0d2af7c1e15268ba2e605e9250e	refs/heads/fix-8400-directrix-hang
17011c7bcce48130566e06f75ca25d99cdd53a88	refs/heads/fix-8861-cgal-no-normals-obj
1f6e350b4ccecfdbca4e38dd22fe2cc7cae327b8	refs/heads/fix-ci-compile-test
2b5834fd80475f6c92fa67e5d5cbfa50876ee910	refs/heads/fix-ci-streaming-wallopening-bsdd
3a98019aadb59c79973492f402cfb5ebc984668a	refs/heads/fix-layer3-slab-horizontal-profile-edit
684ec6432362efc8949dab19e2e457fb4d95c08f	refs/heads/fix-mergeduplicatetypes-null-and-crossclass
ec1329443063b803f53a63f1b48e9e04d55f990f	refs/heads/fix-missing-py39
a8ba1d1361c7c8650fb0b012431687034191f754	refs/heads/fix-missing-yacc
c85bf905587365957d1c1c5e5d1f8e560b0d06c7	refs/heads/fix-obj-serializer-texcoord-material
fcb382f46cc53728358ea0a748df8d67718a9be4	refs/heads/fix-remove-floating-map-representation
2cb9ff694670a8c8ea3f53cb3e7cb5066c399fe5	refs/heads/fix-snap-obj-stale-reference
3248cc75804c81671317141cf977dfa381901b88	refs/heads/fix-snap-stale-object-reference
0222cfd5691d46b80f8dc045184d14ef45745527	refs/heads/fix/7419-undo-assign-class-crash
b0d6134dd9612db61fcc722461c4270286a3e8e2	refs/heads/fix/8570-ifc5d-ifcspace-qto
1156a5512b4b8f645f853eca7f0893d05da06ec1	refs/heads/fix/binary-token-uncaught-exception
a337727d687f0025f7d3696669077a2a3dbef8b3	refs/heads/fix/cardinal-point-none-crash
2857302022881c66310be0afc537b990480b2696	refs/heads/fix/cgal6-point-comparator
59ac885fec65e23f57ccaed04e06bd2d19ae2309	refs/heads/fix/ci-bonsai-assign-class-view-layer-and-material-usage
9ec6534be131e74214f6e4f10af8c76970f9422e	refs/heads/fix/ci-bonsai-bdd-operatorspy-mep
a1367c6623b99cffcccdf2e58219b9bf27d95c94	refs/heads/fix/ci-bonsai-bsdd-stub-clobber
58e2782623f45ead28c1a6a7542ed3167cef40b0	refs/heads/fix/ci-bonsai-choco-blenderbim-rename
6080409c638c041946e3f85af82b791d1b6bd795	refs/heads/fix/ci-bonsai-classification-honor-obj-arg
c2c185f7c5011d8554552247631588372e974b8a	refs/heads/fix/ci-bonsai-clipbox-caps-loading-guard
e841defbd3388c544c5eee12eb97783102e404a1	refs/heads/fix/ci-bonsai-daily-checkout-path
627c24ec50816cfe2d05511121fc6943a00c3d89	refs/heads/fix/ci-bonsai-ifcgit-mergetool-mock
a197a1b9093fad4df7886ebdefad3ba19d7655a4	refs/heads/fix/ci-bonsai-project-geomslice-skiphidden
bf788552cb7cb323b67aee9c104081bfe3d88ad6	refs/heads/fix/ci-bonsai-projectlibrary-dedup
29fb417f0902a58b2e6dfba74c135085fe38d472	refs/heads/fix/ci-bsdd-get-class-relations
0e83b888a86124c173c7b291f9da853902091eeb	refs/heads/fix/ci-merge-projects-contexts
680f29f284876bf3a0d8ff25487716f63ff1e591	refs/heads/fix/cpp-portability
3d99ff709cfda576a6f099ca270c812a654dfefe	refs/heads/fix/drawing-activation-stale-bbox
df35a8954bd39ca0a4612a965b420a8e5f97a03a	refs/heads/fix/duplicate-assigns-to-product
f16ba3d26e0de6f4b9e87a9bd5ad289a528fdd70	refs/heads/fix/duplicate-id-instance-leak
bd934d9b8ec30c8dccc2de0c74fcdd36273fac5d	refs/heads/fix/duplicate-opening-not-applied
6b39666bfa6c734b903b0acedb81886f079009c6	refs/heads/fix/entity-leak-mid-parse-exception
be3e20474b98a757c74e37ddc6ad13ff35a70408	refs/heads/fix/hdf5-shared-detection
8a0ef5ac80ae251ade61871b0c7afc7fe68948e1	refs/heads/fix/ids-entity-filter-tuple-narrowing
5d0f9bb9fa86500b053dabc280f3b8cb7cfaa7da	refs/heads/fix/ifcviewer-system-wgpu-native
d72c4007562dfa7ab8b57540dc928c2d7d891dab	refs/heads/fix/isolate-objects-select-all-context
526172b3410c7c6acc4ba9e9b1d9dd12e589d0d5	refs/heads/fix/layer3-composite-profile-outer-curve
7845f8e8cda62d362fd2648d09f50a9f7f91d225	refs/heads/fix/occt-shared-linkage
06c3b4f42f4b8dce77b95fcd80b40ef02d194ebd	refs/heads/fix/occt-shared-linkage-v090
b0246f76097b89813f9e32eae2cb01607d6f9afe	refs/heads/fix/opening-element-body-context
3dd5f262f74353543117374576ff43ca7a875674	refs/heads/fix/reference-resolution-null-deref
d538542fb1c89c9c3fa66f5187b8159f18506c45	refs/heads/fix/remove-drawing-corrupted
99cfa2bd567a5ef2ff96d86ba0d9843ea6bd68ea	refs/heads/fix/rocksdb-shared-api
632e3a264d52f9068440a44d63bca4b2c6678c3d	refs/heads/fix/schema-logger-thread-safety-race
9663fc87e3db309e8a156ea73d7411bd48bcd027	refs/heads/fix/section-annotation-model-view
74600376022aa3f44c1fbaf0df36752e9ee560e1	refs/heads/fix/select-similar-pset-spaces
25dc8c3518b5e1c71f3d01f991bea51efc37599a	refs/heads/fix/snap-degenerate-edge-crash
92f9bd593895abd6d747e42864fa92194f5c4ed2	refs/heads/fix/spfheader-null-reference
0e94c69087f73c57e01193eae3535f1d8d7ff4e3	refs/heads/fix/spflexer-header-leak-raii
e5cf83df6e37f5866d07df8a407dbcbf79310e9f	refs/heads/fix/svg-serializer-skip-failed-elements
aa1a8932854ce7fce271a32909ed8b31cb49968d	refs/heads/fix/unterminated-string-eof-abort
4043037484bb77dfe916de63248b6e721d56de9f	refs/heads/fix/vertical-segment-api-bugs
588557ae00c5bc1399ea12e420bc7cfd646a7b72	refs/heads/fix/win-runtime-plugin-collection
7864657f88b0bbb6604807ee3b752a9a267d0fdc	refs/heads/fix_6334
5285df13ecb9b56377d6b7a56fd04dcc55bf62a2	refs/heads/fix_6931
dff9e7d1c2ee329920d09ebe9756554a2e9ab856	refs/heads/fix_drawing_camera_rebuild
0a50ff6ceb7dd8069fefc98c8fa39359608b8132	refs/heads/fix_for_7296
6247fb3cdfa4fcb930b190b7d26906104b3959ab	refs/heads/font_scale
8cc9678862b0c4b0edb45602565d61c87e7e50a8	refs/heads/generalize_layer_set_class_and_method_names
fbff8b8170f4ce21b2fd7374cf796216ddaa9c69	refs/heads/geom_iterator_reuse_repr
ef055669b470dc3a8f2075d0eaaea2eaa003cfca	refs/heads/grab-selects-array
60063ac1c7b165b1dc94a7690ab9a72e654278d3	refs/heads/grid_issues
acddbfd18c66f26c481a2e3ad92ff7b086536095	refs/heads/hdf5
b709f355ae3ab1e07fd4721f37d8701341890a24	refs/heads/ifc_cli
941a87e8a9e42db340769df24dc679d23497f689	refs/heads/ifccsv-6937-dotted-pset-name
8f34752141fa5b90b988dcdc3d3bdb6f7c417165	refs/heads/ifccsv_enum
2d099edbeaae26f065b18a207461106b6d644b24	refs/heads/ifcgeomserver-chrono
ca6e9504968cd1097df4bccd7de12a49ba43faa7	refs/heads/ifcgit-features
16566f176607443d838d7401615f3c69728e8201	refs/heads/ifcmax/initial-refresh
8f890868b575376f4917723148b117da1e13ac09	refs/heads/ifcmcp-tool-descriptions-single-source
567f74ad2de76d17a9e94f69a07aebcc2ea0940d	refs/heads/ifcopenhouse-ifc4-fix
afd7b81f0c5c482d5c1ef5e2d1c94df948371de8	refs/heads/ifcparse-954-x2-surrogates
caf295765b61633466410cb2d63dd456e64c7af7	refs/heads/ifcpatch-general-arrangement-drawings
6ec59ccf2f42ef69abcf6da91e15b64a4e4f2206	refs/heads/ifcsverchok-6741-api-drift
a7889a17d321e67e239966578af4a007bb4884f6	refs/heads/ifcsverchok-6809-file-socket
9f2f1954f3805757f0576139379a1ad6acc8b5ae	refs/heads/ifcviewer
3c717026ce235bd94e4f4e7c7b56472e412d4dce	refs/heads/ifcviewer-wgpu-py313-test
dd902bf0f8cee5be4e791adde774ce5fe63346ab	refs/heads/ifcviewer2
cbaeda5e04aa3185aee651033ef57cc7db7ad1b2	refs/heads/infra-sweeps-2
738110bed79bb66f97f4e26704d1d301fec460f7	refs/heads/inset_section_endpoints
86e6a274173f67079223a8cc5358acf96ef914ef	refs/heads/install_git_ifcmerge
53a48616fa54c5e863843e6cc9ad7eb27ddbb5fb	refs/heads/inverse-index-delta
938442303f7bf333bd45d0d791bbe08c90e3d6de	refs/heads/inverse-index-remove-source
7324410dd57d565540fd4ba5795f4e0b75323192	refs/heads/is_attr_type_fix_5656
8665725eb6c1a45c5a40635fa6cb8fc7318bdadf	refs/heads/issue-143-psr-style-aware-folding
e6489c2d9ae865abc84832cb9c15072904f16414	refs/heads/issue-7178-clash-feet-units
be35a62dc793013b1873728ff9a44e475151cdb5	refs/heads/issue-950-bcf-report
2f90a86e13373fd523a689294f411539925600ed	refs/heads/keep_selected_objects_selected_when_switching_drawings
e7fe85c6237565849113874bfa64ec321a7920ad	refs/heads/layer2-agnostic-parametric-tools
40cc43a1c7d7b53ab207f39b3d2de3d0c27485d7	refs/heads/light/gensky
ac18195361cb2eb476a2cd8603ad3c183eccc99a	refs/heads/light/newUI
3613c4e0594b9dcc1302c7fd23c20cbdfd9afa00	refs/heads/light/radiance
1110f0cffb10e083cc836ba38983d7921107fa5a	refs/heads/linked_aggregate_operator_from_panel
91a54be2c9dff8e299f9d3ed0a2257218ff6b4ab	refs/heads/linter-ci
d129fe286350ee8156a06bd7b74419dd7480e1a9	refs/heads/mac-start-bonsai
e9d003c22f1348bf51019439b09d054ed849602c	refs/heads/macos-intel-debug
0edfb0e791e102376f4d0cf02078b992c5e8c7db	refs/heads/master
565ae33c171c5dc2b58d71b1d222ab60749a8010	refs/heads/measure_in_edit_mode
d0ebdd53c966c147280e9a5087bb3b987b4b8468	refs/heads/occurrence-representations
0d39a21bf45ad04f5914d5ca8beb0d1e9bd2ed49	refs/heads/offset_copy_toggle
db71cb397131cab9ce1b832dabda75276efc78e3	refs/heads/open-perf
079593024433af583c1a6cba6a3cc0311e3b2eef	refs/heads/open-perf-reader
c0b7f37fa016dda57157b0b187c3474a5978f50d	refs/heads/opening-template-on-type
bea4f2c3647c216b5dfe1dc79331379db7f7a942	refs/heads/ordinate_dimensioning
dbe2c541c72163b029be86ec41fc054faa748d2e	refs/heads/orientation_slots
253a6c56a1e67eb52cabe64ba11d6a55a5b90f1a	refs/heads/parametric_dimensions
eca82d1d186c549b81c032de7416d9f970c1f84e	refs/heads/perf-6712-mapped-items-parser
f8326feae3932fd21805cad40de08d946a96a4e1	refs/heads/poe-test
df1ababbec38aa0e54ef69ecbc03562b584b6a59	refs/heads/points-vertex-representations-v080
87296dbd1171451cbf7ec4fdadc614496498151b	refs/heads/pr_1307_small_fixes
248f969520666146a8d414527fcd8ce3c5a276ed	refs/heads/pr_3945_rebased
6f6175c8c5de0d6ea75e4e121494bd2c00fed981	refs/heads/prefiltering_circles_issue
cc1b4a06e4c649e4b07c6ed67e9047102bc10c52	refs/heads/preserve-local-view-aggregate-exit
f5c22d97e9f49863ee4d592b769fd860dec95ffc	refs/heads/print_ifcspaces_in_projection
6ca69d20d9f38b561fb49b30b92e1e6441563835	refs/heads/profile-length-per-instance
d02e058e52e3c5dbafd69590228970fd86526c0c	refs/heads/pypi-publish-ifcquery-ifcedit-ifcmcp
ba00526e1bcc8530d52ed802aa9f4f42f4af4c86	refs/heads/python_wrapper
345dad1ab43b035f0e09ba15a5c7643989f9f93f	refs/heads/qto_speed
9bdb94380fca0d122b4c12a0fc2829f8cbc9c728	refs/heads/quantity_take_offs_in_si_units
b75a689bffac68bee3b404dd9a3c9a61b9c682da	refs/heads/rab_IfcAxis2PlacementLinear_fix
c031a0edf45e3d61ee3f7ebaa2e2765574d8ae38	refs/heads/rab_IfcImageTexture
edfcdbb86520b8fa97b3ab335eb5d97b6205d63b	refs/heads/rab_alignment_modeling_experiments
de54852aeed61f312cb3a31f982e050b59aaf42e	refs/heads/rab_infrastructure
6503d666ae5bebff3f5178c3edc5417cd7821556	refs/heads/radiance_addon
eabe2e48188c3c961f93c0a90a7e29e6ee2d94ed	refs/heads/reallow-bonsai-without-brickschema
0b71ffea32f5c882be658f23953801726f5d0d38	refs/heads/reference-drawing-view-title-scale
bfb4312906bcbeb6dfa9bc7bd044cd5e2d593b5a	refs/heads/regenerate_wall_to_underside
69138648502c4845aebda252b8e77c6d4d7dae57	refs/heads/remove_triangulation
92f9dc9d606fe680bdc4e64957257cbb3ecde6ef	refs/heads/replace-element-set-dedup
be1ccbc88c5158bf05f74604f93fc773cf976513	refs/heads/repro-boolean-operand-failure
9658ccb16ca2a653211b68dc75c16cf713ff4ba8	refs/heads/revert-5053-v0.7.0
68cc6aba33c54027f3b18d9995bc8e045e2c7b49	refs/heads/revert-5056-revert-5053-v0.7.0
740f0f8629988fb19aa1921ec9810a46bab80109	refs/heads/rickbrice-simplify-lp-axis
057343c7a8d954e6219789548b751a7d7154cd59	refs/heads/right_click_material_to_material_ui_select
7c738c15d927e926ba05b31ef09b852c07ce04f2	refs/heads/rotated_slab
0b3967609c3664a62e486b215d9dee893412b2d7	refs/heads/saikei
f59942c453e6b5939b46a3b0ef7001200d0adab8	refs/heads/select-by-representation-type
d64d1a52351e11a6a631938933fdacb40f3b242a	refs/heads/select_aggregates_and_parts_within
004f82a0b66fc541226edbfea52917953bc048cb	refs/heads/select_aggregates_and_parts_within_2
59b5bd93394ca10006f49d1001af8ec751602dbb	refs/heads/select_objects_with_similar_psets_and_attributes
f7937aa29916f8f1b74322a731455e0f2eae0754	refs/heads/selector-unquoted-decimal
7cd556bf6d0f50bdf3c0bbbdf9f43a18c12e271f	refs/heads/separate_layers
dcb38f3ce0efce886bdd4c9e7f154846262a3f61	refs/heads/sheet-drawing-resize-anchor
b6b310bce5eb8d02b5591236de457cb27bf298d2	refs/heads/ship-2041-nested-qty
d9d56664cc571fd3511950ba5ec5ed142413c19e	refs/heads/ship-2554-derived-unit
0279a5ab7c5f805b368d9509c29f8329bc15a8d0	refs/heads/ship-3187-select
6f59d0b9af5bc4a4fc62434fb43877c90fc9d175	refs/heads/ship-3381-circle-profile
b6658487d38432fefb433ca694e3efccccd0c501	refs/heads/ship-4399-toposort
3d15f581d1e455bbe0d3dfbdd1caf5085fa116e2	refs/heads/ship-4624-fulldocs
08dda6ab22fcf93ade1913c839abe6c38895cef4	refs/heads/ship-5123-schedule-newlines
4d38c8ad18b9ce2c1a798d268138b6fb8b32db92	refs/heads/ship-5309-hidespaces
e1edad26f7f3b74ba2c28af5a425bfa806c8389a	refs/heads/ship-5349-side-area
69d12aa87eeadc2a32ee1ba43860d8c43e26a210	refs/heads/ship-5635-drawing-name
11d57874cfbad1d3d7cb178c5b08f04baa5762d5	refs/heads/ship-6393-mepbend
e5f7f3211a5e30a961eb6afad5ac5f759b49ed4a	refs/heads/ship-6407-curveset-edit
e1c0e7bfcfc3b787b33f7125d096ed620ceba682	refs/heads/ship-6481-parametric-profile
2817009d5969a8cf2c9bdeb1be2c6d546b0d2a30	refs/heads/ship-6676-usage-axis
2dfb9cdd6eb7802587e45488c40e80a13ead425a	refs/heads/ship-6729-hidden-cols
58dc1f34ed0c4d1f893ea5dffbf33bbcfd9341ad	refs/heads/ship-6807-geomset-delete
d472703b38402c91b074e83e9f945de196223f46	refs/heads/ship-6929-trimmedcurve
2cee95e2d4fce6517a6fc605074dadf9a80356d9	refs/heads/ship-7061-shapely-linked
3a8facf01965050c13907a9435efab54330a519f	refs/heads/ship-7412-pset-override
0ee86ac25edb51482afa2f79cbbb24f90fa26f0a	refs/heads/ship-7454-extend-guard
04db09f90a2d2376915d84f7e3a88d17cb083813	refs/heads/ship-7624-directprofile
298869616125e6acbd3b74674092fa8ac687ee72	refs/heads/ship-7681-hideselect
bb35ec0982d787a4bd06a67a0c01c09f75e9225b	refs/heads/ship-8026-dup-context-import
a65a3014f52aa8d9f9a53849c4232c874da51b6e	refs/heads/ship-tester-webapp-hardening
ac41a9e63a0a5ebc0010c55123a97d6d8a6ff9b6	refs/heads/si_unit_w_cad_tools
d8da01c8771e84446ba483390746cde058630505	refs/heads/slab_fix
ae1c5444c31e02e85c96fab06677436baa74821b	refs/heads/slab_issues
a136ca2d0dafb2225b8ac23af9b86fb41fcc95e6	refs/heads/small_snapping_fix
0e084f283063216cf069b54e00a85dc3c128dc78	refs/heads/space-regeneration-sloped-roof-clipped-extrusion
88371e59e408e06613fec168496652b002b0cb44	refs/heads/space_bar_edit_profile_directly
f229ad5fd060ebdd4f2edc20b7a285ccdff2c0b4	refs/heads/split_profile_based_objects
07745aa6bcdb916b88279fdaf68aa6309c762a5f	refs/heads/structural_mods
e8f18b5b6d08f9757380090de1c20f1fb4031449	refs/heads/submodules-test
cc90340b3bc85be3a53f9717d6e71ca3dcd76d1e	refs/heads/sum_selected
2c6db3dd9585eba600d46367fe2099101bdc1216	refs/heads/sweep-1308-svg-data-area
71c18a9ad19367140402aa6421be2049a8488b87	refs/heads/sweep-46-geom-normal-index
c424d1b48029c20b519cb9e53d52cc661a71ef66	refs/heads/sweep-473-default-material-inheritance
8c9e4bae2fa98e46c6fd2444ee86d94f7c2ec07b	refs/heads/switch_camera_only
c62ed5d3b6ab968927ab460b864eb285863abadc	refs/heads/switchviews
2fe491b7b5ca8340cf50bc27c8069ca8208bb530	refs/heads/test-ci
c8e1d53568935f07c05adc87778516b6b995eff1	refs/heads/test-ci-temp
05a3004ef04e94d6a31782e85b839d23e8ce9b46	refs/heads/test_mac_gpu_fix
85ae25cd3ce3c069cee98f0e7da711c8c48f7e9f	refs/heads/text_alignment
bab00dffc31ead93ec7b3bdc1c2abb3e4a6d7d6e	refs/heads/tfk-chat-client
e42acdfa8643dbb7b412c9c68ac23fcf09dca2e5	refs/heads/tfk-cli-plot
d5a56406d78c6745433ae702d42c03278a13639e	refs/heads/tfk-fix-to_string-on-eof-marker-token
dd0792d06449fa94f30d55da4f5e3b52628bc3ef	refs/heads/tfk-ga-build-scripts
6b58fc57118b5e793268c5e7ee80f74472c140bb	refs/heads/tfk-infra-sweeps
e08af55c5a6e3c85ae6fee86e98da065f0093009	refs/heads/tfk-less-lark-in-quantify
1dca439ee314dc1463605373dcd37465232a16d3	refs/heads/tfk-pyodide-app-readme
b6bc8f8d1cc350de53f1dfc2c0f047ee20b0a8d4	refs/heads/tfk-pyodide-build
6ec12fe7c74e33873d91f4d8fff7b78f23957171	refs/heads/tfk-rocksdb-storage
f09ca658f1e0f172a2fd6e9a306fa3fadf291896	refs/heads/tfk-sectioned-surf
55657a5c0711da358ca08cfdd9ac9a33917c9e99	refs/heads/tfk-shared-pointer-storage
f40d1478304e7b7813fc78597adb13c9f84f8b57	refs/heads/tfk-unify-variant-storage
5cd799d4d17995991275b34b4eece801cc4be2a8	refs/heads/tfk-virtual-inheritance-config
d017dd15756da86dba83eeae9c43d9188ece6920	refs/heads/tfk_svg_prefiltering
ebea19d4c260b02804ea02671831be32629cda32	refs/heads/update_schedule_size_on_sheet
b2e8219caa793edadc5b798de625fa4fec49991e	refs/heads/v0.3.0
e39cbc6d0060c4bd2af4351aeb8432f57eab33d5	refs/heads/v0.4.0
b8d36a63a29f37193f52027b421607f7c37434ce	refs/heads/v0.6.0
ed8cbff3d253691ac81450eaf16cad46bf6149e5	refs/heads/v0.7.0
f8da61bf9249126c3ce41e7b995c68ae3ab520d9	refs/heads/v0.8.0
4dc3dc37a53478c954d79f9d55d2c0ac738fc80d	refs/heads/v0.8.0-old
23f3874de19d398451f8926722dc33c21aff5b74	refs/heads/v0.9.0
219b7d0c241a288e1ee73082bc7d44463fb4b3ea	refs/heads/web_running_pid
9aba2740708f5c1a88c3bbc1e7306d4dcc94ae56	refs/heads/webui_adjustments
773605330b29f28be25876aaabd5334dae552cd7	refs/heads/webui_demo
6402b0ed74c361de78f6a341aa6d71c2795e35bc	refs/heads/webui_gantt_chart
8b8af680bc2c2b5758da724edae3bfe185386335	refs/heads/webui_updates
2531a580838fae76f6ff4c6ccbe924123c2aac05	refs/tags/blenderbim-0.7.10
174749caf7eae48e5e10e20cd22e8f4037daa123	refs/tags/blenderbim-0.7.10.240714
c715d9a81b3f2416b448e86b629e0c7450ce13ce	refs/tags/blenderbim-0.7.10.240715
483516a902b49387390755c474aaca8dc4fc7575	refs/tags/blenderbim-0.7.10.240716
a2018a22a6ee6a1138fe2cdb632a466589298bae	refs/tags/blenderbim-0.7.10.240717
c3d4847b291bc3ff32a20c5ee9c58f09150dae4b	refs/tags/blenderbim-0.7.10.240718
c25bb03a9c07f1bfd286085150d45eb1e6ae5817	refs/tags/blenderbim-0.7.10.240719
c0f2ac592e406128c9c4945a51e40b50f58bfe56	refs/tags/blenderbim-0.7.11
d6d5dbfaa3a67acd0516b40fb71648535980a16e	refs/tags/blenderbim-0.7.11-alpha240720
3f3f3b6aff51cf08d9958141c1353478c4a3a23c	refs/tags/blenderbim-0.7.11-alpha240721
e95e92356f0a0e359467148a7f1803c0910f683e	refs/tags/blenderbim-0.7.11-alpha240722
96b4ad8cd39fa60530e8129d2a9aff2dd86d140b	refs/tags/blenderbim-0.7.11-alpha240723
390b280442d30f4e49463b2e09c15a16ede043fa	refs/tags/blenderbim-0.7.11-alpha240724
aae160b5689275945ea0680aae706d6cc0ae3e47	refs/tags/blenderbim-0.7.11-alpha240725
a6286293d8c6417185c248e1c6d77e80e1f88cc7	refs/tags/blenderbim-0.7.11-alpha240726
4abcbbb4f965d4b9217acba6f30ecd4091142115	refs/tags/blenderbim-0.7.11-alpha240727
74141bec73a27cfb656fb479c410e433d3bd83af	refs/tags/blenderbim-0.7.11-alpha240729
70bc32b3dfda427adde83b6602fd147bfa81f9ef	refs/tags/blenderbim-0.7.11-alpha240730
6cb063ebd2e4f79b1c679b30e31af82d679b5cf5	refs/tags/blenderbim-0.7.11-alpha240731
6f6dc08696f1fe3dc7120b28b16ab8da079bbfa6	refs/tags/blenderbim-0.7.11-alpha240801
5cfd69f3375bad72f2257c32a15ec9b29aa7798b	refs/tags/blenderbim-0.7.11-alpha240802
c58672cc25a36c272c3db20374ea89acf1309ae0	refs/tags/blenderbim-0.7.11-alpha240803
2287931e9ca1d88c8a5251260bc94eb690337f28	refs/tags/blenderbim-0.7.11-alpha240804
bce71f37976a8c39324db8f218397afa17b4102a	refs/tags/blenderbim-0.7.11-alpha240805
b9e5cefddfa5330c0ad2016521ee4858c05f1848	refs/tags/blenderbim-0.7.11-alpha240806
4fd802bf3dc39ef93f6ef4f1e7401d3d626ddfed	refs/tags/blenderbim-0.7.11-alpha240807
f9c4b6a98f66006cbdaa64e55e4c8d853032bf62	refs/tags/blenderbim-0.7.11-alpha240808
3e7a2c1b83c6cac4cbdddebb4e5042400ca9eb90	refs/tags/blenderbim-0.7.11-alpha240809
e70122f354c3faa315fc44e26ee7074141c93fc1	refs/tags/blenderbim-0.7.11-alpha240811
0c8048c14d9fe90bec98d6e328343ed7331cfc41	refs/tags/blenderbim-0.7.11-alpha240812
d6d5dbfaa3a67acd0516b40fb71648535980a16e	refs/tags/blenderbim-0.7.11.240720
8cff046a46bccb080981814fd94447616422661f	refs/tags/blenderbim-0.7.9
bfe36dddb720017fb6f65b4a530e1842b3635874	refs/tags/blenderbim-0.7.9.240611
8241b557fe563ecc96bef0e80199cf580c8bf7ba	refs/tags/blenderbim-0.7.9.240612
99338187de1565521612481255342dc412794274	refs/tags/blenderbim-0.7.9.240613
105434fe688e73ce445503a5a81368c66b63af8b	refs/tags/blenderbim-0.7.9.240614
9f356542bcfbbba327bbe80d93c1f62af8cd0fe3	refs/tags/blenderbim-0.7.9.240615
b253b74e888fad9372cee7262dd4a48423c0a879	refs/tags/blenderbim-0.7.9.240616
2300411ce4bcfc6d153819120f8f1971968cf01f	refs/tags/blenderbim-0.7.9.240617
ad61cc3c9249f11b575bd9d0d99f5e72f87a4e74	refs/tags/blenderbim-0.7.9.240618
8e0c92d5eb5f001e5714431bceafd9388376730f	refs/tags/blenderbim-0.7.9.240619
bce6485b911e7edb6d82e0b91bcfba1356fae45c	refs/tags/blenderbim-0.7.9.240621
7bb3de8371065075ee456a6b74c5f3ed4351e5d4	refs/tags/blenderbim-0.7.9.240622
95d2d0af831674212969f5a5d211747323d632c9	refs/tags/blenderbim-0.7.9.240623
b45b0f2c8103b4990db09e7399ec76028dbc93fa	refs/tags/blenderbim-0.7.9.240624
804bbc47c3b3a5a4d80931b7d5d43a92d3b5c5dc	refs/tags/blenderbim-0.7.9.240625
bf677b839dd697e46b9717948d81c6db0aa40d6b	refs/tags/blenderbim-0.7.9.240626
48d058a32a9f960de781193b043fe6d9cf7009eb	refs/tags/blenderbim-0.7.9.240627
07060fc769529008ec011ebf432fb8360839a5fd	refs/tags/blenderbim-0.7.9.240628
9a871f145918f053fc6ba90b3606db43a1db748c	refs/tags/blenderbim-0.7.9.240629
4e9f2ea4b2549cd8a3319704d75b8ef509dc0ce5	refs/tags/blenderbim-0.7.9.240630
71869b65f387273c24dba074534916d326478042	refs/tags/blenderbim-0.7.9.240701
b73da046ee7b59eed4bef4794c07f66a63371ee8	refs/tags/blenderbim-0.7.9.240702
4211e7a936c5571af5602f9fff94282990ff8e94	refs/tags/blenderbim-0.7.9.240703
2ddbf57597952e3e84f4278f2aaff7d1ec1bc9ae	refs/tags/blenderbim-0.7.9.240704
74e27a27b598c1264b9851f2687135d6da932a42	refs/tags/blenderbim-0.7.9.240705
2a808318bf8d3e403036f3a1160e768d3668e9fa	refs/tags/blenderbim-0.7.9.240706
22b7027746b1694acaa8d551281728c925272356	refs/tags/blenderbim-0.7.9.240707
ff662fdfcffb54242e8a589b411bfd2099a87c0a	refs/tags/blenderbim-0.7.9.240708
3a3421897cc3f603afd61213eebadbc82451c47e	refs/tags/blenderbim-0.7.9.240709
4e78de6ce92961d3228b439b269f7ca63ffb6437	refs/tags/blenderbim-0.7.9.240710
a6940d2cbaebc7aa5450a9781d713fc5d9937dfe	refs/tags/blenderbim-0.7.9.240711
f56bae141b14a4ece86e3e4f8670a0e9f883ecb7	refs/tags/blenderbim-0.7.9.240712
95c457f53dbbe352b7471bdda23a4a7f4773129a	refs/tags/blenderbim-0.7.9.240713
d6dab756531db4e0dd332796392f93aa436036af	refs/tags/blenderbim-0.7.9.240714
bc2ac6b31a2557b8cf9b40bced02a8997fffffcb	refs/tags/blenderbim-210308
1f68c3f6127b29a4c821cce7058c88ff611a983a	refs/tags/blenderbim-210309
d56869d34161322e0fd16c5222a1e5390f7a2fbd	refs/tags/blenderbim-210311
8625aab5f0c2c4752eb10ad20daee744547b377e	refs/tags/blenderbim-210313
922fc2beda7d2bd17c55f302ce5f6d39cfc6469c	refs/tags/blenderbim-210314
fded9b352350f92d281a7385001f9f79fc478ddf	refs/tags/blenderbim-210315
4817360ecda34199d8693be7ce64e949e6a9fefe	refs/tags/blenderbim-210316
0bc76b1af7578b51cbbb787a285dcfc2a32b9503	refs/tags/blenderbim-210317
0f365cadbd9aa6c04173791002c49b5c231d8c1c	refs/tags/blenderbim-210318
f49de02ab7eeba9ecbf4072eb2c34252ebfc6d9e	refs/tags/blenderbim-210319
4a8e03862b43ea66273dc51c117fcfb6a88e3667	refs/tags/blenderbim-210320
f9d70fd51d2037338a4c2a345beafa196aa0bd2a	refs/tags/blenderbim-210321
92d28901ac938415359926300003ea66fb973df7	refs/tags/blenderbim-210322
5b1cc2cab51ce194094c9dc5f52f84a4e929bd6f	refs/tags/blenderbim-210323
41a694d0dca9df9e8c6cceae790e4dd6692a8c08	refs/tags/blenderbim-210324
6d641aaac1594c1f7f8e56588fefdd259151f796	refs/tags/blenderbim-210325
228f62d218efa7a7b85792a78cdbcf676a51883e	refs/tags/blenderbim-210326
ca24838a3f752b5eae73a8800b5b62d53a154da4	refs/tags/blenderbim-210327
f1ffb81c8692c61b5fd9a7631d604e54283ad7ba	refs/tags/blenderbim-210329
d2f19e7c285152978aece7ff3b6ce207a3c04a64	refs/tags/blenderbim-210330
1631dc39f54ee35242e8dcd45494651c0d96324a	refs/tags/blenderbim-210331
e7c6f28312c8f36efbbef9bf93122bf1d0d13f57	refs/tags/blenderbim-210401
966af5a757b608cf394bffd54d8c5056500415f1	refs/tags/blenderbim-210403
c7e87324decb7e1b4fadea45957f926935ab8089	refs/tags/blenderbim-210404
21937e88e821d20f273cb72f5922d41756547414	refs/tags/blenderbim-210405
de37aeb515345af66501fbc579b1c53645e85885	refs/tags/blenderbim-210406
ae0789e4eccefbabc1c27b2e0546d7b25183847c	refs/tags/blenderbim-210407
c541aa78e50189096361ffcd9d2308b73c98a9d3	refs/tags/blenderbim-210408
fd3a873bbdb28926590df52dfe637b470a4b3fec	refs/tags/blenderbim-210409
9d838db09656194bdb1ea10a004ea93561c3103c	refs/tags/blenderbim-210410
a70fb41652644868f0224f4baf679dc582ba9436	refs/tags/blenderbim-210411
cab9e4d892a971774ae1fade031f9298b98e0bb7	refs/tags/blenderbim-210412
d5c70e51f2f17f72c2a50a304edcc99afc4fc580	refs/tags/blenderbim-210413
d11b91f15240ad9cf0c63a9154cd5904deabb9ba	refs/tags/blenderbim-210414
29b33661d787e9d94229288d15efaa3d89472dbb	refs/tags/blenderbim-210415
3e1eb9648fc20c0fef21977ac09d74ffab054955	refs/tags/blenderbim-210417
3201c234fa657a3cb2fff752963acae6829d5f3a	refs/tags/blenderbim-210418
85426b3fef67f6afbe47a6bdb342452e022e478f	refs/tags/blenderbim-210419
f2bd46d699e00731755cdff04796b013540bf7bc	refs/tags/blenderbim-210420
3143f8c9a5728aa3a209ff6161985b93d5dca412	refs/tags/blenderbim-210421
8b35a3aadd8c0bf3a9f11e6a11c02d5ae7558a9e	refs/tags/blenderbim-210422
c7aa42bfd5594b38b92eacbd2c12c592bd280a7f	refs/tags/blenderbim-210423
cd7062c905e290617d127da2f299fc9975d24f4a	refs/tags/blenderbim-210424
de842f7aba192d5e0668416724011309dcdda8ae	refs/tags/blenderbim-210425
bfcc067257aa826a4f21584d7d8e4666ed50b3b0	refs/tags/blenderbim-210426
e0a5c9c8f388116d7c8b794aa56404768b3331aa	refs/tags/blenderbim-210427
c3cc5881dff6ef614c82ec8001ac20be246349c1	refs/tags/blenderbim-210428
810d36781c5bd47f4f82c001119d07d58c4aa1e1	refs/tags/blenderbim-210429
79dcf809edc44209babfaf88aa0cb5bf8b3c0bed	refs/tags/blenderbim-210430
d73a5c46eac1b9db5bd5e80a3b6d78eb9738cedc	refs/tags/blenderbim-210501
6b46ff71a610b170344b6a8c162fb6dee65eb260	refs/tags/blenderbim-210502
8a8bdeeaa37d6cdf2e1771064b53ffc2423c92e4	refs/tags/blenderbim-210504
ee46e76340a7b5e124389ec51c0235b53f62ade0	refs/tags/blenderbim-210505
d19d4fca3e7c685afb98015a38bca35f3f648539	refs/tags/blenderbim-210506
6492b93c69b4a48640ef738ba5761a3f08ecff46	refs/tags/blenderbim-210507
a80fbdbc1df0fcb4a18d828f7fb6c25148c08533	refs/tags/blenderbim-210508
02bfbf01448b48d5c33c33268679ec835521d3c0	refs/tags/blenderbim-210510
353281fa4d98662183f0c68f24322cf1d5e63cc0	refs/tags/blenderbim-210511
0276c8271e8f99ab28677d3c8f43cfadb9cd7b77	refs/tags/blenderbim-210512
5334d2b754dbbf39a241795c446ab8c010c4ad64	refs/tags/blenderbim-210513
ae7d123aa29b426f2ccbfce97453ff12602aac33	refs/tags/blenderbim-210514
fdcafa98b304038fba3dfd1109cf2f0c6a98892b	refs/tags/blenderbim-210515
e0b3a87fdb36eb10d3e298d89228abd482d2d9e5	refs/tags/blenderbim-210516
27750e0caf647cc85fe2482cfeb73bc4bde63e9e	refs/tags/blenderbim-210517
30c31d694a5ba94b4c926d966d2a61d875e536e3	refs/tags/blenderbim-210518
4214a449a8b79c652dede9f5f079647ff1beab1a	refs/tags/blenderbim-210519
97244d19191af786da6de23d869a9a831616048b	refs/tags/blenderbim-210520
09094c090c80828151630e7b91ce8f266cc8e07b	refs/tags/blenderbim-210522
26b699be7c46883219805f25ba198238a4883e5e	refs/tags/blenderbim-210523
7c2764c98ac3b75427aea369f4e0b3aea66260af	refs/tags/blenderbim-210524
32fb359ee2518587dc535c05d5bd829fe2a9cee9	refs/tags/blenderbim-210525
f5f314a58fce78a0ac81a832543e57093574e0bb	refs/tags/blenderbim-210526
8935a17844134d2e486ad615ae4fabea83e588d9	refs/tags/blenderbim-210527
1cd243f13c5bbadcc86afd09fa83a7a870eac793	refs/tags/blenderbim-210528
62b297757ecdb88ca6a3c25da60361a834fe75ec	refs/tags/blenderbim-210529
c7ba643ef7da343b0c599c3353500cabbfd14c7a	refs/tags/blenderbim-210530
452631b9978b207d38fa76a98d09cb094be47101	refs/tags/blenderbim-210531
8338cc72dbb620a2562d09956518c4e440a36353	refs/tags/blenderbim-210602
8e279ea86294cf08f5483c41c060627a27b3b2b9	refs/tags/blenderbim-210604
e0cbbf2eb78d73bf3463b33e40371d31f03ad2fb	refs/tags/blenderbim-210605
ed316ba691941f368dbb589a7ee3cdbad07aa986	refs/tags/blenderbim-210606
d8442233672836cd66550950d9b51abe90304c27	refs/tags/blenderbim-210607
4c50b2d22452f645e3f0931cfe9d87f460d30d1d	refs/tags/blenderbim-210609
e98398c348bbb49f7745bf336545f97716eb7942	refs/tags/blenderbim-210610
90cb56220f84f8e4cf39b90357d987cc17516072	refs/tags/blenderbim-210615
97d0286b57743fc60bd23d903a9ba564693dd675	refs/tags/blenderbim-210617
1ee2f420c8e057cdff05f9f4434c7c6980a0d83f	refs/tags/blenderbim-210618
e0b93a70d3613cfefc156dc490227107c38de3e2	refs/tags/blenderbim-210620
54526960c8b2f0fc51cc617ebac096d4cedbce5e	refs/tags/blenderbim-210621
e863015e852e8e6f6183d5ec0253ddc9f0004bba	refs/tags/blenderbim-210622
a4391df9cab7f6a7adbf01cddfaf4329c7db7173	refs/tags/blenderbim-210623
6e4e6a88a4f5b7fac2ff1f3d5164cc668f7e000e	refs/tags/blenderbim-210625
ebfb29d6da604c4ec0c3f306094bc942ec974a4d	refs/tags/blenderbim-210626
37a61c549f51f6b8290c6fe905fcb7834b8ed4ed	refs/tags/blenderbim-210627
10bf875e92c6b94d863c2e413ea1734bae73dfa1	refs/tags/blenderbim-210629
10bf875e92c6b94d863c2e413ea1734bae73dfa1	refs/tags/blenderbim-210630
a1032a3bf055a3c7c8692b35f2b3805a9cb6fa70	refs/tags/blenderbim-210701
e7e7b22fd5c475fba9854daa5de7adc4e6faf587	refs/tags/blenderbim-210702
a8f0a4807c164827f1afc450329ba84243b229c7	refs/tags/blenderbim-210703
8a917dc050276320840f53299511b04a11ba9772	refs/tags/blenderbim-210704
cbe8165e088b24dbb481a7918576361283474ddd	refs/tags/blenderbim-210705
f7e550b926b4531a1cef5cd1e15f9bc6e8e0e3e1	refs/tags/blenderbim-210706
fb6c670aa6770d95abdfc4db4b4515c6930d703c	refs/tags/blenderbim-210707
0e24d4411f0ae8a56de5e212a96cde20c8543f1c	refs/tags/blenderbim-210708
af0f0a4f6cd86e464b59a23532d8ef33a831c9f7	refs/tags/blenderbim-210710
3614587556d067f1cabe3767ffde264c09316383	refs/tags/blenderbim-210711
b480b4343510e01c3a981944e7816dc3951564aa	refs/tags/blenderbim-210712
19b6765994f7bceb7bc76a1aea599f4014d38407	refs/tags/blenderbim-210713
8d352ea07a88820277aae20a814fb46182a2a556	refs/tags/blenderbim-210716
ac2324a65f1b8f3bd349c41b656b4571b2cc910b	refs/tags/blenderbim-210717
9a14406f92555e5422a3f553e5b6a49500f3009d	refs/tags/blenderbim-210718
7d17b3170c5291bf20fa6a75e2bb7dc8d5dd29bf	refs/tags/blenderbim-210719
45748877097a02278e39787244d1cc2773a6fea8	refs/tags/blenderbim-210720
c40fd917304cee4972645988f715a40e1305b739	refs/tags/blenderbim-210721
8071e079b37c3ced99768a87a1aeaf83aa93ce3d	refs/tags/blenderbim-210722
c04afe1a4b1a4039336d0b8ae6320046fd8a2bf4	refs/tags/blenderbim-210723
fe3ffb77714a5c9d1ce0c0d071d3a9505a4c9335	refs/tags/blenderbim-210724
492df6845b3c1c9b51f5d9f99c0af6f094f5d57d	refs/tags/blenderbim-210725
186c4dd11804ffd4d3311b456d2b5fd608f07a95	refs/tags/blenderbim-210726
cfa0575263596c8ca9a931db4391ee7c7613bec2	refs/tags/blenderbim-210727
52f15d27b18dbafce9a6369e70dfc9021a2ba4b5	refs/tags/blenderbim-210728
6bf692b44da80cb76b306243c04c1ab2e08c480b	refs/tags/blenderbim-210729
b79d23b3e27e35fb6ddd1eb2481a631c79df69b6	refs/tags/blenderbim-210730
a42746264684fcdfc5f4854a17a5383c2fb89fd1	refs/tags/blenderbim-210731
2137b340636fb7c2ec5eda1765b5f7f44062075d	refs/tags/blenderbim-210801
5562c9d2b5b73e195ad4c6ace2bc57106f69d8a2	refs/tags/blenderbim-210802
f25fb0db51b82a84d6d1d4b3c06ddad2fe9eb8e1	refs/tags/blenderbim-210803
5cf07a910e015188a079bf0b92f584dcd5aae422	refs/tags/blenderbim-210804
94f061275292df119ed5ca50f4f126a798f98c74	refs/tags/blenderbim-210805
47440edb8b011d79c793c7975dad61e8b999400b	refs/tags/blenderbim-210806
cdd46066fa1bd39f7b85ce5baba0271da2d8cd9a	refs/tags/blenderbim-210807
c1ae066e76581faf445a3928ec884bcf6e566a73	refs/tags/blenderbim-210808
a83952cec2ed2a4126ef328dc83af7a97df3cfaf	refs/tags/blenderbim-210809
ebd84a662e6ad43d5cccd93c4d5e3c08b72894d0	refs/tags/blenderbim-210810
0c27caf52264be5f5859b9458fc37deb67e56fdc	refs/tags/blenderbim-210811
5af0d65306280f6beeebaa67d94d0469097670d4	refs/tags/blenderbim-210812
2a6d6cfdbf05660f719e7ae6db833ff3a93d68c2	refs/tags/blenderbim-210813
305465a89891d9f651558204db02afec09c39fe3	refs/tags/blenderbim-210814
1515ef98b7e23cccee7f39d5db3aa2f846dd78db	refs/tags/blenderbim-210815
897d7a6b2d4298331b35d951b7c88b44faf09ec3	refs/tags/blenderbim-210816
899a0c6fb594174bd692d52bef98a2b74e89c569	refs/tags/blenderbim-210817
799fb688b5480470437471f06a4f582917d46220	refs/tags/blenderbim-210818
6eaa13b5f1e1cc723181391782da9394ff42931a	refs/tags/blenderbim-210819
5c62cb244a30b29758d6f0309f9e38f2ed9d3343	refs/tags/blenderbim-210820
fd603f7035a6310472460e6186874305f5ffb873	refs/tags/blenderbim-210821
8178dd330d60da63cbe9fb87c8af2786f075104a	refs/tags/blenderbim-210822
d27d0acbc0096ed58dcfcb1175f680ce9de32425	refs/tags/blenderbim-210823
28864cefb11bbbfa13237105c46266b11fc922d0	refs/tags/blenderbim-210824
a430d356c079d6bd135be9e3a9bdfa66e210aede	refs/tags/blenderbim-210825
2cfa1d8bc06a339079f95f760bd9a878d385a761	refs/tags/blenderbim-210826
b99c5036e683fe5e840c3bb21b9e0a32b5265270	refs/tags/blenderbim-210827
faaeef92de4d6f301992e28734e0c2a4d0613ccb	refs/tags/blenderbim-210828
bcda3d8e93b1486ed8e4a844574bc53a07e4ec23	refs/tags/blenderbim-210829
0ed38a4128f6daf17508bfe1e6a17d31c098b4f4	refs/tags/blenderbim-210830
829ff5e15250ccae7ba628db955af36483188a2d	refs/tags/blenderbim-210831
cdd5094d38f6421e41f6c16eb1ea7e0a3ad35d4d	refs/tags/blenderbim-210901
89535e0b6a979ad4e833a5294afeeab0dde09927	refs/tags/blenderbim-210903
8625aab5f0c2c4752eb10ad20daee744547b377e	refs/tags/blenderbim-210907
d026fcc9007c60d786f7c1d960268c0cbd4fab14	refs/tags/blenderbim-210908
33bc0be5ff8873470f25e4727bdec45cce5f0485	refs/tags/blenderbim-210909
9b94c3ceca9430ef66349816d0e2ddabd791552e	refs/tags/blenderbim-210910
48cb59897553036e959bcbe6bb188e62f3324e61	refs/tags/blenderbim-210911
a9f76fc8c0c36d9918fdc488fab2ab133c24ffb3	refs/tags/blenderbim-210912
5cee2fb08a1195eebc32710cfbbfbe1071aee8c5	refs/tags/blenderbim-210913
e7a87808286059d679746ee3ed832a031b864f6b	refs/tags/blenderbim-210915
2b4d4439ea495f02d5c0325616fa45d7b5bed905	refs/tags/blenderbim-210917
2dac81ee8d73dd1af88b40181cb9a3586a4ffdde	refs/tags/blenderbim-210919
132ec473ec6de3d1b240976a703a872b2a10b50e	refs/tags/blenderbim-210920
f83d13b97c7fded673b8137619cca0e8f9d4fcd6	refs/tags/blenderbim-210921
d01b89473416d1e5922f4e12ccbd818801a74545	refs/tags/blenderbim-210922
98cc0b93ce1cd1c16d1e0de13058ac71a1a5580d	refs/tags/blenderbim-210923
cdb2a91f672ea9bec8777f7f379f94ebff9d6fe8	refs/tags/blenderbim-210925
dbac865a395b023981aaa5f86c4b47b0bac22136	refs/tags/blenderbim-210927
6fb47143174fac44822afdb4e47f9cf8c36ab1e7	refs/tags/blenderbim-210928
086d8749ec90a373a29c2b3141a1081c34be1345	refs/tags/blenderbim-210929
9753ed07a0687142c2f666a557555d2318f445c4	refs/tags/blenderbim-210930
0a273085324d051c86b5feb4e9cf961e4156eb38	refs/tags/blenderbim-211001
6e6cbcef6f5206a8a4b93aaac2d14cb2d2631fb3	refs/tags/blenderbim-211004
cbc0b8d5d41be6ab32bc490d2952d63848293bf0	refs/tags/blenderbim-211005
f26d43e0cd5dcaaf909d6d7060e3fb85cbdea241	refs/tags/blenderbim-211007
8b34eb41fdb16a7d8040f1f097eb89822af29042	refs/tags/blenderbim-211008
e455f873059eab3cdbe671a65bbd7169b72b5800	refs/tags/blenderbim-211009
fc2e12bff671842f29578ec54fc3c4328d0ad15d	refs/tags/blenderbim-211012
7fb77a794e4ab96c89f68b10875b167c1d6dc3bd	refs/tags/blenderbim-211013
a7719cc4b10f23112abf5d1782f5e33033802e53	refs/tags/blenderbim-211014
0abe9f0559b7b63ed0048695bee71019b08db7e0	refs/tags/blenderbim-211015
516503b9ca115278a452b8b1c6c081ac54959afc	refs/tags/blenderbim-211016
a9a48bdd1d62bf65c1cb54f7b706dc8a7cd09500	refs/tags/blenderbim-211018
c1b53859ee79240a69409928bfcf326eac268d49	refs/tags/blenderbim-211019
871ad1ab7fbfc1c573833ae6976f5df6580a98ce	refs/tags/blenderbim-211020
9907651d4a764639efdb56b7d33ddd1fe22fe620	refs/tags/blenderbim-211021
a8c99cebaf1084108f9e72a3157b15494d836a8a	refs/tags/blenderbim-211022
56ff0e74725afc796a8aaf61643724253e10eb8c	refs/tags/blenderbim-211023
63376984947917c4f41713d51a086456093e113a	refs/tags/blenderbim-211025
34e8d9563ddd0564b67b0624eae32c8626dac9a4	refs/tags/blenderbim-211026
f69de3324ad58746c7e2743578282b028f0fe9e9	refs/tags/blenderbim-211027
d772299871d3d9f30d91985fb827d921e13162e6	refs/tags/blenderbim-211028
b32bbb89a1d31f389c3e77be058c8e224242f2fe	refs/tags/blenderbim-211029
683e316088d1f5aec54a11f7170bac74d2142cd0	refs/tags/blenderbim-211030
c8eb933453af471466b0cebe9281ec3dc38d954c	refs/tags/blenderbim-211031
8625aab5f0c2c4752eb10ad20daee744547b377e	refs/tags/blenderbim-211102
901318b73bffef6c43fd06f8ea7dfdb6a38d4cfd	refs/tags/blenderbim-211103
7fbe365599dfe54fe2fea58ddda8693c5024a830	refs/tags/blenderbim-211104
657aafbd2e41915ca0dd7fc9e7748352c4336804	refs/tags/blenderbim-211105
960610325fdc43fadc04094f05268e30d90f79ad	refs/tags/blenderbim-211106
de561b78e0bd9fd48d11e576c12c8d0f209eeb52	refs/tags/blenderbim-211107
669295d4ac093cb08c6bdba0d06225906e1ec145	refs/tags/blenderbim-211108
d7339600680e12a3982eb5d04832f53beb4f3755	refs/tags/blenderbim-211109
c1c50f886819ec54879f4ef8deaf1593dd581c75	refs/tags/blenderbim-211110
6f55cd516989ec15d8e44aa4da3ca3d78348cf11	refs/tags/blenderbim-211111
63872abaef61318cb2004a6c407fbd2fd54df331	refs/tags/blenderbim-211112
78a27ef44c01a67935f5995ac93b5c2a2a7bd263	refs/tags/blenderbim-211114
43869c33f640acbfca22c52124eaa91fd8959502	refs/tags/blenderbim-211115
2120653104bfdb9a61a96d3eaffd14c77a69b379	refs/tags/blenderbim-211116
da6945b3525c44159d2c60d2e101163e0151edec	refs/tags/blenderbim-211117
f0d6500539d4dc1958b153f6174f03b209447300	refs/tags/blenderbim-211118
8625aab5f0c2c4752eb10ad20daee744547b377e	refs/tags/blenderbim-211121
825ffe03b0c70de9da48c0f87e50ef1272a90ef4	refs/tags/blenderbim-211129
f991b053d35780bcda77be828dddbdc2c14df1a8	refs/tags/blenderbim-211130
65d599bbd92fa546d21e5f66251c3c55b3b8351c	refs/tags/blenderbim-211203
a23c88a53e3518c57107379d3e03c8ada3f25f19	refs/tags/blenderbim-211209
de4659570a913482359f631bb19e88854334d125	refs/tags/blenderbim-211210
664c49a07df154067d16d0b2995fa51f25cb96c0	refs/tags/blenderbim-211211
6e913a0ff9e64adb51b58df461a4fcd49db4c5ca	refs/tags/blenderbim-211228
03f5feca880eaf26aa5eaa4901490b27cb90ef71	refs/tags/blenderbim-220101
0625e4153c32fabd05beb1f0dfea64ff99a70ee0	refs/tags/blenderbim-220104
4f047274bf2cc7011bee920af414598a13fe595e	refs/tags/blenderbim-220107
6c991ed356af023fec999c49f8da17b5b4b10e7d	refs/tags/blenderbim-220109
8eccb1a5edf91f8df1a5e4cda67892a958d903de	refs/tags/blenderbim-220110
f08ed629b51060fb792dc9fcb9704503576948c4	refs/tags/blenderbim-220111
92642e6a6a76f6b62e81354d9df33b0e3c5ece18	refs/tags/blenderbim-220112
189e56674013edffee517ceba4737bce6af99820	refs/tags/blenderbim-220113
5a87ab8171affce75abc87df102e9d42051ba3b2	refs/tags/blenderbim-220114
a30a8cd92040b81098ccc9eaa05720e2c125cbbf	refs/tags/blenderbim-220116
1a735c4befbef40694659a0065f0f5d22ae5cb5d	refs/tags/blenderbim-220117
9572fef2228b129012292e14ebcc61757cb54dd3	refs/tags/blenderbim-220118
6b0bdc564d0a5202f908b2cedf01b2e72926a957	refs/tags/blenderbim-220119
67952ed159280ce7834a2271550ac89c06a2a092	refs/tags/blenderbim-220120
595c72e08dfb9dded86e2b7a26831ebeb180ec12	refs/tags/blenderbim-220121
0bdb4b9fcf4b38da4929bb8d36956fe3efd29246	refs/tags/blenderbim-220122
d63d62ddd6352573bf6cd617299ca429df60fa12	refs/tags/blenderbim-220123
f88a1038a85c7e4c028398f5fbc0baa24ca0db25	refs/tags/blenderbim-220124
3222c9ce99661f40f86fda8c2d369b1add72d8d6	refs/tags/blenderbim-220125
1d47ad3cd44443f9a106beb2487c8a4e533a18e3	refs/tags/blenderbim-220126
52739418d858f1509800fa9c3caaa0d502d94bb8	refs/tags/blenderbim-220127
d3ef3f1501911d7e364ffecc8210622d2ee6f8ee	refs/tags/blenderbim-220128
27e6d702e919966479f8be95d003619aa7e54a91	refs/tags/blenderbim-220129
74174b1e09fc55f240605ddc219bebee54f02398	refs/tags/blenderbim-220130
f9ce0903f7dbdbdefb1aa6d4e8b18ec3512c86bf	refs/tags/blenderbim-220201
883b8a523c63027f2f6c91650385d47edba5521b	refs/tags/blenderbim-220202
94ff8349d34d364d3309d4327a2bc3d277b168c4	refs/tags/blenderbim-220203
524483e9ccb89770fb4d00ce8c840c214a2e25f3	refs/tags/blenderbim-220204
b151ec2b0e17e23a15eb3c9f073ed8c8de694d2a	refs/tags/blenderbim-220206
d03685abfa6aea5787b0256cb9470b80bbe2da28	refs/tags/blenderbim-220208
dd7a47ab9967bac24fc85011794c274aff4c5bc2	refs/tags/blenderbim-220209
d3a43c6e81353a4c728c31b916c519cb6beb29f1	refs/tags/blenderbim-220210
c938d6ae9be7c475934e3445dcc377bdefabceda	refs/tags/blenderbim-220218
ffc82dfb1eea02cfbf1528da05d5d3c278b02d04	refs/tags/blenderbim-220221
578ab140cc82f1f9fdcc94b45baf734f3bbe1954	refs/tags/blenderbim-220309
3c26cb672b5fedb0668d3f5b9de26189e7f448b5	refs/tags/blenderbim-220314
38b708ff1fdf79edfd688a38b9eff8579d001fb7	refs/tags/blenderbim-220315
b39a0d1a7cf6c38fb0b891fa8976db1da09d1ff0	refs/tags/blenderbim-220316
074a55b81649d30703e8df3f4c79dcafab059a2a	refs/tags/blenderbim-220317
dcc1ed560771fcbf75f9e20fc8129a117c77baed	refs/tags/blenderbim-220318
3fa8fce9946a4cb903c05473422d89d164c7c096	refs/tags/blenderbim-220319
c478e5bf1b30f1758c38dbfc8d999f8ad0250030	refs/tags/blenderbim-220321
9b9f0058f931830e33f77cba4ccbe472ec67dda5	refs/tags/blenderbim-220322
38f1c622ac09cc81e95f4d7eb4360f67af4b18b3	refs/tags/blenderbim-220323
48d476c2b307a53469657dd6cd9d907dfb2fbabd	refs/tags/blenderbim-220325
baf75f552e8640e12531c3104ab76a511b94090a	refs/tags/blenderbim-220326
28336140cabb1add10d806c8053f8be2bd73c751	refs/tags/blenderbim-220327
1e60f238802b718803c01e6fbb89164d00ca6b80	refs/tags/blenderbim-220328
2c6cb2fbb2d88925ba3a1371786f2a6638c87abe	refs/tags/blenderbim-220329
e38184b152fcf1f51d81337b4984a11a5b79da36	refs/tags/blenderbim-220330
33c53a2c9a69efa2e182e5c578881906bba452be	refs/tags/blenderbim-220408
48148f00a3a5e6d957d38fa1ef066cb1e9934d30	refs/tags/blenderbim-220409
f0c7ff1e57034707148f840a7211ac9b760b8ca9	refs/tags/blenderbim-220411
1fae835de9229929eb9df5e6f222b218086663d9	refs/tags/blenderbim-220412
c099a6cb75543de361a230edd5ee4ed2cb512489	refs/tags/blenderbim-220413
5b1b8e8f50df9dbd4b8918e5a8d4c748fcabc9f0	refs/tags/blenderbim-220414
0f3416774c40ad74c23417a3af6579d058e45fe8	refs/tags/blenderbim-220415
eb19165ebc3b2b80cd9aba563349372a8a30aa2e	refs/tags/blenderbim-220416
c79eb609598dbeda0c2c2caeb4c73550b05ea586	refs/tags/blenderbim-220417
9fc0baf1755c7647a2ca4603ebbc18c325c32986	refs/tags/blenderbim-220418
2c301d734b1696c3f74c8b6767437499c535b109	refs/tags/blenderbim-220420
1237a8ce9710210debb3f2fd1838133b59095351	refs/tags/blenderbim-220421
a66ba6a6f9dc54f2a7cbe71be0ee2ae982ded11d	refs/tags/blenderbim-220422
3264f338c73c99bf01da190d96cb4e0ea335013e	refs/tags/blenderbim-220423
31ddb0f2c58bd90b07f1c47057799ce6fe2aefde	refs/tags/blenderbim-220424
9b13cd8d5f33eae2061649219979f809ef618dee	refs/tags/blenderbim-220425
d4ee74455c445355c41f2d5e38226c50845f6f99	refs/tags/blenderbim-220427
3f28ae18c024fc7cd28b551a6a8f6263bc104d1f	refs/tags/blenderbim-220428
21fee721be298466a1bf9134c20501d22bea8b3e	refs/tags/blenderbim-220429
ac4679a37641b4edf3cc345ff6a4f418d0b36b5b	refs/tags/blenderbim-220430
9577c40386e34528473f1a8c674de71b1fecb74c	refs/tags/blenderbim-220501
f8acde080157d300fa0e17fc77f4e21c8a221fb2	refs/tags/blenderbim-220503
8c3e29c3514e47b26a2255010702490eae481719	refs/tags/blenderbim-220504
b8791d43aac772955a600c89f803ec142f168eaa	refs/tags/blenderbim-220505
92432f453d3087797b10adabd31c6ac0881259e2	refs/tags/blenderbim-220506
5a5f52a5c24d265d075bd6b38c676b8e34664e63	refs/tags/blenderbim-220507
f67941221eac99274baeefbf1b633bbe0f308400	refs/tags/blenderbim-220508
f0a00cbc94d0d7f4020b694f8893641a08c267cf	refs/tags/blenderbim-220509
970b24b63bdc343a484cea567f811d46eee8d93d	refs/tags/blenderbim-220515
c352181f8ce5614554fb30e4706a3724e6b47026	refs/tags/blenderbim-220522
4b426e1fc0d4ee270f8d61ed3749e8d4cb884a98	refs/tags/blenderbim-220529
419901649ea613cb5a5411d6f514210d5c14d1dc	refs/tags/blenderbim-220601
89e2ad9262480fbbaea1496faf18449463c095da	refs/tags/blenderbim-220602
00e46ce39ecdce6678c7bc402c0061905935ef20	refs/tags/blenderbim-220606
1ec0e1ce19e3d4bfe33475659494a0b7f91bb620	refs/tags/blenderbim-220607
4681d3198f3b35be0cdae11d5ee46432d04d590a	refs/tags/blenderbim-220608
95881c6258827931d84e4b927fad8937dd9a86ce	refs/tags/blenderbim-220609
1de6a7e792318022823984e34c7a7dad6a5cfd7a	refs/tags/blenderbim-220619
4978a67e19a12045e6a68a5661472e42f3bab499	refs/tags/blenderbim-220629
c73fedaaaf832e6d044fa23344ffc8b342a1a7a9	refs/tags/blenderbim-220701
37f91461d20d43d98d04b97268c2d2bb64dacbb4	refs/tags/blenderbim-220703
22cb7b3b67993a9d5b388ae74e84c8dae8b39c6c	refs/tags/blenderbim-220704
9e87f0f0272b7fa0e72b939045f6e3a875153985	refs/tags/blenderbim-220705
084823164e3014b93eabb14185be8fdafb67f5ce	refs/tags/blenderbim-220706
443af3f7e7be3622ffd498826b9381545d18edd5	refs/tags/blenderbim-220707
bab63133135adadd654eb09c9d70675d15a127b9	refs/tags/blenderbim-220710
1586c8531459d20756447b637953e3e28a36b235	refs/tags/blenderbim-220711
bdf46f943108306632694b9c26c0e8a2eb2fd66c	refs/tags/blenderbim-220715
3436f3e0bb1e575f182b5f787666670315c22c9d	refs/tags/blenderbim-220716
0ca90817d850ac56ce1969d8e46d45f91bdb05c0	refs/tags/blenderbim-220717
3fd472549e58435e187d5b0e418733ff9a76c7e6	refs/tags/blenderbim-220718
f4aac566d5843232402f699540088e8ba458e938	refs/tags/blenderbim-220719
a21b73225a9d02691677d20f5faaea9d0ac12c99	refs/tags/blenderbim-220721
f9fe1607ff7ceb4aff4678b4a4111f9a572a2b3f	refs/tags/blenderbim-220722
733e80737ae9af0d84077884c2ff1823b4be917c	refs/tags/blenderbim-220723
5f7630e527cb5700f056a3e86e3c9ecba43362ba	refs/tags/blenderbim-220725
7de454337db4ec5c36b675d51e76773c19c8c5ea	refs/tags/blenderbim-220726
a1a684cd2b03b8a65a8d1b7403b21960759b70ac	refs/tags/blenderbim-220728
d654110fc1959a3d5862b2a3bca026f7cbb2a3a1	refs/tags/blenderbim-220801
21094c59d9c108f53b3bb7dbccc00622758a3dd1	refs/tags/blenderbim-220802
0ee93294dd4be32d14c5c2636c91392915445ca1	refs/tags/blenderbim-220803
d058f17c155c31bcfd8ba1a4b78df6f009fad1b0	refs/tags/blenderbim-220804
7c2c946b2feb36103f848b9b8668765ecbb2c18c	refs/tags/blenderbim-220805
81fdfbacd04a8bed6e9d359614d8353aba726040	refs/tags/blenderbim-220808
4e5503002a685a35aec14e620a6cf5471cf2f248	refs/tags/blenderbim-220810
d3795c9836804e37adfb03ad299886724afbd429	refs/tags/blenderbim-220815
e9d86253ec5a11e3d320a21a4ea638b4cddc0c43	refs/tags/blenderbim-220816
ae2fd672602562d8ab416cf641f42940379f06c0	refs/tags/blenderbim-220817
09a6f56f4747dc5b01567e9de47724775e6ec580	refs/tags/blenderbim-220818
bdd61713ead61cc76ed14de2ae34f0600908c8ba	refs/tags/blenderbim-220819
9821c3af6758b4a7ceda32c40be61c7b7bc7d43b	refs/tags/blenderbim-220822
9b3f964000738ebb31f75b4875fce854a10f7f6c	refs/tags/blenderbim-220823
f67856a2ae5527e74c485d3499673e45d05cbe0b	refs/tags/blenderbim-220824
eb2a71bf48ddb90d4403121a827a08c9e28cfd89	refs/tags/blenderbim-220826
771ba4c3377540913982cb4a0fa5c31e81c30a86	refs/tags/blenderbim-220827
68bf7a08e0ba2fc2894c2fd89fcdc58cd6dcb6a4	refs/tags/blenderbim-220828
819466a819df011978857c508b3254c6f26cd512	refs/tags/blenderbim-220829
804c0f4a77b57f40a81bba0139abe21480af74e0	refs/tags/blenderbim-220830
1e661c42fbcd0917642dbb9d1a396694ca6ce433	refs/tags/blenderbim-220831
36f2ed6da6a7e56005819d93df4d06d313d8f3cd	refs/tags/blenderbim-220901
0293c133ab08dd3efbbe7d8a74e52874ba449602	refs/tags/blenderbim-220902
0668eadc36606e1676cdb56a12d05edc80255bf8	refs/tags/blenderbim-220903
f11f6486302d37a9ea37229288e5aca0961feb73	refs/tags/blenderbim-220904
917344ee1d2d00fb873e0f51ce71bce38010f5c5	refs/tags/blenderbim-220905
0a6c8a43433b1ed2a94c094b5938303f21e4e387	refs/tags/blenderbim-220907
57caf6a31f2669edb581c6db547ad109c6c7ab2a	refs/tags/blenderbim-220908
48f8c0e085731401b0fc4dcd77cd25ca16e5cf80	refs/tags/blenderbim-220909
319aada33b320c0f6526866d905049dd49f1c8d1	refs/tags/blenderbim-220911
5b5540494d8dffd65d9c8c7c18a90657f727ee76	refs/tags/blenderbim-220912
fccc233f42a1ba2f6bb7801f7cbe34853915f361	refs/tags/blenderbim-220913
806d147a853fb6cf0378fc1bb6c70f820f2826e1	refs/tags/blenderbim-220914
4fb910fc44dcfecbf1e2f51414aa5449b77c7404	refs/tags/blenderbim-220915
d106b0e0172906e7e06e14b41bde6631cee46bdc	refs/tags/blenderbim-220916
6d0fdb32c6ef02d44bd9957a50f23c7bb86844dd	refs/tags/blenderbim-220917
7f764888695ab2e3506ef3367906068a4f702cea	refs/tags/blenderbim-220918
bc3bf07a60c280c3889f1cc126f8762552f7eea8	refs/tags/blenderbim-220919
fc6bf5e2bb844107731854fa245aca6462931ad1	refs/tags/blenderbim-220920
920177d8c65d71dea28503c3fff7454637b5d792	refs/tags/blenderbim-220921
7db967583b82bb3c58b998639e4cc5ce43bd4968	refs/tags/blenderbim-220922
7cee0a85c614de4cad28c57170b266833874f455	refs/tags/blenderbim-220923
7545313deedceb36722ed6f4b7f0a6d446b0eb1c	refs/tags/blenderbim-220924
4c7a5e8a1a9887bd7696f0872920fdebe4eb66cd	refs/tags/blenderbim-220925
b673fc94a518523da0efad6943a03ef0fea7fa2b	refs/tags/blenderbim-220926
23212003e9d65e31ea14b74bd762f2dda578e5e4	refs/tags/blenderbim-220927
1c0fa13f39cefd8fd531b65456e0ac4d50d4b7f6	refs/tags/blenderbim-220928
43dc2da05f3ca5c70d68b7abf5a8f084ed0d2c09	refs/tags/blenderbim-220929
a08a78b3c9a0458de0ab779010c4bb4a2c065ba4	refs/tags/blenderbim-220930
e2a5b09d7765115524191675bbb68885299aab3c	refs/tags/blenderbim-221001
e9a063ccbd1903c429490eb6c31fde99ddaf1fac	refs/tags/blenderbim-221002
8c25349b490829267fdeb9f7dce3c85d0ecf02e7	refs/tags/blenderbim-221003
e74eb0cc536108e9925e6d30b82890ed66f06249	refs/tags/blenderbim-221004
428ee648b41675a1ff72eaeba3fc570c243668c8	refs/tags/blenderbim-221005
0db28917a45339b4ed25cb8334913d89e3187b05	refs/tags/blenderbim-221006
82f847f5d453a48dd4fc4e34f7cbd51f87ce39fa	refs/tags/blenderbim-221007
7d779130e18d5fc6ca494333eded91c1b5064649	refs/tags/blenderbim-221008
3ee4b1f0e31577efd247447ec99dadb934cf9520	refs/tags/blenderbim-221009
a5517071cc5f4962e954349130060cb9cbee0830	refs/tags/blenderbim-221010
38f563d4f4297b6437461b7b7f9749b1ac10e65b	refs/tags/blenderbim-221011
cdffeba4cce1f62c8d518cf06e4c964f28bf9d45	refs/tags/blenderbim-221012
c354de7b831bb7f0487756ba6146bb8434df6676	refs/tags/blenderbim-221013
670399f3279edfd503a384f71eadf6512eb3baad	refs/tags/blenderbim-221014
b90ab706583e618591e75064873c300ccdb01d3f	refs/tags/blenderbim-221015
cb28a0b2987cc02755429d567d8e768ff6dfcab9	refs/tags/blenderbim-221016
871f6ebdf1fb67fc7dd5755cfca8690b24285418	refs/tags/blenderbim-221017
f045e86a38b0fc30122e5c2fd057fe941c8fddd1	refs/tags/blenderbim-221018
80020970e19944b9e632002822d7db78fcd3af6f	refs/tags/blenderbim-221019
9a0f29170ac87bab7adeecff55cc958bc3aff02a	refs/tags/blenderbim-221020
6346c5ba471b3e385858411fe9ee52ae4d21bafe	refs/tags/blenderbim-221022
77f2ad8f680f44901e6163620432441ee8414c5b	refs/tags/blenderbim-221023
248dab936d83e9357da6535e8101a005ea15f8bb	refs/tags/blenderbim-221024
fad80eacaf73c7b8bd6f241452e58fe87d5a7972	refs/tags/blenderbim-221025
ffbf6483b58f8188bdf2648f70ff39b1ec284e1a	refs/tags/blenderbim-221026
ae170bbfac4ec54e3147f92a8c5e3018b922e2de	refs/tags/blenderbim-221027
5fb7f33fb0c7c6ffa954979d5d8be67ae1b0a713	refs/tags/blenderbim-221028
ebf3cd8909d4869ef4129aa035d0eeef9f2484e0	refs/tags/blenderbim-221029
680378867626a1fa3fbd878601768e96ce9d47d4	refs/tags/blenderbim-221030
cc056d5d539be1a201c3c603660efb25219a225d	refs/tags/blenderbim-221031
2043a629c7fd1f3a38a4691041db767831cef838	refs/tags/blenderbim-221101
a1d30d157b050cbdba3d72730837ab45eec06969	refs/tags/blenderbim-221102
20198bccdbffc31684fb9b107f55df5c7a564e32	refs/tags/blenderbim-221103
cbd9c898c37bb44500bf3be39c87241cfd8a4fe1	refs/tags/blenderbim-221104
521ec1b12400337df372659e485c1867d1767cab	refs/tags/blenderbim-221107
03781bdf9b68e36e7ac4750589193d8aabc9763b	refs/tags/blenderbim-221108
67808b8384e1a9598908fee2b7ccac816b6f51bd	refs/tags/blenderbim-221109
6de1e73e4f5bb88b0e3d63da4f6eac3e1ab7bb51	refs/tags/blenderbim-221110
a7febaa9b09dcaacb14e25ca77b3d26829f78c68	refs/tags/blenderbim-221111
b1c730c04d7f3fd2b9733efeba61eab07f89c5fe	refs/tags/blenderbim-221112
4fd5806f708c569d2e4815c39562fcabf55d739e	refs/tags/blenderbim-221113
c87924c4baf89a5e5c679fb5ad6bf6ef73310196	refs/tags/blenderbim-221114
308ee7f7a94e40cfecf6fa998bd37f4c9e083f4d	refs/tags/blenderbim-221115
68838a37e5e27e81944e1cc99cacee60b5972194	refs/tags/blenderbim-221116
f850bd5741afe66108aa818387dd9de96c1ce437	refs/tags/blenderbim-221117
caa4445eb0ddf5bf6cd82a27c4b402a5e1197b5e	refs/tags/blenderbim-221118
286e9dfda912c9df53dd81ef8f680ca7af5c6840	refs/tags/blenderbim-221119
9a840174d2fbb2aa78283bb052b7e9db983e97e7	refs/tags/blenderbim-221120
b2d5580c375449db61c8d02fca6c32839aee4a61	refs/tags/blenderbim-221121
0412eb48a06cc153a4910acabfbdb840dfd42e64	refs/tags/blenderbim-221122
b23f4459462c49d2f7d67c47176e6f56a18b78d5	refs/tags/blenderbim-221123
d88510b91961dc3e1bef7f40478b2e66bc58d73a	refs/tags/blenderbim-221124
88093728a795f1da2b55fdd6740b9453a7f80071	refs/tags/blenderbim-221125
25a7a9528454a264664949ad8e637014b09ec1c7	refs/tags/blenderbim-221126
b05c711fb9d43c646874015190bb463d1d57271c	refs/tags/blenderbim-221127
c8ba2b53c93e11e13a05cb2da6cc840fcd45e3c7	refs/tags/blenderbim-221202
390f23a30caa136c2cb15396a17e56ac30d0dc48	refs/tags/blenderbim-221205
45953c6b493056c8b8714bc1688862b1d64d5d35	refs/tags/blenderbim-221206
569c19abcaa73cff1d791f2edf84cedc3bf58fd7	refs/tags/blenderbim-221209
a513e1b56a3e7d261b9399299160be92f36e9a6d	refs/tags/blenderbim-221210
3d05dc234afdec480bef2a86fc1667460248f869	refs/tags/blenderbim-221211
05cd11ae12fe9b361414f1241b76c40b54f624f1	refs/tags/blenderbim-221213
a5a1ef2e8ec2dd8e5aed65ac75ea476a8add18b3	refs/tags/blenderbim-221214
0ccea3cef8d0ca5fcf22b95a3d95bcf8e939f3db	refs/tags/blenderbim-221215
d2fee728f2684974138f3153b3dc792fb4a68459	refs/tags/blenderbim-221216
30dc13f1a7445b37b471ba778d0a6b531bf26f41	refs/tags/blenderbim-221217
ea1c306733640f278c2d692452c00a4d6b6f9dda	refs/tags/blenderbim-221218
cabc91dd5e325301c124cdd9342847690f0aca9c	refs/tags/blenderbim-221219
0b6c8fe83e104b41fbbfc6e36b09fd735ef173af	refs/tags/blenderbim-221221
16de2f2e7ea89026b2ab1446c2e5814bb2a330cb	refs/tags/blenderbim-221223
d33a7244a3576db46f108c4b0aa2518838909e10	refs/tags/blenderbim-221226
bac6c6207361cf80489ab86a9e949834ef671cbd	refs/tags/blenderbim-221230
0c77fb81ce437121ecb03d81d181450788ca6dbd	refs/tags/blenderbim-230103
981b6cd65fdfeade00d8fb818bc8ac6bdf41b7f6	refs/tags/blenderbim-230104
240884e6461f72e89f89fc53eb1bd268622d773e	refs/tags/blenderbim-230105
59451cb90c069419f3073152ae055efe32c11b4b	refs/tags/blenderbim-230106
66ecb92cc2bf7583ed939d0a1d923d57fb2d2da3	refs/tags/blenderbim-230107
0294c4e02ca42aa206340784858cd894b3dc4980	refs/tags/blenderbim-230108
360b9956c0d1b2f3439c9d15e0268da3dfede77c	refs/tags/blenderbim-230109
4845d191f4340da08f90fd65509ca5e15ef9b047	refs/tags/blenderbim-230110
7e151799b08f0743e8e51f9a94d760fdaca7c22c	refs/tags/blenderbim-230111
ba7741fef5568d434352be5d2a355a597b3e0995	refs/tags/blenderbim-230112
a1ac82005063622ce57fac10f312a20311f82994	refs/tags/blenderbim-230113
a4566797fed1f6e58e353faf6780e9758bb19b9d	refs/tags/blenderbim-230114
4e8a962f6089a7f4e7befca99bfa2199b2f251a1	refs/tags/blenderbim-230115
6b63b5aae76cfa1a65071a5bce4ac7c87d289556	refs/tags/blenderbim-230116
07ee62eb914a24c1326a9cd21164c9b1bfe30895	refs/tags/blenderbim-230118
7a3e53a9f84cb3f793c8204a148ee0d26f399959	refs/tags/blenderbim-230119
893fd50b85be219dc2716e14945145934e484cbd	refs/tags/blenderbim-230120
69cee56b7cfd1e5e3e92519de5fcb85cda9a46d5	refs/tags/blenderbim-230121
9d7145746f9164f5cede19e2065ae5b88c9ab857	refs/tags/blenderbim-230123
bf3063ec001ef85910ff7125ca2a1616763646e6	refs/tags/blenderbim-230125
95c3a57a4d5c93a6239849b0b4db73db4baf546b	refs/tags/blenderbim-230126
f7af38c86332fc57ffd2fa38aa55e22c03239f81	refs/tags/blenderbim-230127
1a05fae826a1e0d515990c825176b80c826d6408	refs/tags/blenderbim-230128
efc3a692cbb328757a34e3b7db43183bd4934a53	refs/tags/blenderbim-230129
044cd6e97b91c60500fd3f96b3d9c83218466e6c	refs/tags/blenderbim-230130
f9cfd1730323f2db6f550fe5aa0b32bffc74e4ea	refs/tags/blenderbim-230131
4efb80efe44184e553d6052091b14eeef5787b35	refs/tags/blenderbim-230201
a5adf0021f1ee101f5a827c718f40080a56abf11	refs/tags/blenderbim-230202
158a4c5e757d97349b79ab10dee5b1db8af67833	refs/tags/blenderbim-230203
6bab10d2acb505bd46c50de39011f2ffcc38c441	refs/tags/blenderbim-230204
9f399b34fb44e76a821f59c9e04c28cb40a579f3	refs/tags/blenderbim-230205
c050ca1037c69201ddcf4cdfb59acbecaaac691b	refs/tags/blenderbim-230206
3f8314bcf3176a52da431872d99e353925c57c6d	refs/tags/blenderbim-230207
88bddb9531d8978d5a8de9b48fcbb813b21e61ad	refs/tags/blenderbim-230208
25c650f4cdec419f532b77493f63333b9e2c3516	refs/tags/blenderbim-230209
ae564d1b61d3b60c345741144993df47980b77fd	refs/tags/blenderbim-230210
ceaa930aad6256056fc2fa66a6351c7f832b4a39	refs/tags/blenderbim-230211
515ec28fb395502dc7261dae6e34268094d18191	refs/tags/blenderbim-230212
7d979e5a04835a4ce80bbaaaf0b5fd5aedb6c2f9	refs/tags/blenderbim-230213
b1154ae377c3c1163eec307786c0fb05efc56e1f	refs/tags/blenderbim-230214
785d2e601c2399cb328597b97ae60bc0c237d507	refs/tags/blenderbim-230215
1617ede0105f25955951a6a8715f544618043dba	refs/tags/blenderbim-230216
11894de45592434d8ecf0f525719d0afdd95def6	refs/tags/blenderbim-230217
2f73af7e6a4d242c8c44332b803375c77cd46058	refs/tags/blenderbim-230218
1d78e05370cb06e329f8b00b91673bcfc235ee2b	refs/tags/blenderbim-230219
a0be4f58e6994ec4f1c96b909ec8a2fea8f958ae	refs/tags/blenderbim-230220
03a66d2806dafa76e0c317d78c5771af798dd5bc	refs/tags/blenderbim-230221
855751f02641d22277287b0473355a9b31e46ad1	refs/tags/blenderbim-230222
79d92b511b99ad24a312aa9ee23580b693b8255b	refs/tags/blenderbim-230223
ae09adf8546c5237a7f020f49b92cda9881600f3	refs/tags/blenderbim-230224
8fe8175a876a909b758c0c5e6640284839b21a79	refs/tags/blenderbim-230225
6ce0deeb63218f6192223bfbfd045e845758c6e9	refs/tags/blenderbim-230226
363ddc2a9b34a9a0a80821d02ce70d0f18c1b476	refs/tags/blenderbim-230227
5a405191145a99b8922a40c2dbfcddf5f801228f	refs/tags/blenderbim-230228
3d49cc9d131ecb9416aca34d85b7dd2aaa32ee07	refs/tags/blenderbim-230301
1fca38625f2e50f7325cc5016799a469a24e91ea	refs/tags/blenderbim-230302
860a0bfc8e0eae37408778cea7dd6ef5a8ad8264	refs/tags/blenderbim-230303
e6eb455d71a8bbccca7f76513a264c7208e5b97d	refs/tags/blenderbim-230304
fba84ecd3c195b87ec19b0b693949bbc7d32440a	refs/tags/blenderbim-230306
5a6ae578337d7b3a66cbdcd9d71c729de2f24592	refs/tags/blenderbim-230307
4282014bfa20d907609f701c8e5ff814487d2536	refs/tags/blenderbim-230308
4ebcf8133c5ba9d8983e5aafd303a3664a7aec92	refs/tags/blenderbim-230309
7666463751e9d2269f958e0e7d27327f676826ae	refs/tags/blenderbim-230310
7041a4a4a9602a34f6b4b0f7bf6c32f3a073e795	refs/tags/blenderbim-230311
30c850e37da59c65171f9d57b06a8bda34c5d53d	refs/tags/blenderbim-230312
1250a20e3566aa46907d274a413f2ace77268962	refs/tags/blenderbim-230313
f5281a089588a789153a84636ca727ad204aada2	refs/tags/blenderbim-230314
9121a6b864b81caca0dd2d9b43dc67a0c97d42f1	refs/tags/blenderbim-230315
821993d2899c2da1631b911e719ebf85ed873a22	refs/tags/blenderbim-230316
0b7b0a29a9bd0df81bfc63d3f316ae2ed581dee2	refs/tags/blenderbim-230317
32e47d03d48656eb84773b1d29bc2784b09ae8d8	refs/tags/blenderbim-230318
bcc399b84242f1d9de8eb03b0ba33ceae291febb	refs/tags/blenderbim-230319
c97e1079e85662e1879455184b271d8053175b33	refs/tags/blenderbim-230320
d503a4b50b293c6e7d2525e63133bc96879486bf	refs/tags/blenderbim-230321
e2afb34e0dcc07c6a5bda887db28a6b6c1e93987	refs/tags/blenderbim-230322
95ac0216236979c3b194f91917f29573b1882448	refs/tags/blenderbim-230323
fab4133df6a6794a5e912bfa9ba7c8056da9ca37	refs/tags/blenderbim-230324
b9c99b35a562883813a6bfa1228ade38585f72d3	refs/tags/blenderbim-230325
15a1aa5355bfad78f3b3f9951920e8108277ec6a	refs/tags/blenderbim-230326
bdb193f5004759965984f22977b3aa1d2071afe5	refs/tags/blenderbim-230327
8083a635a8bf7424cf1b45cfbbc532524022f369	refs/tags/blenderbim-230328
674526d2dfa576539b48c8cc0a06f7afae7684d0	refs/tags/blenderbim-230329
a7a7c86657070f0599e88cba68b173c9d7e55370	refs/tags/blenderbim-230330
a03fbab4d50004d10aea9faeed79d6b46c387b55	refs/tags/blenderbim-230331
f053ba714f193e0e5882c7e9d724904dc554bb32	refs/tags/blenderbim-230401
901f41358f860d6cd57bbd1d52c4fce46f7a2cf2	refs/tags/blenderbim-230402
28c6b0d4bbefc81d737c8b6f452754fa7aa5fb26	refs/tags/blenderbim-230403
a1acdc0977f1684a67efb670d1224f95739972ef	refs/tags/blenderbim-230404
ffea5320a0738a3d889cdccdbae0c4b9987e1baa	refs/tags/blenderbim-230405
ab23030051ce554dfae50c7df9031c890f670953	refs/tags/blenderbim-230406
de3dfcdc436eac770aa9083b41f77adc9083a49b	refs/tags/blenderbim-230407
9bca705dc3649599998b7ac728eae7ddd184d925	refs/tags/blenderbim-230408
6c60d14c0560a58e95cc970e77a541a7988bb668	refs/tags/blenderbim-230409
8b302f8d21d7fc2698a3f8763093cfad5f8181b1	refs/tags/blenderbim-230410
2d07208d0fe6b05429ad29f79fbdc180e1632d46	refs/tags/blenderbim-230411
198fa67cc1afc466432a7ca73141a443de72ef1e	refs/tags/blenderbim-230412
f63091ce058e557320ae3e172155b1bd34a47e70	refs/tags/blenderbim-230413
4e5659efad3de28130b3b1847c3bcd706bc7f75a	refs/tags/blenderbim-230414
156269a53faf3f89eddb00332dc5b7b8ff38b69b	refs/tags/blenderbim-230415
d0ddee36238d78ee9d476b4445a1ae2dd95a4f1a	refs/tags/blenderbim-230416
d07e8bc747aceba8ca94d7452afd616a7594d0b0	refs/tags/blenderbim-230417
30182684d5918ac32728a9d526f64111cfdcd92f	refs/tags/blenderbim-230418
ed4ba4d0d3d5d3ff95e04a85ebce3df244cdda8c	refs/tags/blenderbim-230419
59b7944d8ea544c8979dcb44df454e099b09cc00	refs/tags/blenderbim-230420
7d6803f3254e52992ee5cd95565635d7c9114330	refs/tags/blenderbim-230421
195ef743c6ca569bc9fa4b6d37757742a3ce7fe9	refs/tags/blenderbim-230422
72dae8e9ad2994d2b0db1b5ddbc0695d46b28735	refs/tags/blenderbim-230423
bfbced38593cf8125fc185bfc1e5c0915033f5bb	refs/tags/blenderbim-230424
d53fcdc616b4290bf33239f4d6b9360f0d89aa71	refs/tags/blenderbim-230425
b210e39c7edbc8132a90cf5499f6223faaa80873	refs/tags/blenderbim-230426
bac0dd37fa2bad3239273f5324133d83049609e4	refs/tags/blenderbim-230427
11601d6532a57ca97defc048bf0312201a669518	refs/tags/blenderbim-230428
93a2d18ea61e018d20c28fbbe1ed9e8f11b64328	refs/tags/blenderbim-230429
51640ccc28bac124176091d1d2f3c5d694013dff	refs/tags/blenderbim-230430
0d09e02e7ec9586cb901816e3544d8f62ab3c0ed	refs/tags/blenderbim-230501
0ba79dc105b320716315ef820ac71cecd143e146	refs/tags/blenderbim-230502
9422f804fb25bcea21f26d20d77d6f1dfcdcfe03	refs/tags/blenderbim-230503
d9d5f86a6eb590bb7b09f1d44cb64598b12f3cdd	refs/tags/blenderbim-230504
be08406cc14d0b33f52acb1f591ffdfedd791639	refs/tags/blenderbim-230505
1fb6dac6fb3e0110eec241e664b979909688e2a8	refs/tags/blenderbim-230506
260eb31a695731dabcd729db2510d75e24905a28	refs/tags/blenderbim-230507
4cb6fc05d61fa730f76ca04d12eb1504031811cd	refs/tags/blenderbim-230508
0793a4602d119230573f85a0e84ae11316276dc1	refs/tags/blenderbim-230509
ca286f8d1937bacc871e7da9cfce42d448d68e2d	refs/tags/blenderbim-230510
ca09ff2ef09e0e5959af5e26e4d254ce23192d0f	refs/tags/blenderbim-230511
f7b9a7bfb59508682132f84ab207d5b706e230e7	refs/tags/blenderbim-230512
df74d5efbe1791deef5c22481cd1006fa6b4b411	refs/tags/blenderbim-230513
7ca6f9d7a14dc5b9bf55bd3212f3a8d059fd4665	refs/tags/blenderbim-230514
38cf88d5d2692a7337740c5566c26fe1bc33328f	refs/tags/blenderbim-230515
9fa5048e6c314659f31d4c51edc0282a81bca376	refs/tags/blenderbim-230516
f7ed3a8727d9a27240d5b2fd17496c0fa2585a4a	refs/tags/blenderbim-230517
e68fdb2db7a47e8645238b55a79892f805c9b845	refs/tags/blenderbim-230518
d98054234c69b09c5d1f87a9ee16772355d3b919	refs/tags/blenderbim-230519
b8990dd0a499aca1c55b781e5a84ecc3f69d9658	refs/tags/blenderbim-230520
d98b0766c2271a92e6d5c23b2d0245569b0c258c	refs/tags/blenderbim-230521
628b6830db7e3718332acf8d923674050e34ea35	refs/tags/blenderbim-230522
535e974cc334afd4f99abb820853ff49c5964b90	refs/tags/blenderbim-230523
8f41ae0c1b865e529a13c275dd2723d70ce4822e	refs/tags/blenderbim-230524
6c2be8f886028cb09da2441c23b95e6fed0a181c	refs/tags/blenderbim-230525
4c793be5f76cff0c631af8202862a6da629561a8	refs/tags/blenderbim-230526
1d2c9780da4563fe202fae9dbd41f0dbe2bf19c6	refs/tags/blenderbim-230527
a0edd66b9207bdf821245623ef890a19bce13c49	refs/tags/blenderbim-230528
07638dac27c0b5d80cfd0b355b01e2e38f70065b	refs/tags/blenderbim-230529
1d5891fde79039456eeed7c974078cf465cef54f	refs/tags/blenderbim-230530
f2c757b1bb6fad9d9cfde2869c6c9514d7bf1245	refs/tags/blenderbim-230531
4bb46fa607ab011cf9b2c7360992e4b05c633d61	refs/tags/blenderbim-230601
1488ae40eeacb8d7226268c639084625ec9f1f49	refs/tags/blenderbim-230602
5805653431117ce697bac8867835dbc7c915a146	refs/tags/blenderbim-230603
032f52d434e13059fd24c12436ec71a645a5108c	refs/tags/blenderbim-230604
d030582fbb9074970626b3e7f86a65c34f1e1f08	refs/tags/blenderbim-230605
3213ffe760d4d09428d606b1904466dc5ec26768	refs/tags/blenderbim-230606
47c6c2ce9aad493c700a4f45cf9d804d0ed07ff9	refs/tags/blenderbim-230607
b035129788572dc12ae38f6cb5ca30188373c9b8	refs/tags/blenderbim-230608
ed990c3e834bc80edca81e0acc3c130de7685949	refs/tags/blenderbim-230609
3c53067567a90326ce722dbd224500d32940d6b7	refs/tags/blenderbim-230610
83cd00271bfc67bc824fdb6dab7ae6b677246dc2	refs/tags/blenderbim-230611
32393136d290b80fa7fc369e74dd8e628bc6fe2a	refs/tags/blenderbim-230612
28cc168b3b103b514eae78724a8bde08e973ab25	refs/tags/blenderbim-230613
fb02ac34d4e452dede4d4922bf14fd3c859d692a	refs/tags/blenderbim-230614
a8dfed50e4529990864e203e8adce7c4bd88d0cf	refs/tags/blenderbim-230616
6a2bbfa85cf2fab1f2e27a0d82442cf952b72199	refs/tags/blenderbim-230619
2fbb9c569b96e87489b61a3a5ce14b02f4bcd4f3	refs/tags/blenderbim-230620
7dc98612e40bda5beeb4d944cc7f1a1c93c28d80	refs/tags/blenderbim-230621
9e1249d8ee8b7e4ed391e4a9edc23d530d04a7d2	refs/tags/blenderbim-230622
addce9f0ea24979439f183e6cc840258532dc027	refs/tags/blenderbim-230623
e3a7f762761b0353249c799d18c7e63e9fa7c44a	refs/tags/blenderbim-230624
12c10f98a372a6d821bc9bd948c3f5c2e6b89b64	refs/tags/blenderbim-230626
3aff29dec156bbf63b661dea26cd2f8cc29f3bd3	refs/tags/blenderbim-230627
89b0674b08f05ced2f2b7b4df6b3106643177bc3	refs/tags/blenderbim-230628
d41068e1324874b4045117503d35ac0b517b7ac4	refs/tags/blenderbim-230629
97e321dd12f7c1561f7c0434d09780c93ebf246b	refs/tags/blenderbim-230630
9e0760b8d27bc2c3a1fbf1d4188480d095e0256d	refs/tags/blenderbim-230701
0252701f7af6e6f98fd59a8eead65dc0225af7c1	refs/tags/blenderbim-230702
7b9205722747565f0f042360290c164f3e9fe85a	refs/tags/blenderbim-230703
f507e3e8bdbee1ad5c3310adb19c8ffd2fd246e0	refs/tags/blenderbim-230704
a1caef5b4f2cf8dec5c53ffef412e7d87e8a65a7	refs/tags/blenderbim-230705
0078d691d3b4be64e9c79265f18f78481c3250ea	refs/tags/blenderbim-230706
1eef746f60c4f7712fbe93f2189be2736bde2f38	refs/tags/blenderbim-230707
4f6180baf83ce7b507faadaf4fddf16b8643c98b	refs/tags/blenderbim-230708
cc59929cfd649aa35e4adf0cd51aa97b1d786986	refs/tags/blenderbim-230709
60ea50426763c9e777ed1f67a6edfa6e76e7a2b3	refs/tags/blenderbim-230710
e412d27398eac3a0d61b465497738ee93653432f	refs/tags/blenderbim-230711
89df937f8983ee4b59de00cf063db06b70050e94	refs/tags/blenderbim-230712
3adfc63b65497efe3d5fa53281b6b27e50fdeff6	refs/tags/blenderbim-230713
2be8f4a1395f6210d3d2763b9d67a6f2c17cf9bc	refs/tags/blenderbim-230714
90fce18042aa1f21816ec6252308d02d29eebd53	refs/tags/blenderbim-230715
944f2f701a21f521805dc638a7703d2a1026e44e	refs/tags/blenderbim-230716
0500e666bd37fc88bb656f3b44615fbf24be7282	refs/tags/blenderbim-230717
8cbe2980728644cbe22667e44ae88e2a592882c7	refs/tags/blenderbim-230718
268039fb13d8f132a204789a500a8d53c4e0e414	refs/tags/blenderbim-230719
09bc05f1af8bebc073e75dfebf2d90c063ac9910	refs/tags/blenderbim-230720
bb3e978bba25fa83dbbb468e47701caaa85ace9f	refs/tags/blenderbim-230721
4c18a89ee6ceaf9a26f3d424199fc421abfa6e28	refs/tags/blenderbim-230722
dd827bb4c5d1111ac99a5f66ff5fa74dc7c4a27b	refs/tags/blenderbim-230723
8e5dc017582e14e6a17b7f9ab8e387144399bb9e	refs/tags/blenderbim-230724
d4933c7f24440ba69534a2ef5731a866f13ba8a1	refs/tags/blenderbim-230725
524bace23bc16e5370b1a455cb56fa628a6901eb	refs/tags/blenderbim-230726
1c5a4ddf207c9cb4488ed5f5bebaff39630fffb2	refs/tags/blenderbim-230727
eda0b33b416e69236b0b14a0e66f1d0735216291	refs/tags/blenderbim-230728
32e02db3f74abeb91aba8ee680fa370d528384e6	refs/tags/blenderbim-230729
2015f0618a2aec25fc1ba0780b5ee1071cf028b0	refs/tags/blenderbim-230730
e86d3731ffbe7d90bc213d9add3cfcb1dd35f40e	refs/tags/blenderbim-230731
59eaa05a623ada0bd23aaa0054c21c814312dbda	refs/tags/blenderbim-230801
002c7c1ad96c75f12b8499a09dae6127507169e9	refs/tags/blenderbim-230802
e801ba49b2954135af107f9ce758699acf75a72f	refs/tags/blenderbim-230803
945836f578e59862e995fc5ea778255a2c0a5dac	refs/tags/blenderbim-230804
706aa708991a0f402aabe88ba555e7664a30c0b0	refs/tags/blenderbim-230808
f8ffc97bf5b82d41e7ba9579e1ebe9905f6212b8	refs/tags/blenderbim-230809
d5d1b3567bf4613e5b4b5cb43f3604abd39ed77d	refs/tags/blenderbim-230810
268fed761e82a585551a18ded81afc905a6e1992	refs/tags/blenderbim-230811
c45b84c850fe9903320058e9b6ab16180720f291	refs/tags/blenderbim-230812
840039ef1e9f1c458f1240e3d9b0c823acd4eda9	refs/tags/blenderbim-230813
ed4abacd1e4732ca27dbe063432d4718d4dd036f	refs/tags/blenderbim-230814
f523870b578ee5336e14547bccc7676fcfe1a165	refs/tags/blenderbim-230815
297a513d21ac7ad4aa2569d1d2f67b5216ea0c9b	refs/tags/blenderbim-230816
4ba3240fb4335a45b9fb07a4c29b64eb4e7c6568	refs/tags/blenderbim-230817
13eb8562e0db35ac4fe27a2b9127aafe7bbc41ed	refs/tags/blenderbim-230818
422222a7cb151193c5764ff2e096b3cacb6a1564	refs/tags/blenderbim-230819
ac00aaae4d9ad0662b4d5999bc60337271e2baf6	refs/tags/blenderbim-230820
7dd20f69d7f161da1004c30b6c9a81ce69e52cbd	refs/tags/blenderbim-230821
37dcb9222048664666233692c7e148e92b022d87	refs/tags/blenderbim-230822
40d9713326fa2382d3451566c76d817a8bee156a	refs/tags/blenderbim-230823
968cceb725cced1f79b8d0c5f2e3280cbaa1aafc	refs/tags/blenderbim-230824
356bc180789d18b4a4b746c5947fc3942c809747	refs/tags/blenderbim-230825
e9c24a265635a03ee0f41d0aa2d42eca4ca56b4e	refs/tags/blenderbim-230826
13f64fdfe29828842838a6a36b2cbe0d35b8f001	refs/tags/blenderbim-230827
61a7325bc05c4f2da4346285c80b5cea71dd5eec	refs/tags/blenderbim-230828
808ff548ec08671d593ea3e956458fa73e78f9e9	refs/tags/blenderbim-230829
c520e160312743aa49e0bac514d7c6726528251b	refs/tags/blenderbim-230830
b087d5125f4710f65f934fcb0aa60894960ce971	refs/tags/blenderbim-230901
46cfe7018157f1de7df4aa0d98eba11dccf96490	refs/tags/blenderbim-230902
07579ee9a1be8633d0ff05c1d47d1511612ac848	refs/tags/blenderbim-230904
28eeba49bacd438e6ab16c775d654cc33df38813	refs/tags/blenderbim-230906
e06acab39be2cd5e2615faa5330eaf2224492827	refs/tags/blenderbim-230907
e8977979558cfca4e5f13832fa1730d71abfac97	refs/tags/blenderbim-230908
45feaeaec4de83beb340fc336003ffa2dd60092a	refs/tags/blenderbim-230909
9be7d951c3f9f68b250d2daa00f197a0c49d5621	refs/tags/blenderbim-230910
e93ff7a6b12e9d931feff6e92802faae453990f5	refs/tags/blenderbim-230911
02801b32a64b113982880d70149ba2c20237d1d9	refs/tags/blenderbim-230912
74dec650a7e648ea0bb3c3f380bcf45dbadbc20b	refs/tags/blenderbim-230913
42e683375cc287e5ed27e331935a251090f73a7f	refs/tags/blenderbim-230914
f0e03c79df4fe2ee4d4a778bc0402258871426b9	refs/tags/blenderbim-230915
a668743d10493e7779cb17d6e9ffd6e8ab9b3a44	refs/tags/blenderbim-230916
a34d0cabfc621e4303f8b804b5c591b7bb978fb3	refs/tags/blenderbim-230917
8e375dcf73df9b0b6a3ea10553fb5b0108ae1326	refs/tags/blenderbim-230918
56040951f183e750aba1525307191644c622a876	refs/tags/blenderbim-230919
a3802c25c0cf01cb1ced9d4770a08a343c011dcd	refs/tags/blenderbim-230920
9e4702c102c37c74db7fb89a21cb9f80f5fcc250	refs/tags/blenderbim-230921
6d14c2d448589a3dad10946cf5cb4a9eb6766c21	refs/tags/blenderbim-230922
eee799bfc499128bf7d9fd6e1178aa9115fd520a	refs/tags/blenderbim-230925
e975eac4a74758f8aea618c80c284f3ca4029a04	refs/tags/blenderbim-230926
e93a69717900d30ba6acbe4f72fc277e5b214fa0	refs/tags/blenderbim-230927
24170a8a164a49315e2eef7ecb19e26e83c4b9dc	refs/tags/blenderbim-230928
3faaee80ec0a1b01f5e2c20958d3396a0a23c661	refs/tags/blenderbim-230929
ad79c63a37e1e46f25ededb09c9212666e4fffd7	refs/tags/blenderbim-231002
82d4829c83535f4587657784eb692161ad7d6fa0	refs/tags/blenderbim-231003
1afb421407071578325d7a7347d6069e222106d9	refs/tags/blenderbim-231004
000e5ec29a2a7bd2ea62f208a8466648eeea0c49	refs/tags/blenderbim-231005
3d76de30417c4890f00b97928e9783c508106fd7	refs/tags/blenderbim-231006
befa059591c9acebc7e3354bde8f1b1fd00c4159	refs/tags/blenderbim-231007
0e1939a871659be678856d7637ea084cb54d830c	refs/tags/blenderbim-231008
36ed618adf22a041aa165aa0d8d37b8d14983137	refs/tags/blenderbim-231009
05f6f4efab4f4de3ce141e709cbccf3c81502a89	refs/tags/blenderbim-231010
bf43efe509bbf8c1fec73f70ec57b097c307d641	refs/tags/blenderbim-231011
55e61b55d888eac22d965ccf8742bd27987bc991	refs/tags/blenderbim-231012
a47c57c22c2d89e23fef0f45e91705533de25c9e	refs/tags/blenderbim-231013
7107a91f6f08658c9e72e5e53dae42207af4d8fe	refs/tags/blenderbim-231014
14224ac5388f9f8d009f7af14f3eb4a732d04cea	refs/tags/blenderbim-231015
6e9639446d68211e485e694dd3a748fa3005c0a2	refs/tags/blenderbim-231016
6c9e130ca831838b4e22361a606940a41c55031f	refs/tags/blenderbim-231017
c35be50c836e6ba73bf2db5adff20890942d93e9	refs/tags/blenderbim-231018
159eeeb3a4cda2fe962864cd80409c0668b3c348	refs/tags/blenderbim-231019
aaceb923ad80c74f89322a730a1c26ed4013fcf7	refs/tags/blenderbim-231020
f10d340254891f3e3a79e3591580138946eae457	refs/tags/blenderbim-231021
29bd30d3bff3ba7b1df5511c54dffbd3ef56ab53	refs/tags/blenderbim-231023
df4cd493eeb7c644fbe3b3e59c53b88cf1732230	refs/tags/blenderbim-231025
880d0ba753376e5c0343e541a769f2fad228fd75	refs/tags/blenderbim-231026
973e4f00641700b6bdef34c5f17b366985f57dbd	refs/tags/blenderbim-231027
1c954801b0666ccd17671e8cb9dc7136764cffd6	refs/tags/blenderbim-231028
b9ad15c50f8e195b1bd2a3efd188b36db563d3fb	refs/tags/blenderbim-231029
01b5f8f237c665b02347a06808aba3b5f367850b	refs/tags/blenderbim-231030
7f7f35313146bee4cac0f7734d99f8819b726ea1	refs/tags/blenderbim-231031
3b298d44c1c93637a6ac035504ceda29503159a0	refs/tags/blenderbim-231101
44f5be142f3a54ddd1e84d04e76211726feb6b55	refs/tags/blenderbim-231102
01f52e069eac5bff0829530ee74938c782065287	refs/tags/blenderbim-231103
4e76f36af114969cf6712674906fb265a9976c64	refs/tags/blenderbim-231104
8cd9fb901535da65e0c763edca32b6798cd98e00	refs/tags/blenderbim-231106
c0d8467154df76adff9d4b625fda2969e1a5cd34	refs/tags/blenderbim-231108
c26988b29203de99972b42dfabcb618d4034b034	refs/tags/blenderbim-231110
dd044c8516a7b4cde2c0027ef2e0d790ffc19b90	refs/tags/blenderbim-231111
66431158b5ced0378d2464dabb98546f08b72c68	refs/tags/blenderbim-231112
c5d38227fc916a8fbbe666cd40c9f9e683012f4c	refs/tags/blenderbim-231113
c6454803eeefee565842d6f1bd6f81ec475ddca9	refs/tags/blenderbim-231114
ad9ad3f06060e0d2a422fe86737e6b9be7145c09	refs/tags/blenderbim-231115
60f8d30fc15393e493c49982fab5b72cc7789fe5	refs/tags/blenderbim-231116
6750dd927cb89811a87b9326e83bad6592c19139	refs/tags/blenderbim-231117
3c396d3180902db1742d3aff77d42c9c1e4727f5	refs/tags/blenderbim-231119
229c7285c220d78cb6bb8cd50e8e5a8045652489	refs/tags/blenderbim-231120
9ffe56e64d8563a7b463e0757e50f4d13abe5cb5	refs/tags/blenderbim-231121
94ce8e2c9c7555dd7fe9731feebf350c8c946323	refs/tags/blenderbim-231122
ac5cf95f9ee23626e9ea5293a281c0593193fe64	refs/tags/blenderbim-231123
5937ed4b63db49fcf5521d42f16c747ae12d5e46	refs/tags/blenderbim-231124
ed47b6b227a580cdd3f3fc181054bd5f75cb9021	refs/tags/blenderbim-231125
f2156703816d8c6c1ec5fe98559b296742216bdc	refs/tags/blenderbim-231127
3e268be5c732fd70d1209d24327287b886874a9c	refs/tags/blenderbim-231128
e8bd272189a3fbbe1bbffe4a624a3c364e908877	refs/tags/blenderbim-231129
7aa6be8e8aaa496f9329ae2cf308fa824c6719e8	refs/tags/blenderbim-231130
b976ad3880e5ebfec5b505ac4f36b4bac089b3c6	refs/tags/blenderbim-231201
f777be6403a1c61cdf0c1ef6de7728a483ca2e87	refs/tags/blenderbim-231203
8b72929d2277aefbc3363220b3163be55f412ba9	refs/tags/blenderbim-231204
2b34dc4ce78a12fc07fe4166d101d273d69e162f	refs/tags/blenderbim-231206
58e01751c18ad13d8bff598548accf96426473ce	refs/tags/blenderbim-231207
2df5b4c70ef52ba01dd5db5b6200bdfb0c72ab10	refs/tags/blenderbim-231208
72c057e7a0008bc73eae031b327cdc203479908a	refs/tags/blenderbim-231210
72c057e7a0008bc73eae031b327cdc203479908a	refs/tags/blenderbim-231211
91c90e7b86624e818e57f706d7280fb8d1ef2fbf	refs/tags/blenderbim-231212
d97ee8eed4f9a1e4ab8f5ca38a99a5202db3630f	refs/tags/blenderbim-231213
000245c26c98482bdb3bec84acb6acee12094835	refs/tags/blenderbim-231214
30fa917e69a3bc2ade29e063d780612018e24b2b	refs/tags/blenderbim-231215
df390a655de53bba6cb184a124f734ac687aabc2	refs/tags/blenderbim-231217
6b7eec0db63e0a7e5c60cf9ee027bc1e74efad65	refs/tags/blenderbim-231218
96db699ad21bffb3cdf32a2337de24d2b0eedc45	refs/tags/blenderbim-231219
1652629332db916a892efed8acdb69791e946c96	refs/tags/blenderbim-231220
7c438b6b9b83a70dd968eee19c854d2d90437acd	refs/tags/blenderbim-231221
7c438b6b9b83a70dd968eee19c854d2d90437acd	refs/tags/blenderbim-231222
23c2d73e8e36b6069178272cb2dd54782f079624	refs/tags/blenderbim-231223
36387f348ec3866d636f6607d15a98736702a185	refs/tags/blenderbim-231225
0fbe4d80c728ad91581fcd07b19f35dac765b8d3	refs/tags/blenderbim-231226
7201df8d22c27a36ede1f512dacdcbd89c2e369f	refs/tags/blenderbim-231228
c36af110c4e6c8b135f36525e8edab9e9819f91e	refs/tags/blenderbim-240102
d5e2fd5d3c0e1a77f38a7eb0b74789fe8f17c2d2	refs/tags/blenderbim-240103
cd6246c3823c7cb2021c7183739066e2194e1c6a	refs/tags/blenderbim-240104
f1b5f7d55842f40d3e579f0655bfc32eb55aef01	refs/tags/blenderbim-240105
02a5b8d997379a82c99a69234555a6942e84680f	refs/tags/blenderbim-240108
e71aac84dc517e9572d7c8098d5e352d1144a6b6	refs/tags/blenderbim-240109
a33f30e8cec55761e1d96ebe353131e5d4bd2fd2	refs/tags/blenderbim-240110
e159151b4468489e3c35b97bba251506843413ef	refs/tags/blenderbim-240111
75dd4f3132d130ca37a0a2d3a11ed762bae01534	refs/tags/blenderbim-240112
b5f63ec4f31a5481d5eb5350a8d247c441154749	refs/tags/blenderbim-240113
83d364574a8bf76e768d4c6c81a00274dc31cfe2	refs/tags/blenderbim-240114
b4120b1cab7de247a5ad9f9c959fc29c5db86c8c	refs/tags/blenderbim-240115
860ff4e5138f136302fce89860911ea6f21d030f	refs/tags/blenderbim-240116
3f71efea6d2b2738cafa011fa330ed02d0a79c9a	refs/tags/blenderbim-240117
85a2a5ad12eb1e129813c76b9bfef18f5f81dde8	refs/tags/blenderbim-240119
25573cd0e01f52c5bd766642b48a006ba43fca6e	refs/tags/blenderbim-240120
0ee07fb8ccfcb1c0208758915f8dd65d15aa174d	refs/tags/blenderbim-240121
c3ded31a6aa7b04b0b240a2fcaf87091c9e7d2e4	refs/tags/blenderbim-240122
192e4e43a4d4012423426fc1dbace1054f2bdaa2	refs/tags/blenderbim-240123
352321364c0760186ea445bc3049cb5e1f961153	refs/tags/blenderbim-240124
8e792ebb50c5f4703a622954d8973f8804cd436c	refs/tags/blenderbim-240125
0da3270c7f18259b09ee8c3795082e0a7a8162c9	refs/tags/blenderbim-240126
ce37c4962440a0aaa11566196f06e68364d10949	refs/tags/blenderbim-240129
3d7e8d7c6c4502defce0b472ba6a99e649647ab2	refs/tags/blenderbim-240130
73817acdff2962bf35695fd6b8593c7206b79ada	refs/tags/blenderbim-240201
c520e0eeb55e0f1260de389ccd1cdb8725b0977a	refs/tags/blenderbim-240202
8b50f1bcd67e4830e5cc3de92cd55ab05209d4d4	refs/tags/blenderbim-240207
e1a1ba62c5374e7c541be262f624b7cbd689219d	refs/tags/blenderbim-240209
5c7271ddc810433fb8f79b53c6bae0b2ab6cd3b6	refs/tags/blenderbim-240211
29ce8d5d8021978a0685f781a6ae4e80ef8a35ca	refs/tags/blenderbim-240212
bd093303c4edf51a2dc9b92ac301a87f8f3f0b02	refs/tags/blenderbim-240213
4f3ba7ae228fcf0217e01b06b55607f460150225	refs/tags/blenderbim-240214
0e0678b926c34f2c28e69558959d3b29e51a50ec	refs/tags/blenderbim-240215
a2ff63f9ec5bfcdfa91035f88811c64d63f86c26	refs/tags/blenderbim-240216
36b702630d0c3dae6954815fbde9e4d7f4ca141b	refs/tags/blenderbim-240218
96a8c1e8ae6b46a68be7f10176bcccb218e6d16b	refs/tags/blenderbim-240219
1f7930c5c895e2f136d55ccf3f561fc90468d6ee	refs/tags/blenderbim-240220
059710035639940191cca467d3db0bd01b4239e8	refs/tags/blenderbim-240221
515830e52d7797ea8d72beef92b6a5229dc37790	refs/tags/blenderbim-240222
a04542dfd15e756d8a839814157ec028caba1c55	refs/tags/blenderbim-240223
f21b472cfe5cce880456e1554afc12aa5ec17bd7	refs/tags/blenderbim-240226
e3a1c29593fd83d137c688a01dd37b16fb002680	refs/tags/blenderbim-240227
8c1b33e1d577967b7af9e63036754b8a11b9d858	refs/tags/blenderbim-240228
3a098e55c4d07f68fa03c2b8944ee1dcda79e8eb	refs/tags/blenderbim-240229
519cb86163771b0811d9c0e8fe73b05fa86be563	refs/tags/blenderbim-240301
13f26d9b707f92f79fbea4be25eb766e62c2f01d	refs/tags/blenderbim-240302
01b0164e0d95eb670b8d0bbaf4e573009a6b8341	refs/tags/blenderbim-240303
efae8ebdcd191b5f1773e3a26228aff6b4032b0f	refs/tags/blenderbim-240304
9d71b7483fc5c121baf37a2126505fa4be6735e3	refs/tags/blenderbim-240305
20cb6ab007220fc44bb0d84421fdf0e5be9a729e	refs/tags/blenderbim-240306
c1bca2263879dcd0a11cea0901095599a3ff8a8e	refs/tags/blenderbim-240308
ddfaf3308b5a2084064d73f8544ec14c2ab892cb	refs/tags/blenderbim-240311
4fdb78aebcb10066c674d0939c21cb651ac73d58	refs/tags/blenderbim-240312
8dbeb928e3cd4cc520c9858d2dffd82a15c6f990	refs/tags/blenderbim-240313
8291a0ca6ad73957ad78ec8fa9ec324fd566fcef	refs/tags/blenderbim-240314
abeefeeee75e62c19ad4fa2e86e48efd58c610c7	refs/tags/blenderbim-240315
cdd332d1ee345e2751ff9dc08c62d9cc910b7783	refs/tags/blenderbim-240317
e2a06e10b674e5702fb0821e8123034dceaecadf	refs/tags/blenderbim-240318
e5dd06c46151d338955bb143c37ffb45763a1fb2	refs/tags/blenderbim-240319
976eeaef20e591400a7e992d77c2646bdb382d27	refs/tags/blenderbim-240320
6005ff641b16989376f4c3e5a93456c3c020086f	refs/tags/blenderbim-240321
c65088a7a7b682585762f9e0b7e2fcd7131a0a4a	refs/tags/blenderbim-240322
579c72fc692957ae0437e63a298c599eef00e64f	refs/tags/blenderbim-240324
628fcb2999db56e9b8c2f42cb5e782d781abd002	refs/tags/blenderbim-240325
bb6be4d52d085d8887befdff9f8881cd29222d0f	refs/tags/blenderbim-240326
7b95358975271a22ee5310a6d78ede2682af98d3	refs/tags/blenderbim-240327
84c931bb5fa0637b26fa59f0911b368a97c4574c	refs/tags/blenderbim-240328
413886ac6ba9263d4090105ad1e8313ecd8ac9bc	refs/tags/blenderbim-240329
ed79cbb1cc3e4276ce4f9a8372852451b7b25083	refs/tags/blenderbim-240330
b6b8c217411ca81af007079bed62db64e7553988	refs/tags/blenderbim-240331
b5d672ba423fa913f3b0e0fcc04eca3dba8e630d	refs/tags/blenderbim-240401
96302a5c07587d238aa5a0d59bae1f30ed4eff78	refs/tags/blenderbim-240402
04cf9c870bb04f0660587d3cf57faf992fdca56f	refs/tags/blenderbim-240403
fb6660361df3c0e598259c2723b5691f7248cca7	refs/tags/blenderbim-240405
066b198ac9967589c8c1195f3521f06c76b6d21c	refs/tags/blenderbim-240406
08f4dea47f77b80dc7c65292d33e3c5827184ffd	refs/tags/blenderbim-240407
35dd03664a1a1d6ac261fbb059e3322dccd95500	refs/tags/blenderbim-240408
ac23d087172376a803a852a6164fe9740a96f1c1	refs/tags/blenderbim-240409
b61d8709225cfb3020fc40731dec7696ddec34bb	refs/tags/blenderbim-240410
946c8683885b2bc3fed2a7f14ae244e2474ee444	refs/tags/blenderbim-240411
eb46de96584d0e8422878392c116f180304b1bbf	refs/tags/blenderbim-240412
ca2f683af39bb1f3b324245c6c2f25fb16afae5c	refs/tags/blenderbim-240413
fc6678f5ce697a34b957e7131e92c9ae24204aa6	refs/tags/blenderbim-240414
acf6628f23f48d4dff29327de324f7b13604b40e	refs/tags/blenderbim-240415
23abf674f3ef4d0104787dcfbf5b61ce7c6891c6	refs/tags/blenderbim-240416
a748dda3788734136b73f2c42af7233f6d41f34d	refs/tags/blenderbim-240417
ea6f0b054a658cd2c93248cfb5d60bf27a845144	refs/tags/blenderbim-240418
6ddf91fb527fefbeb089c3d51ef99ea75cddbaed	refs/tags/blenderbim-240419
3ef823db239843bdd1104055f2229336d824cc9a	refs/tags/blenderbim-240420
fc5bb230a9807f99ebc825b866a4e2830a6a52fc	refs/tags/blenderbim-240421
4efe2843389e02441aa933d0f743bf0a3329c1bd	refs/tags/blenderbim-240422
998f9c6a1ebae8da8f041d50a240cdd76506c8d1	refs/tags/blenderbim-240423
716a33f347dfa3727f77a416cded4d49b279c34d	refs/tags/blenderbim-240424
47116721700f761a946a507df89b8c19ba648aae	refs/tags/blenderbim-240425
1cea3d21e8136ce39253be14ea65f2aacdbd3ef4	refs/tags/blenderbim-240426
677324927c23706ada371d34df1dcba71903f9cc	refs/tags/blenderbim-240427
4b56b341243d6b0eed82e8533848b124e82e1344	refs/tags/blenderbim-240428
8dde98f54351fa278568d7adfdf501a4d9827c99	refs/tags/blenderbim-240429
97e0c437029f1df45efbd8b00d3d08c144876db2	refs/tags/blenderbim-240430
fc0ffd1c02d6785f50d9de8accfeed5713208949	refs/tags/blenderbim-240501
86cc2bf39abd0417bb33a6e4942a007616cb1247	refs/tags/blenderbim-240502
080f325557deddd3eca54c94722c75a78a4e13c6	refs/tags/blenderbim-240503
ab696b980a00fe57fdef753a1084d790e9f2b757	refs/tags/blenderbim-240505
34bbc8f1ead3bcd22b2b364ffdb14770812cbec9	refs/tags/blenderbim-240506
7e13ed746ee3b4bb8b622697e6cf13a60f170438	refs/tags/blenderbim-240507
10d30b0de72527fef4dce37f584478f564f38107	refs/tags/blenderbim-240508
d453adb7cf1f1f553f4136fc6a2d5eafc6017be9	refs/tags/blenderbim-240509
57b905862a962ac0eb9ef2a5c8a037a3daefdb01	refs/tags/blenderbim-240510
8e6c372a4f16f029babb216583eb00d034f9d313	refs/tags/blenderbim-240511
aca26c759726b827c56e8e01e8ba9c5e32568eb6	refs/tags/blenderbim-240512
ac686db2989bf2243b322eac7eaa4efbfd6e63cb	refs/tags/blenderbim-240513
da1bdc802da0ad29299596ec4a1aeacbd93bc950	refs/tags/blenderbim-240514
a2ee920a5fd60b39c2815d63f57a0f2ab727f137	refs/tags/blenderbim-240515
e1250f21775e52b9604374276050499ae23cd79b	refs/tags/blenderbim-240516
da4ce3773f53b86967c093b460bd75f049e6b425	refs/tags/blenderbim-240517
cb255a18b93962f35a5b2cfbf4776e0986a516d4	refs/tags/blenderbim-240518
3bdc969efbd3f9492cfe890abf44aeba4089073a	refs/tags/blenderbim-240519
2d0b3562030c09de27d4d6aeeae8b9673e3db0e4	refs/tags/blenderbim-240520
4fb34c081655349a301f45a56bce277a36e2f5b3	refs/tags/blenderbim-240521
5a82d7a9d44c888b58077dba7530daef9e3903b8	refs/tags/blenderbim-240522
87c184ef8a31a9e68ff4a9703f21f90c585bcf4a	refs/tags/blenderbim-240523
fa87092fe0878fd69cb78891820aea2ab4ea9935	refs/tags/blenderbim-240524
2f071bd809d925a1eaf49ee102e6b039227d423b	refs/tags/blenderbim-240525
80d31b4e1ad9d0afd4215476fe4712c0059c19b0	refs/tags/blenderbim-240526
70a4af260548202fcae084ebdfaf2218007eda52	refs/tags/blenderbim-240527
54951d210250163fd69860e101956c2eb3c088c3	refs/tags/blenderbim-240528
9d789425ce3d7430db7e74f4cf62a991dcdb00b1	refs/tags/blenderbim-240529
b86dab2a767c2d4b00a36cb9f7ad0af3406ab81c	refs/tags/blenderbim-240530
5466be9b7b309b6422780a9994b4c53d0c2cbe51	refs/tags/blenderbim-240531
61b10a19c7f8191adb0509c5199ac06c2521e921	refs/tags/blenderbim-240601
c5d1801e1e3fc964eef151008f0b563a4e2e1f8b	refs/tags/blenderbim-240602
d408568d01dd59657ee771f1fc11dfe25592c016	refs/tags/blenderbim-240603
b3dcfbf0dc584ed71b3bd993c7d244de9bcef6ce	refs/tags/blenderbim-240604
60ae4e80ceb8bfe470bc9155f49c016b215941e1	refs/tags/blenderbim-240605
98ec3e2301e9d9c9586b99219e5b876462a990b1	refs/tags/blenderbim-240606
8f64ef446507b56c9614e1651ad9643aaa1c40c0	refs/tags/blenderbim-240607
03b277626fd112733f86ee66ade03a9e369471cb	refs/tags/blenderbim-240608
cdce61256621d3de7786d093e74fbccb47fea3a6	refs/tags/blenderbim-240609
94f54fd4cba83ab28b086b59569fae44bd462dea	refs/tags/blenderbim-240610
b009913cf41fc019fcf03326b9453b99498d154f	refs/tags/blenderbim-240611
f56bae141b14a4ece86e3e4f8670a0e9f883ecb7	refs/tags/blenderbim-240712
3f3f3b6aff51cf08d9958141c1353478c4a3a23c	refs/tags/blenderbim-240722
37dd2a5607b0a9392c64475eeca613a49d5126a1	refs/tags/bonsai-0.7.11-alpha240813
f1db51df1afcb308e266abf4e4f4c4db4dc80156	refs/tags/bonsai-0.7.11-alpha240814
4348b9bff9f26aa2cae9e661c1aad029d1c70171	refs/tags/bonsai-0.7.11-alpha240815
538859f60a63613071ae396f4cf8817961ba40ba	refs/tags/bonsai-0.7.11-alpha240816
f646cf4372868dd9dd42d58a7d4a204d0601d52a	refs/tags/bonsai-0.7.11-alpha240817
4f11b19b3dd4bdc83ce25775a9f2bd335fd45332	refs/tags/bonsai-0.7.11-alpha240818
71ddc6384a731276d56d32fcd80a6f0d7b7c560f	refs/tags/bonsai-0.7.11-alpha240819
71ddc6384a731276d56d32fcd80a6f0d7b7c560f	refs/tags/bonsai-0.7.11-alpha240820
e4a4a339205bf953ad855c777efead2b91c58f96	refs/tags/bonsai-0.7.11-alpha240821
e8a7a032aa1937fd0d140e58e816f3be45c8da40	refs/tags/bonsai-0.7.11-alpha240822
a4a2497f33862fd113ae93e6906df52233da97e4	refs/tags/bonsai-0.7.11-alpha240823
7a168069f721ffd8e23456c3cd6db7e37e3c1489	refs/tags/bonsai-0.7.11-alpha240824
527cdd330483af1ec4d9f8c1497576c2f0730e57	refs/tags/bonsai-0.7.11-alpha240825
5aa7758795736c52edc2a18006aacc33ed6cdccf	refs/tags/bonsai-0.7.11-alpha240826
b717abf6392f12950da1815766836e06c6d0de83	refs/tags/bonsai-0.7.11-alpha240827
1b49515d9f352f24a58c61dcff628d9c18b9527b	refs/tags/bonsai-0.7.11-alpha240828
c3bcc2d90c82774f51f2515f8b4c93160720a8d4	refs/tags/bonsai-0.7.11-alpha240829
e8d6dd333c642482d834891132034ee268ff8d11	refs/tags/bonsai-0.7.11-alpha240830
799cf473164a472b4b7129c95da02389228c1204	refs/tags/bonsai-0.7.11-alpha240831
f2554bc9688790e7574075bc77456c03ca807a5d	refs/tags/bonsai-0.7.11-alpha240901
32f216a594d2100b26b92ff3aa1959eb21f69e88	refs/tags/bonsai-0.8.0
af4475fe4639380cb6764909167afab6b082235f	refs/tags/bonsai-0.8.0-alpha240901
5db6738ac28ceee3e536c2d562526f9a18c007f6	refs/tags/bonsai-0.8.1
b82073dd5737a3b32a185270cd56cdb0e9c77b3e	refs/tags/bonsai-0.8.1-alpha240901
aa7e80fc8cd8e29e7f926b7ef755550911bdb88f	refs/tags/bonsai-0.8.1-alpha240902
4ce22517175124d656d90f24a2354aa7a9f88ccd	refs/tags/bonsai-0.8.1-alpha240903
e1a5e73106a74c77a15cfcbd8e11bc8799a9e92e	refs/tags/bonsai-0.8.1-alpha240904
7e5bd0ca830468ebe2153f0b0043e2d71ea8df62	refs/tags/bonsai-0.8.1-alpha240905
977f3c7dccc905e8094cf1a4d0db03eea8a0431a	refs/tags/bonsai-0.8.1-alpha240906
7905cd8bd367b7753ce887d649efe1f0f4c33254	refs/tags/bonsai-0.8.1-alpha240907
171c3083da3b0689bdd7a1a74a506ab9dffe2908	refs/tags/bonsai-0.8.1-alpha240908
98ab5399f2101687c2b31d3e80e0a232d20c95d2	refs/tags/bonsai-0.8.1-alpha240909
4917cd19a2827521cc207df591102a089a22dfee	refs/tags/bonsai-0.8.1-alpha240910
bad6931a84a1e0c7a578fc5b66b4a9ba35fced73	refs/tags/bonsai-0.8.1-alpha240911
35a4d87a658bfb2041b20af420608daa4b35e6a8	refs/tags/bonsai-0.8.1-alpha240912
81399ffd1962de6b0ea60bacf23be63efa791392	refs/tags/bonsai-0.8.1-alpha240913
c487643d7646aedb7c42de5f8993d8baef87bf29	refs/tags/bonsai-0.8.1-alpha240914
71de39ea7c45297e13e4e27cc523a42f9e3961b1	refs/tags/bonsai-0.8.1-alpha240915
06f14774f7d8ff3c3cd01cf16a42a0e332ef946c	refs/tags/bonsai-0.8.1-alpha240916
53a619285845df6a1f2ddfa48ec99ff65091cdd3	refs/tags/bonsai-0.8.1-alpha240917
9b06797efafa3c306bb995b208435a5da9b2eb38	refs/tags/bonsai-0.8.1-alpha240918
5d0fb18ea100c28a3871db7ec84efecee922e0a3	refs/tags/bonsai-0.8.1-alpha240919
669d88fbb10a6c99dd5df444ec508087850258f8	refs/tags/bonsai-0.8.1-alpha240920
ef412c36c6a38528147bf34543d044b803dea56d	refs/tags/bonsai-0.8.1-alpha240921
a05347255851f93db67cd0fbe85a884e1202ac2a	refs/tags/bonsai-0.8.1-alpha240922
193daff6173e389762631d593d72fba36ccb4d00	refs/tags/bonsai-0.8.1-alpha240923
7339325cc9e1ff869cebd3d7a81f9bccf08f5876	refs/tags/bonsai-0.8.1-alpha240924
1d4f5de4a04024ee4d998da01eb37d096604747e	refs/tags/bonsai-0.8.1-alpha240925
a273c87e415450a0fe7c676928420d2783d61c63	refs/tags/bonsai-0.8.1-alpha240926
9f02737a2e876f7fe4f14d0cd8b6c84960c8e75c	refs/tags/bonsai-0.8.1-alpha240927
d1c430cd4dcea8cc84c27dedd34d4fbdf1f0d203	refs/tags/bonsai-0.8.1-alpha240928
905044f0d7bef899356b9dd5e63a5d34af10b5c5	refs/tags/bonsai-0.8.1-alpha240929
af7bdf6b9f248e3b8a36ec618384c52c444c79f9	refs/tags/bonsai-0.8.1-alpha240930
79b1388e44d8cff423628b4647dc297181b9a811	refs/tags/bonsai-0.8.1-alpha241001
d5fddd5f1bede12e9128b773a1cfab3dab3f286b	refs/tags/bonsai-0.8.1-alpha241002
c3e4ebd996dd9239e18adcc9393fb285466fe415	refs/tags/bonsai-0.8.1-alpha241003
99b1f5ec450503cb0344c88fec4e3bbfb7815cee	refs/tags/bonsai-0.8.1-alpha241004
c10056611b98a66f7e769b4102f40a8325e5b6b6	refs/tags/bonsai-0.8.1-alpha241006
8e8136ffb6a15cdd1475832a5151c0e5feceb9bd	refs/tags/bonsai-0.8.1-alpha241007
29d6d2ba970c6857fc6cdb965e4e70707e980b13	refs/tags/bonsai-0.8.1-alpha241008
4f6ca68195f615e2fb5330382928dc4425e71412	refs/tags/bonsai-0.8.1-alpha241009
bd42fc9cef617caf1b541a195b640b5d53fa9069	refs/tags/bonsai-0.8.1-alpha241010
fe0aa4b5b7e201c9f9f5b0be97b32c705932553f	refs/tags/bonsai-0.8.1-alpha241011
2f0500a14b56f8b4fbcf5b8e58b2d2f187bd5130	refs/tags/bonsai-0.8.1-alpha241013
9ccbd332cf437f72cd1108e50bda31ca8d2cfd76	refs/tags/bonsai-0.8.1-alpha241014
12742bd08ca335ab28c0c610cae9393e5f600f43	refs/tags/bonsai-0.8.1-alpha241015
e7a725dca38c2636eb6beafa5508b6864004ad4a	refs/tags/bonsai-0.8.1-alpha241016
ee7fd0cadfea437b7061144e7fa7d9ac2a913321	refs/tags/bonsai-0.8.1-alpha241017
0e5008d21eb63e27bc01c23c04e00926fa893225	refs/tags/bonsai-0.8.1-alpha2410171325
0e5008d21eb63e27bc01c23c04e00926fa893225	refs/tags/bonsai-0.8.1-alpha2410171427
01c67eea48203af2f6aa960c611e076d83b8687c	refs/tags/bonsai-0.8.1-alpha2410172050
01c67eea48203af2f6aa960c611e076d83b8687c	refs/tags/bonsai-0.8.1-alpha2410180623
01c67eea48203af2f6aa960c611e076d83b8687c	refs/tags/bonsai-0.8.1-alpha2410180636
01c67eea48203af2f6aa960c611e076d83b8687c	refs/tags/bonsai-0.8.1-alpha2410180644
5837a143da959157a44b1382b976fae0b1845618	refs/tags/bonsai-0.8.1-alpha2410180656
122ec6fb0a38a73fe5a3eff411d915692c37fa67	refs/tags/bonsai-0.8.1-alpha2410181312
97ed3bb0d5e8cbe64f114f3daa5e8a58f1fd2d66	refs/tags/bonsai-0.8.1-alpha2410191359
b8d98b7512c93f18e7208da13bbb027ddcd4cda9	refs/tags/bonsai-0.8.1-alpha2410191416
65ecb92c034486267bd41f868494c3570e460838	refs/tags/bonsai-0.8.1-alpha2410201201
4acdd7c960ba73db5a7b486b768c61e8013abd22	refs/tags/bonsai-0.8.1-alpha2410210627
dbfe3ea3c4a975dc58f83aa3341e4f6ddde89b5e	refs/tags/bonsai-0.8.1-alpha2410211311
dbfe3ea3c4a975dc58f83aa3341e4f6ddde89b5e	refs/tags/bonsai-0.8.1-alpha2410211312
745c8e173ac8227f0beab0e827bcb686f7049fd5	refs/tags/bonsai-0.8.1-alpha2410211347
5fa5b284848ae8f7551c7c56dccf5c3362ab2abf	refs/tags/bonsai-0.8.1-alpha2410211412
71997d37c057866fd7c056a5169b9e49679f8cb0	refs/tags/bonsai-0.8.1-alpha2410220054
3077687c59368d04e0fab0293fd9faabe3614da5	refs/tags/bonsai-0.8.1-alpha2410221302
c18d2e8c17bea2207220cdd402ef828a4c9e4bbd	refs/tags/bonsai-0.8.1-alpha2410221321
0c0225543b001a0589fb017e8f6fd539e7288195	refs/tags/bonsai-0.8.1-alpha2410222041
f62b1ed3268a07f92760c7983ed8179aa31ebb99	refs/tags/bonsai-0.8.1-alpha2410222345
e85043ae31dd231821d465a62d14f9a061a7f1d1	refs/tags/bonsai-0.8.1-alpha2410231334
b08acd16254ed0ba087a9e36901a627864c1b7b2	refs/tags/bonsai-0.8.1-alpha2410240926
8d3aa98b58ef1c6b1b6cc2ec9b3e321747e2028f	refs/tags/bonsai-0.8.1-alpha2410241018
99dc4795c71bd7795a61c4014c083394e43d0500	refs/tags/bonsai-0.8.1-alpha2410241339
8ff4cef7ec756439f0f368d0173de1b8de00717a	refs/tags/bonsai-0.8.1-alpha2410261506
fc57a7bbf40e96ac9d0129c04c0caac7de0e8989	refs/tags/bonsai-0.8.1-alpha2410261926
4c93270adc740d70c0a5afb1efb3636f436bd9de	refs/tags/bonsai-0.8.1-alpha2410281108
86d0139f41b614c1490db79e36a669a7c1c19723	refs/tags/bonsai-0.8.1-alpha2410281124
4c3bb54f98fbe7f6dc82eab3f58eb293636686c6	refs/tags/bonsai-0.8.1-alpha2410281323
fd6a541689bbb9d941dd79b6bac299ee2d8d2193	refs/tags/bonsai-0.8.1-alpha2410281511
fd6a541689bbb9d941dd79b6bac299ee2d8d2193	refs/tags/bonsai-0.8.1-alpha2410281515
fa07f184c36e69cb380f994b72328c09855f902f	refs/tags/bonsai-0.8.1-alpha2410291317
4dfb3cac51d2e36fd3ede3fa778135ce24e3af1f	refs/tags/bonsai-0.8.1-alpha2410300643
e463407de785f113cde986be14ae4a35ad750fb5	refs/tags/bonsai-0.8.1-alpha2410301308
037b5d1bc11d0cba6bd69af33a7ea53c49bc72ee	refs/tags/bonsai-0.8.1-alpha2410301417
4cd8428d1de496bf2e23570055bcde81bad1e03e	refs/tags/bonsai-0.8.1-alpha2410311000
b39f96e2eebc5c2acd515ed81fdae3eca293e710	refs/tags/bonsai-0.8.1-alpha2410311052
06a6c2d79b4df3e5f810a74b20e3face74b1ff29	refs/tags/bonsai-0.8.1-alpha2410311201
fb5d37b04b321ff9b029e0d73f16c33ee44b5948	refs/tags/bonsai-0.8.1-alpha2410311329
08e38c65f580c44ac3790fe65934396a464da252	refs/tags/bonsai-0.8.1-alpha2410311552
05b32b3c322f9ee0285a64fe12f19fb9581755c0	refs/tags/bonsai-0.8.1-alpha2410311841
4c08eaf953e5885251d966824ab60fea7b8d7f5f	refs/tags/bonsai-0.8.1-alpha2410312044
7517414552f7cbf59781109b51f335a71cb432a8	refs/tags/bonsai-0.8.1-alpha2411011021
caeabe2cd5810e42148f34c6a55d903eb2dd98fa	refs/tags/bonsai-0.8.1-alpha2411011113
bf8c3530a1e367ded969c2af4f69a59db63f6155	refs/tags/bonsai-0.8.1-alpha2411022143
f2c96b65e088e43fa301d03bf04e516e00371aee	refs/tags/bonsai-0.8.1-alpha2411031529
4a8710efd8fb51d12d0dbae956530a7dfb2af3ca	refs/tags/bonsai-0.8.1-alpha2411041329
6729739ee81e726270943122cc2b5ce1bce10eff	refs/tags/bonsai-0.8.1-alpha2411041350
262fca95e3db5769f7823cda619603630bdef757	refs/tags/bonsai-0.8.1-alpha2411060554
e70bc049150c29904e9711252ec752089c3ed828	refs/tags/bonsai-0.8.1-alpha2411060818
36bd89bb40b63e8a0c5e3ecbdfcacf6996fc82cb	refs/tags/bonsai-0.8.1-alpha2411061106
bbca07d53523ad9d49d59ea73aa643cc25b44bfa	refs/tags/bonsai-0.8.1-alpha2411061328
09fcd32b7a5bc93b3bf131ecaa7e3daff6a3ff77	refs/tags/bonsai-0.8.1-alpha2411071304
1d3ca475d9b808bb02aa1e12f6ff9df83fddbc09	refs/tags/bonsai-0.8.1-alpha2411080552
4b558604cc5c1c47fb5330b5321c0f7d0ebd2ec6	refs/tags/bonsai-0.8.1-alpha2411081333
4b558604cc5c1c47fb5330b5321c0f7d0ebd2ec6	refs/tags/bonsai-0.8.1-alpha2411081334
b416df538a648a99c049e6f148d4fc362520047b	refs/tags/bonsai-0.8.1-alpha2411081420
f08959aaa963f3ce2fa0e87866630372c9f1fd1c	refs/tags/bonsai-0.8.1-alpha2411081907
23c30e7642e1d39338e079a1ad3cab1410944171	refs/tags/bonsai-0.8.1-alpha2411081926
2165dbb3fa38847b60661e5085acf5852bb9a141	refs/tags/bonsai-0.8.1-alpha2411082001
2165dbb3fa38847b60661e5085acf5852bb9a141	refs/tags/bonsai-0.8.1-alpha2411082004
6ece1648ab0967705ada8f232c56d00bbe8cdf98	refs/tags/bonsai-0.8.1-alpha2411101407
67f8c74c7033d9548166a85b1fe67c092b4d61d9	refs/tags/bonsai-0.8.1-alpha2411110750
8932d8758ea1481fae4b4e1958c0e863f80b16e9	refs/tags/bonsai-0.8.1-alpha2411111009
8932d8758ea1481fae4b4e1958c0e863f80b16e9	refs/tags/bonsai-0.8.1-alpha2411111010
c61e3670a8cf248aa5a229bae2dc29eef041fe47	refs/tags/bonsai-0.8.1-alpha2411111131
c61e3670a8cf248aa5a229bae2dc29eef041fe47	refs/tags/bonsai-0.8.1-alpha2411111132
c61e3670a8cf248aa5a229bae2dc29eef041fe47	refs/tags/bonsai-0.8.1-alpha2411111138
d74a0d05fdd4dc0c24d48bdd0c0176a8b6801665	refs/tags/bonsai-0.8.1-alpha2411111331
204a1b1dc6565917a66c0ac9e7faff70a68c389a	refs/tags/bonsai-0.8.1-alpha2411120015
ecff7980b311ecfcee901a786a7ff6651e58af44	refs/tags/bonsai-0.8.1-alpha2411120953
26e63c84276d804590d01d5235b996f914174d84	refs/tags/bonsai-0.8.1-alpha2411121039
cba0b79dc04f395d2b12e1c0257194435b426473	refs/tags/bonsai-0.8.1-alpha2411121341
f4cbd13748c2344137b5c0914bac6211cda40f11	refs/tags/bonsai-0.8.1-alpha2411121953
b51a4170651f72af5dfb35ba105d1a4408ada30a	refs/tags/bonsai-0.8.1-alpha2411122022
a8efc5b1d99f317bc39da74ce69ee372c74d1d51	refs/tags/bonsai-0.8.1-alpha2411122106
d3333fed964127f9ace86bfc1e62e337760e5e45	refs/tags/bonsai-0.8.1-alpha2411130616
d3333fed964127f9ace86bfc1e62e337760e5e45	refs/tags/bonsai-0.8.1-alpha2411130947
d3333fed964127f9ace86bfc1e62e337760e5e45	refs/tags/bonsai-0.8.1-alpha2411130948
d3333fed964127f9ace86bfc1e62e337760e5e45	refs/tags/bonsai-0.8.1-alpha2411131005
a522c9a5c90ba06d63215a7adb54e0e01169b2eb	refs/tags/bonsai-0.8.1-alpha2411131013
5b63b00e986121535ffe5c571162b93c64f3a81f	refs/tags/bonsai-0.8.1-alpha2411131029
77fc2a89d0273de90d4bc0e6e342829385bf6dc2	refs/tags/bonsai-0.8.1-alpha2411131120
099703fda753704d99bdbebef98c164c423bdb1c	refs/tags/bonsai-0.8.1-alpha2411131337
099703fda753704d99bdbebef98c164c423bdb1c	refs/tags/bonsai-0.8.1-alpha2411131338
e74adcbba3ec86a9e831fc5bc83c092560f9253d	refs/tags/bonsai-0.8.1-alpha2411131639
e74adcbba3ec86a9e831fc5bc83c092560f9253d	refs/tags/bonsai-0.8.1-alpha2411131640
6a20ecb2a081e154e1a2a39b3ae3de128ad6945f	refs/tags/bonsai-0.8.1-alpha2411140635
ceb49bac0ee694d0cb5e62ed655146eb934afb74	refs/tags/bonsai-0.8.1-alpha2411141138
54eb83f080e448096275fe22f468183c1c466622	refs/tags/bonsai-0.8.1-alpha2411141229
d0b3ecad42f234430b6a6385994ca932b0697af2	refs/tags/bonsai-0.8.1-alpha2411141331
229e2daa4255690a23ff81044711861336bee55a	refs/tags/bonsai-0.8.1-alpha2411141600
fd9485e7ea5df34ca29fa0a2f632fc10132c6aec	refs/tags/bonsai-0.8.1-alpha2411142100
e0f4fc0759e161dda0a63190088aea5dfe9a4f9a	refs/tags/bonsai-0.8.1-alpha2411151326
bc2f6b61e02b03cd8139c61b55fc02e6864dbfab	refs/tags/bonsai-0.8.1-alpha2411171609
812e3dc6df32e08fbe85051ccf752ac1d1b5f93c	refs/tags/bonsai-0.8.1-alpha2411172308
5a4326eb0f7c026b54279b9386be2f3786cb9b96	refs/tags/bonsai-0.8.1-alpha2411181002
362c5a17a7ef0168001e799aa628c80c84a57456	refs/tags/bonsai-0.8.1-alpha2411181016
06d947f8694dc7d3124e9724c5009427890780ee	refs/tags/bonsai-0.8.1-alpha2411190456
6201ea7144abe55f68e47eb4c80d194e0756ae9a	refs/tags/bonsai-0.8.1-alpha2411190516
1f9e3ffe50e3d61ad90fc1befdd7f81d95784966	refs/tags/bonsai-0.8.1-alpha2411190634
837f9e82e2fb949c9660a94a7cd3b3df76b97d9f	refs/tags/bonsai-0.8.1-alpha2411190642
213b6ed3c38379bd58cab8fc508245740fa66ece	refs/tags/bonsai-0.8.1-alpha2411190754
c7e7031ee5b62c6bc6d5f5fa3763cb7722c81154	refs/tags/bonsai-0.8.1-alpha2411191032
2b3af4cddbaa17e4462183ea55ab456fd198ec9b	refs/tags/bonsai-0.8.1-alpha2411191149
6cc75c11640d49f9f6ad4e1458af276b71fee56c	refs/tags/bonsai-0.8.1-alpha2411191516
bf717622a01c4a068e44a30145fcef186f8d4394	refs/tags/bonsai-0.8.1-alpha2411192040
1a72089b3bc26a0aed17d6224d84f0f75992c09b	refs/tags/bonsai-0.8.1-alpha2411200703
857dd3aa60e4d741a20612ff7814a94f6f1f3989	refs/tags/bonsai-0.8.1-alpha2411200949
3b6128b2dffbcc0f5684ca4a71231bb4bad40941	refs/tags/bonsai-0.8.1-alpha2411201055
3b6128b2dffbcc0f5684ca4a71231bb4bad40941	refs/tags/bonsai-0.8.1-alpha2411201056
4bde423c50ec5d97ff6b63413251abf8c6a32411	refs/tags/bonsai-0.8.1-alpha2411211312
04e84f7aed32c07a3b7bb407c45c8f67806690a4	refs/tags/bonsai-0.8.1-alpha2411211319
71637f120a83eef67d43cae8c8f43b7ebfc89c2d	refs/tags/bonsai-0.8.1-alpha2411220933
71637f120a83eef67d43cae8c8f43b7ebfc89c2d	refs/tags/bonsai-0.8.1-alpha2411220936
71637f120a83eef67d43cae8c8f43b7ebfc89c2d	refs/tags/bonsai-0.8.1-alpha2411220942
091ed3bb8d7c3767d17b037b81811de8ea62ff37	refs/tags/bonsai-0.8.1-alpha2411221252
091ed3bb8d7c3767d17b037b81811de8ea62ff37	refs/tags/bonsai-0.8.1-alpha2411221255
0267e2b5e0e6555abcc0f58add1347e2ae311df4	refs/tags/bonsai-0.8.1-alpha2411221749
0267e2b5e0e6555abcc0f58add1347e2ae311df4	refs/tags/bonsai-0.8.1-alpha2411221750
99ad9ac3058ed5a82ef594550abac49b64926928	refs/tags/bonsai-0.8.1-alpha2411231557
99ad9ac3058ed5a82ef594550abac49b64926928	refs/tags/bonsai-0.8.1-alpha2411231558
fc736f725c081e3cdb634174c7640ff6a9b17652	refs/tags/bonsai-0.8.1-alpha2411241559
fc736f725c081e3cdb634174c7640ff6a9b17652	refs/tags/bonsai-0.8.1-alpha2411241600
29f9f04d928f21f8e0063bee0b22a77f12c05fce	refs/tags/bonsai-0.8.1-alpha2411251149
4d44ec71742e36afcac4a04221f8aa3ec0eb0616	refs/tags/bonsai-0.8.1-alpha2411251153
4d44ec71742e36afcac4a04221f8aa3ec0eb0616	refs/tags/bonsai-0.8.1-alpha2411251156
4d44ec71742e36afcac4a04221f8aa3ec0eb0616	refs/tags/bonsai-0.8.1-alpha2411251157
4d44ec71742e36afcac4a04221f8aa3ec0eb0616	refs/tags/bonsai-0.8.1-alpha2411251159
4d44ec71742e36afcac4a04221f8aa3ec0eb0616	refs/tags/bonsai-0.8.1-alpha2411251200
e6f8ef992e56e746a1916fa33186cbcededd561c	refs/tags/bonsai-0.8.1-alpha2411251323
e6f8ef992e56e746a1916fa33186cbcededd561c	refs/tags/bonsai-0.8.1-alpha2411251327
e6f8ef992e56e746a1916fa33186cbcededd561c	refs/tags/bonsai-0.8.1-alpha2411251328
e6f8ef992e56e746a1916fa33186cbcededd561c	refs/tags/bonsai-0.8.1-alpha2411251330
e6f8ef992e56e746a1916fa33186cbcededd561c	refs/tags/bonsai-0.8.1-alpha2411251331
e6f8ef992e56e746a1916fa33186cbcededd561c	refs/tags/bonsai-0.8.1-alpha2411251335
65a8ae1093c594b29c4fa560d694496de63d8774	refs/tags/bonsai-0.8.1-alpha2411260050
6f7565f6f98ce04456ca546cf89fd5de251f3fa7	refs/tags/bonsai-0.8.1-alpha2411260412
2ff740180310b7ebb0a133ce1707be0d8460eceb	refs/tags/bonsai-0.8.1-alpha2411260740
4da9f1296057033195c5f2aeace662a33d1da25d	refs/tags/bonsai-0.8.1-alpha2411261117
a4145ecec25f7c2872823638997fc1a5b5386128	refs/tags/bonsai-0.8.1-alpha2411261206
a4145ecec25f7c2872823638997fc1a5b5386128	refs/tags/bonsai-0.8.1-alpha2411261209
a4145ecec25f7c2872823638997fc1a5b5386128	refs/tags/bonsai-0.8.1-alpha2411261210
dea3722ca53aaa98a2ae2c84b07fa3fbf0815d9b	refs/tags/bonsai-0.8.1-alpha2411261312
dea3722ca53aaa98a2ae2c84b07fa3fbf0815d9b	refs/tags/bonsai-0.8.1-alpha2411261316
dea3722ca53aaa98a2ae2c84b07fa3fbf0815d9b	refs/tags/bonsai-0.8.1-alpha2411261319
4f6e2586e122eeed46323a46fac4c36e14ec3405	refs/tags/bonsai-0.8.1-alpha2411261345
4f6e2586e122eeed46323a46fac4c36e14ec3405	refs/tags/bonsai-0.8.1-alpha2411261347
4f6e2586e122eeed46323a46fac4c36e14ec3405	refs/tags/bonsai-0.8.1-alpha2411261349
4f6e2586e122eeed46323a46fac4c36e14ec3405	refs/tags/bonsai-0.8.1-alpha2411261350
4f6e2586e122eeed46323a46fac4c36e14ec3405	refs/tags/bonsai-0.8.1-alpha2411261352
cc014bb7ec99c5f3e300ff451e0aa89760cf5a33	refs/tags/bonsai-0.8.1-alpha2411270800
25eecded4ef4c0e4b6973e6ae8d24ffba4f95bda	refs/tags/bonsai-0.8.1-alpha2411271042
c9847caa6a20b4fa1b16a6b78ec7060df4c904f6	refs/tags/bonsai-0.8.1-alpha2411271331
c9847caa6a20b4fa1b16a6b78ec7060df4c904f6	refs/tags/bonsai-0.8.1-alpha2411271337
b52edcea40f3aed2a839e72217e3b754c8b10ae0	refs/tags/bonsai-0.8.1-alpha2411291556
da78a1107d7f775de825f5b8c78ccbfeac3d6481	refs/tags/bonsai-0.8.1-alpha2411301649
e3317af56dfc9fbd28fd7583072a83fa0e77002b	refs/tags/bonsai-0.8.1-alpha2411302140
b9f790217e6be8f17a89bb889ce29ab1845a418a	refs/tags/bonsai-0.8.1-alpha2412011022
049173286ac91a9eca5b202de232f01c9b0f038e	refs/tags/bonsai-0.8.1-alpha2412011805
7b09c9ad3b8d5805a6da468cde4515dc3d7627df	refs/tags/bonsai-0.8.1-alpha2412040918
7b09c9ad3b8d5805a6da468cde4515dc3d7627df	refs/tags/bonsai-0.8.1-alpha2412040923
eb87e7e8663c9f32cd94a77d27a3872e22d4d19b	refs/tags/bonsai-0.8.1-alpha2412041327
9cf34f9d8cf2c7173774aa3441fca5e3e0e6999d	refs/tags/bonsai-0.8.1-alpha2412051022
13106d255cce05071971c5950641d4d9479d19ca	refs/tags/bonsai-0.8.1-alpha2412051053
939cc63cae6e299824f86c60ec8fdee9ed632740	refs/tags/bonsai-0.8.1-alpha2412051218
8d2b783b4acd76b04edf6cfaf159263a62739206	refs/tags/bonsai-0.8.1-alpha2412051225
3446643816ffb2d8bd59e9f702bebbc2a2507d8d	refs/tags/bonsai-0.8.1-alpha2412051334
8609bd12cc9466a825883b1d703d3e36b7ce52b7	refs/tags/bonsai-0.8.1-alpha2412061043
c4ffc06a8871b9e2caa3d8d69e08af2761ca517a	refs/tags/bonsai-0.8.1-alpha2412061358
93ec1cbfc2d6e7119fc1e3a001eef1718870ae3c	refs/tags/bonsai-0.8.1-alpha2412071659
ad35ceef2ae9942ad4226a1ec7729f5992367d35	refs/tags/bonsai-0.8.1-alpha2412071718
586f9be0778f589540b5ba103c01397c52c850fa	refs/tags/bonsai-0.8.1-alpha2412072132
a9defb94d0217f1c443cb21f29646ca78fb5ef74	refs/tags/bonsai-0.8.1-alpha2412090202
5086fcc35a3ca5c9379c3f9651a69c49946717ed	refs/tags/bonsai-0.8.1-alpha2412090212
5086fcc35a3ca5c9379c3f9651a69c49946717ed	refs/tags/bonsai-0.8.1-alpha2412090213
5086fcc35a3ca5c9379c3f9651a69c49946717ed	refs/tags/bonsai-0.8.1-alpha2412090755
5086fcc35a3ca5c9379c3f9651a69c49946717ed	refs/tags/bonsai-0.8.1-alpha2412090803
5086fcc35a3ca5c9379c3f9651a69c49946717ed	refs/tags/bonsai-0.8.1-alpha2412090807
ce6a5080cd2a7a0a0b410dbb26e4ce247b255f8e	refs/tags/bonsai-0.8.1-alpha2412091331
91a061325d7eaa0d2023e8df8c84a0a3f3c39e39	refs/tags/bonsai-0.8.1-alpha2412092113
fc9bcb0b82acca979d72eed2ba3aeb95739b8a0e	refs/tags/bonsai-0.8.1-alpha2412101311
4e0a813eb49db7f4fe095e349dacb581178ddb2d	refs/tags/bonsai-0.8.1-alpha2412111942
e098a7c4fcef9a2afbe23c75a2eb23734188ca26	refs/tags/bonsai-0.8.1-alpha2412121157
99c752904a517f9db893bd8866986b3376a2c854	refs/tags/bonsai-0.8.1-alpha2412121318
99c752904a517f9db893bd8866986b3376a2c854	refs/tags/bonsai-0.8.1-alpha2412121320
7f1b234045380163ab8fdc50afb2d5b6d02e1a45	refs/tags/bonsai-0.8.1-alpha2412131408
7f1b234045380163ab8fdc50afb2d5b6d02e1a45	refs/tags/bonsai-0.8.1-alpha2412131409
07cf701e90ea1cd760655817038979ac7b18b03b	refs/tags/bonsai-0.8.1-alpha2412141908
07cf701e90ea1cd760655817038979ac7b18b03b	refs/tags/bonsai-0.8.1-alpha2412141909
9efc9d20440032f54ba5e42f10c7f5d66e66234e	refs/tags/bonsai-0.8.1-alpha2412181046
284ec46b81da144e48d66631a9b513ce248e1e98	refs/tags/bonsai-0.8.1-alpha2412191332
8c6eddfb66bb4d7d1bbffb521e4f5127709520ea	refs/tags/bonsai-0.8.1-alpha2412192303
74fe1b4eb92b6d1974043a13dc4b57a046dc32d7	refs/tags/bonsai-0.8.1-alpha2412200748
f7395ccd52d910f2cc92e9657b7cc1b854d9827f	refs/tags/bonsai-0.8.1-alpha2412201400
1f68464d467f723f351c540f3171668efc27f109	refs/tags/bonsai-0.8.1-alpha2412201440
40f1055ac38abe77f948e7e71e46a8982adcf844	refs/tags/bonsai-0.8.1-alpha2412202043
cb0fdbec660ce2d38151fc7f880f1303ef821abb	refs/tags/bonsai-0.8.1-alpha2412221726
09b4681413ac5dcaf35ffb6c1a2dec2f26495e39	refs/tags/bonsai-0.8.1-alpha2412230636
6edc6cec7166b3e922585579c9310f69f0d69df4	refs/tags/bonsai-0.8.1-alpha2412230734
9128bf2d4718bf230221eb8bf1ac1ba303fb53d8	refs/tags/bonsai-0.8.1-alpha2412231033
6b0b7989b01eec8444e596f11f4d1a4a3e7783ac	refs/tags/bonsai-0.8.1-alpha2412231049
7e8094aaa0d9f099cd3d3da0e81e51e522f50dc6	refs/tags/bonsai-0.8.1-alpha2412231403
75483edb22a67c36fbfce9c0fde75688f228350a	refs/tags/bonsai-0.8.1-alpha2412232113
3b10d8a9c4a89d4966b8081607e5f1559d85478a	refs/tags/bonsai-0.8.1-alpha2412251242
6486a8947cbfa1479ce7e9109db8d20917922c2a	refs/tags/bonsai-0.8.1-alpha2412261037
a4aaf9b4c3aa107dcffa925d84f59196fc266382	refs/tags/bonsai-0.8.1-alpha2412261328
5e77453d1dc697cdb0be47df778302e419b20643	refs/tags/bonsai-0.8.1-alpha2412262152
b9423b191adc29fcd29c618bc35a4db726f1cf7c	refs/tags/bonsai-0.8.1-alpha2412271429
2b1126d24d17eed3938eacc631bef91196c2a5c1	refs/tags/bonsai-0.8.1-alpha2412271444
f362ba4edcfa579f52748dfee00f5df64799a4b8	refs/tags/bonsai-0.8.1-alpha2412271622
973dd818c4487c8c64334aa7882b093110796534	refs/tags/bonsai-0.8.1-alpha2412280003
f3c52c5cbf33cdd9b0da63dd386051b4f29ee483	refs/tags/bonsai-0.8.1-alpha2412291454
c562a2c2ac74017714e9857d401776ea76bddacb	refs/tags/bonsai-0.8.1-alpha2412291850
78afcf9c7a33e37400462bb5ad1e8d54ce4d7740	refs/tags/bonsai-0.8.1-alpha2412292208
b506b72d9ff84ae08a29bb0214eb1887a0750428	refs/tags/bonsai-0.8.1-alpha2412292305
8fc0d7a8081315347b62ab265058c0b54385fe83	refs/tags/bonsai-0.8.1-alpha2412301229
b949efe8baf1ac2cdd78692b000d9ae12abc57f7	refs/tags/bonsai-0.8.1-alpha2501020928
c2708b13d970feae99f454f8e8f0791c78244cc6	refs/tags/bonsai-0.8.1-alpha2501020955
21a62116a8e859f8b32c4c97c1d8f9e2f4cc4d42	refs/tags/bonsai-0.8.1-alpha2501021018
fb35e80be060506d376bfd80f7a5e74bf53faca3	refs/tags/bonsai-0.8.1-alpha2501021206
ca90ddc0b43b98307867b04e58ff2ff969e8eced	refs/tags/bonsai-0.8.1-alpha2501021302
ad815b697e65d2d5dd13a7234f7486e3eea50740	refs/tags/bonsai-0.8.1-alpha2501021312
bb9be861c84eec268bb909bffd4575baf7e0de4c	refs/tags/bonsai-0.8.1-alpha2501021333
f6c34ac1961bfa054bb1439f8d8fc3447ea61944	refs/tags/bonsai-0.8.1-alpha2501022012
8dfcea0e24d3079155504fab594611c8cbd99090	refs/tags/bonsai-0.8.1-alpha2501030840
8dfcea0e24d3079155504fab594611c8cbd99090	refs/tags/bonsai-0.8.1-alpha2501030843
cc3074cdcca9fdd54ab222502caf53c42a2f93b2	refs/tags/bonsai-0.8.1-alpha2501030902
57dbea2974a3d20ed0a8d4554aeebe1a63690e12	refs/tags/bonsai-0.8.1-alpha2501030934
5b3e3fc646288ec6a6c3dc22ff3dc5dbb654ca4c	refs/tags/bonsai-0.8.1-alpha2501030955
25af639daead7251c6d68df8a3e0e5a49cb2d793	refs/tags/bonsai-0.8.1-alpha2501031031
e933ff08f888e02c1187ca32108d799ab43896fc	refs/tags/bonsai-0.8.1-alpha2501031122
fe253af5aed4ba013b74b45b3535c5635c8680ea	refs/tags/bonsai-0.8.1-alpha2501031205
98a9550260f7480d983a074812e600a8dfecd43f	refs/tags/bonsai-0.8.1-alpha2501031312
fe6a6d1a0d9411b196d4efc2c846cd29d8169e84	refs/tags/bonsai-0.8.1-alpha2501031405
fd7a7d44c30a5b92d173768966372d6e01f75da6	refs/tags/bonsai-0.8.1-alpha2501031513
7bfa926e6de279dbdb00755fc34adc333af1c137	refs/tags/bonsai-0.8.1-alpha2501031541
3a7488d54b285e1cd47ef823ad5701c966f785f0	refs/tags/bonsai-0.8.1-alpha2501031638
1b6ee26854467963b3d91df8993cf3830820d4c8	refs/tags/bonsai-0.8.1-alpha2501051341
570e29cfe43ce157f1dd61e511f18efb9ef80a6b	refs/tags/bonsai-0.8.1-alpha2501060911
8313c058849b0b0ebfe2d28ff617a494aaee87ee	refs/tags/bonsai-0.8.1-alpha2501061110
0983f812fd52f9925112fc0161b273344874d1d8	refs/tags/bonsai-0.8.1-alpha2501071356
dbf33283ab1346be9f0562590b4aa895ad0a7629	refs/tags/bonsai-0.8.1-alpha2501071432
9d1daa4dc5cb001f83d1f49d49c3a4ba71a34ae7	refs/tags/bonsai-0.8.1-alpha2501071444
b657eee564690e570f91dd0d0fab3f956900d997	refs/tags/bonsai-0.8.1-alpha2501071541
ae22eec9588b96e82c7506a9769ba5b7c91b9788	refs/tags/bonsai-0.8.1-alpha2501071644
d2b05ea3dccaa3f7f22ef9ea3bf3a9df89cdd0b1	refs/tags/bonsai-0.8.1-alpha2501072101
519e667464c1adf05a42be34b14d3ea9dda836bc	refs/tags/bonsai-0.8.1-alpha2501072118
519e667464c1adf05a42be34b14d3ea9dda836bc	refs/tags/bonsai-0.8.1-alpha2501072119
5c3f0f0df9c8192921c7146c15608bbc623cc936	refs/tags/bonsai-0.8.1-alpha2501080929
d4ff789688d82d03c1683d9c3891670c037d4d74	refs/tags/bonsai-0.8.1-alpha2501081029
2d5bc49ee0da6e45cbd9fc2ba42de4475c10f649	refs/tags/bonsai-0.8.1-alpha2501081554
84931fbbd2a1c2ee2c5076dce3329a7a55823585	refs/tags/bonsai-0.8.1-alpha2501090641
40dcfd450fafdff72eadcd4c88857ca40ac90698	refs/tags/bonsai-0.8.1-alpha2501090725
cf054e11a18dbe6ebf32bce93855c25c41308c15	refs/tags/bonsai-0.8.1-alpha2501091900
07bb7e68ddaefde0f50767ae1b8658d323dc0ba2	refs/tags/bonsai-0.8.1-alpha2501091914
1e448cb1709806b04bc289c49896ae1ee5366f65	refs/tags/bonsai-0.8.1-alpha2501100135
4a1422d2926a0f31005c970adebf0e31ed91459f	refs/tags/bonsai-0.8.1-alpha2501100313
4a1422d2926a0f31005c970adebf0e31ed91459f	refs/tags/bonsai-0.8.1-alpha2501100314
83add56e6c0a8ede3bf1dd7e76dfa69c22d5b7bd	refs/tags/bonsai-0.8.1-alpha2501100423
cac3d7f6997b40a97dc027b36c56f4e3980ba984	refs/tags/bonsai-0.8.1-alpha2501100600
0a32149be308583fc32565c3f6d69e4785889c46	refs/tags/bonsai-0.8.1-alpha2501100849
956b7dcb92a3f641bc5dcc036c09a752885c0f78	refs/tags/bonsai-0.8.1-alpha2501101051
d88adf2d02a93f11c25ab1a25c1fa2c41e459927	refs/tags/bonsai-0.8.1-alpha2501101148
2e7cbb759eb90ce166c2a964df34e420579710e9	refs/tags/bonsai-0.8.1-alpha2501110351
c446aab9a048b1eddf1cdb75e0b86e746f6620c2	refs/tags/bonsai-0.8.1-alpha2501110439
0a4ab32810973110e577ba5440a78a1fddc0124a	refs/tags/bonsai-0.8.1-alpha2501111338
8e77011dda56b7134f574782bf1c8030027f18b5	refs/tags/bonsai-0.8.1-alpha2501120445
ba9693519b8a3931c24894b0c9ae0b474cbef319	refs/tags/bonsai-0.8.1-alpha2501120605
293cd83a9c701ba3876c972dcd097bc871cbb927	refs/tags/bonsai-0.8.1-alpha2501120612
a2bfc006b741290614a730de67b55533091b8228	refs/tags/bonsai-0.8.1-alpha2501120625
59c1d7fa54cb6fd3a222d74aa00bf2988450b1cc	refs/tags/bonsai-0.8.1-alpha2501120639
59c1d7fa54cb6fd3a222d74aa00bf2988450b1cc	refs/tags/bonsai-0.8.1-alpha2501120642
79fe1bfcfc8aee0cf59e1f7363d595e61f054479	refs/tags/bonsai-0.8.1-alpha2501120646
03d3b1e52c107763b1f0e94fb38311b783838081	refs/tags/bonsai-0.8.1-alpha2501120652
2d38d8520c87b061eda5cc14297a47df55caf489	refs/tags/bonsai-0.8.1-alpha2501121048
0eb987fc0759c46c0a2babefe108442fe39d2ea0	refs/tags/bonsai-0.8.1-alpha2501121144
95fa6f39c4eb77f37a89bf90bbc3e5012cdab338	refs/tags/bonsai-0.8.1-alpha2501122348
316b9554d4930991b655dd83d6c6e188209051b7	refs/tags/bonsai-0.8.1-alpha2501130147
e29f686d3f2b46cd73977734ba9c7ffd1b536a72	refs/tags/bonsai-0.8.1-alpha2501130445
e29f686d3f2b46cd73977734ba9c7ffd1b536a72	refs/tags/bonsai-0.8.1-alpha2501130446
581a67465402c8fe527f2ba08c2d8c120d29664b	refs/tags/bonsai-0.8.1-alpha2501130701
1cd17fd5f819aeaca2b14ab4ea70fde1fd3bca98	refs/tags/bonsai-0.8.1-alpha2501130841
039dcbaefac047dd46aa7eb35b8050f81671902d	refs/tags/bonsai-0.8.1-alpha2501131104
ac315e8a55d82b9422a3e3a0d37671cc8bd071e3	refs/tags/bonsai-0.8.1-alpha2501131254
efede9eb037ec621b477cee3b2a5fa5f2722e13a	refs/tags/bonsai-0.8.1-alpha2501131314
228e9d0571c25642b176af1fe886031d1878fca7	refs/tags/bonsai-0.8.1-alpha2501132222
228e9d0571c25642b176af1fe886031d1878fca7	refs/tags/bonsai-0.8.1-alpha2501132223
e89d195f9bff9f2360778e7961ba3e53695d1746	refs/tags/bonsai-0.8.1-alpha2501132230
e89d195f9bff9f2360778e7961ba3e53695d1746	refs/tags/bonsai-0.8.1-alpha2501132231
9a77c94758c9b1f11844d7c471e6135fb36bbeba	refs/tags/bonsai-0.8.1-alpha2501140120
1ed770d4548c088b5f09cde748e0f7c42b3f5c0a	refs/tags/bonsai-0.8.1-alpha2501140237
48f534e7c18a0b9d52b9da588a77bf2624ce6885	refs/tags/bonsai-0.8.1-alpha2501140314
595a3b3f87a050a0b4288d11f55204e5f424dcb3	refs/tags/bonsai-0.8.1-alpha2501140322
ac2e69bd665a7fe75855707a872e57caba5282d2	refs/tags/bonsai-0.8.1-alpha2501140744
74ca86678a961b8a04c8dc30ac26ecd910016c48	refs/tags/bonsai-0.8.1-alpha2501141037
3f2f296d5fdd41ea64c4998180b729dfadcaea9f	refs/tags/bonsai-0.8.1-alpha2501141245
06e8e2b35c003b3e7bf9864a73bcd0bb24a4ad2d	refs/tags/bonsai-0.8.1-alpha2501150844
06e8e2b35c003b3e7bf9864a73bcd0bb24a4ad2d	refs/tags/bonsai-0.8.1-alpha2501150847
53906d824af05afd934eaa7be25c67c2f3055253	refs/tags/bonsai-0.8.1-alpha2501150948
7fdfdbf8b4dc166351dc09bbdd09db8a30012584	refs/tags/bonsai-0.8.1-alpha2501150957
65c99c57cdc09d8b32df805d35cf30198574d69f	refs/tags/bonsai-0.8.1-alpha2501151105
23b1a71cba6c29f412f05b5a6328eb6b9d73f75c	refs/tags/bonsai-0.8.1-alpha2501151342
3e879c6156888f71505ba2b2de2c012e2872c33b	refs/tags/bonsai-0.8.1-alpha2501151921
2fe4680ca1cdf5be6db233ef8142acf98a486040	refs/tags/bonsai-0.8.1-alpha2501161028
5b2243089dc8ab40de77a0ac78ac0dd34a4f0d96	refs/tags/bonsai-0.8.1-alpha2501161110
bd739f8bfda48da779bdc8205e10389ff4b9e285	refs/tags/bonsai-0.8.1-alpha2501161140
f50ae2faa5f216c50e33a0145f8d2fc2eb25e5df	refs/tags/bonsai-0.8.1-alpha2501161158
aeba2885e48a3e94f7abd704b54dcc93e736430e	refs/tags/bonsai-0.8.1-alpha2501161212
a63f67ad326eda92c49487a21480423ecf73c4ed	refs/tags/bonsai-0.8.1-alpha2501161219
521a8183e70b3c1c8e456e24f1a0dd59a20f39c9	refs/tags/bonsai-0.8.1-alpha2501161237
9e50c89c015d0eb8e7040883c5fda59ad373ac69	refs/tags/bonsai-0.8.1-alpha2501161331
e1da08579c29b5f37442d265c6b0f19028cdd6e1	refs/tags/bonsai-0.8.1-alpha2501170956
686a5e7387eab2e81968fd8b6d51a473d28744db	refs/tags/bonsai-0.8.1-alpha2501171025
7ee055f4f37e0adc13950337bd285b7d0f56fe46	refs/tags/bonsai-0.8.1-alpha2501171200
7ee055f4f37e0adc13950337bd285b7d0f56fe46	refs/tags/bonsai-0.8.1-alpha2501171203
a44439655ce22213010d7c816c87d4ffe290d362	refs/tags/bonsai-0.8.1-alpha2501171925
fd279234f30da654ce89fd55b765af0a40ab72eb	refs/tags/bonsai-0.8.1-alpha2501171941
1d03e916f39c41f5eaf52effedd7bc450eb1c205	refs/tags/bonsai-0.8.1-alpha2501172046
abd05e939a028c2a2bd69d3c60bd64b4d36d3076	refs/tags/bonsai-0.8.1-alpha2501180200
35734f4b670e9f8e9824dc0332ba88dc713f9843	refs/tags/bonsai-0.8.1-alpha2501180735
a12427e44ad6da1e1ab166cdce7a1c7baee60953	refs/tags/bonsai-0.8.1-alpha2501181014
34a2d9552434bc6ca25f48f80e0952e9f3cb6fac	refs/tags/bonsai-0.8.1-alpha2501181023
8c746b1a2c9289cd9a432e74dc61ba2d84d14f9a	refs/tags/bonsai-0.8.1-alpha2501181330
a57a0eb4eb22c6c8b6a366181b8e28a5dd550088	refs/tags/bonsai-0.8.1-alpha2501181409
864eeb42e9a3a26b8a777f47d83c84ff75521469	refs/tags/bonsai-0.8.1-alpha2501181817
b54741dd0b0214389d51cb60c05e5c8646e67ba5	refs/tags/bonsai-0.8.1-alpha2501181919
ec55c8183f94895e0b3edda0eae0ea0d72ed397f	refs/tags/bonsai-0.8.1-alpha2501182003
4152641d1f4cb4d99a3819db9088319723bc1725	refs/tags/bonsai-0.8.1-alpha2501182119
046f7cbfd2ed367d2a74baa1906e31d5d374b2b5	refs/tags/bonsai-0.8.1-alpha2501190255
0b46a31c257cd5e1d0e80c36286d5b2a1ea74366	refs/tags/bonsai-0.8.1-alpha2501190558
2d811a6786baef3af9de5c06191cf553a60b4c5e	refs/tags/bonsai-0.8.1-alpha2501190610
c17febac0c13d42925ee45e5246260dbfc74c819	refs/tags/bonsai-0.8.1-alpha2501190618
f86e4140556d9a1f1ec6b52830eb1282521e7218	refs/tags/bonsai-0.8.1-alpha2501191039
5c058dff3ee88ced7fa1938659008ec36c785901	refs/tags/bonsai-0.8.1-alpha2501191050
5769c0d442b9a979bc1bbcfb34167f840a073ce3	refs/tags/bonsai-0.8.1-alpha2501191326
6af19bc98d34607d0d9a8e35c6c32df3973d736c	refs/tags/bonsai-0.8.1-alpha2501200024
6af19bc98d34607d0d9a8e35c6c32df3973d736c	refs/tags/bonsai-0.8.1-alpha2501200025
193ff1cd0c3b03780bef5367a0645530026d655f	refs/tags/bonsai-0.8.1-alpha2501200116
651c24bbfec735be2491cbc8e7b97f3630ea3850	refs/tags/bonsai-0.8.1-alpha2501200301
942c3fec87f5b10f47fb93228f493a488fa97237	refs/tags/bonsai-0.8.1-alpha2501200336
ebdfe2bccd264deb78fda1ccfa64b09b63d3260a	refs/tags/bonsai-0.8.1-alpha2501200618
13b93a9ea89b7d8994f2311adfe0fd0018793b94	refs/tags/bonsai-0.8.1-alpha2501200815
3ad247b9a7a8e97895ac5eca8b5df432feb07f93	refs/tags/bonsai-0.8.1-alpha2501201013
3ffc0bc39c4a6bbc0865722215d3eecb1a686fde	refs/tags/bonsai-0.8.1-alpha2501201125
7b62b035c9cd6099b256740d69347446e793dc20	refs/tags/bonsai-0.8.1-alpha2501201250
704bb27cf57f5cc58cffd83e15b853603a8a2560	refs/tags/bonsai-0.8.1-alpha2501201326
5649708ca48c0be0986b5f92524737127296e988	refs/tags/bonsai-0.8.1-alpha2501201356
5649708ca48c0be0986b5f92524737127296e988	refs/tags/bonsai-0.8.1-alpha2501201357
5e930972d669af3e2270ea81aafa0122db201029	refs/tags/bonsai-0.8.1-alpha2501201432
5e930972d669af3e2270ea81aafa0122db201029	refs/tags/bonsai-0.8.1-alpha2501201433
5e930972d669af3e2270ea81aafa0122db201029	refs/tags/bonsai-0.8.1-alpha2501201434
290849d43a2c3b9418ba0bc44a80fcbccd175ce6	refs/tags/bonsai-0.8.1-alpha2501201759
ee0adf2fff80631e2cdb753b1652de01be93d839	refs/tags/bonsai-0.8.1-alpha2501202325
7de8427a2854a33f535af29d9682148ef525c091	refs/tags/bonsai-0.8.1-alpha2501210006
bced62bd5c6615ec1ff8c3a6af3334e469e5f9fa	refs/tags/bonsai-0.8.1-alpha2501211229
bb1ec569bc163753969234f0577d8dc97e2737bf	refs/tags/bonsai-0.8.1-alpha2501211232
82fbec68d1773e01cc46437c5e1f5f05bdc002f7	refs/tags/bonsai-0.8.1-alpha2501211253
fc58b1769c29b84365e4c46ad516eb6da6835344	refs/tags/bonsai-0.8.1-alpha2501211257
325d6138d36663455d58582ea09a4a502713f479	refs/tags/bonsai-0.8.1-alpha2501211311
c72f17068c2fc8431d94312a759f0f15356bc890	refs/tags/bonsai-0.8.1-alpha2501211451
06f25b984682f49dc889361d4862bad9956520da	refs/tags/bonsai-0.8.1-alpha2501220651
4adca79301a51e5ee0778af782c93ce94a840ecd	refs/tags/bonsai-0.8.1-alpha2501221136
3dfc7097b2d7f6a10d19e68aebffd69de90d22c7	refs/tags/bonsai-0.8.1-alpha2501221155
b812d21282b39759ddb1abc0be6484e1cd88ef13	refs/tags/bonsai-0.8.1-alpha2501221408
5c3045b4dbfcf45caea1822fe0274a6c4606a040	refs/tags/bonsai-0.8.1-alpha2501221546
35d279165774ce1d3df54f2743e9562bc5fbaf06	refs/tags/bonsai-0.8.1-alpha2501230929
adff44febdfbbea3b15c89a1543fa164bb61ce77	refs/tags/bonsai-0.8.1-alpha2501230944
e2f10a5784eea6475a93361cc1af3f24feaee38f	refs/tags/bonsai-0.8.1-alpha2501230955
b7e4904905574cd5f4edb7a008251fabff1da270	refs/tags/bonsai-0.8.1-alpha2501231151
c6b64baccb9d2aab458bb96e45b7c7717711dec6	refs/tags/bonsai-0.8.1-alpha2501231211
d8342134a07e08d6adef279d1343afde162e0460	refs/tags/bonsai-0.8.1-alpha2501231232
f67e3f35c717e36877f9935abe71c8b594b2f6ba	refs/tags/bonsai-0.8.1-alpha2501231315
4aff6ac84249ff56d1010126e52e08c09230aab6	refs/tags/bonsai-0.8.1-alpha2501231422
fa174feaaeecf13e242f055b82f1912331c7a770	refs/tags/bonsai-0.8.1-alpha2501231834
1083651d0ae9d81b4b10545c9a98970b11e9a2f7	refs/tags/bonsai-0.8.1-alpha2501232247
1083651d0ae9d81b4b10545c9a98970b11e9a2f7	refs/tags/bonsai-0.8.1-alpha2501232250
2ec7882c57b893c7bff623186fa00d451a709bf4	refs/tags/bonsai-0.8.1-alpha2501232258
f1187e33d9e3f0e49ef1dd9a12d762bb3ae7ded5	refs/tags/bonsai-0.8.1-alpha2501240536
755d178b6b4a3b65de1da095ff810229f063ea16	refs/tags/bonsai-0.8.1-alpha2501240629
35d20e649de1e2026be496989749e30412462e98	refs/tags/bonsai-0.8.1-alpha2501240758
fbab13339c5220bcbd7a03b4ee521124a974f06f	refs/tags/bonsai-0.8.1-alpha2501241346
8b3bf8200fdfe12de75fad6791d7bc0b072534cf	refs/tags/bonsai-0.8.1-alpha2501241941
5fbb496818195abd171d4cc12a2fa338ae043efb	refs/tags/bonsai-0.8.1-alpha2501241946
38835a4092700ec54b584a1171115c2b626e0afa	refs/tags/bonsai-0.8.1-alpha2501250312
83368d7ee194e1cf6c2eacc3bbb5ae7d10ac55bf	refs/tags/bonsai-0.8.1-alpha2501250420
eab527e7a2762333c65172ee91ffff429eff57a7	refs/tags/bonsai-0.8.1-alpha2501250459
2c531501c3b839da8d59c7e7b752f12a6f8c9657	refs/tags/bonsai-0.8.1-alpha2501250537
75c650512175b8e800b28910af115223e10e747c	refs/tags/bonsai-0.8.1-alpha2501250943
c49ca699ebe1906109765698ec9ff1f922b111ea	refs/tags/bonsai-0.8.1-alpha2501251040
2b1a59a4f891ca9cce719aeb0408c5c44efb5563	refs/tags/bonsai-0.8.1-alpha2501251906
ecd72912aa4412ae7ba6dfb0bec4200bc3f2b761	refs/tags/bonsai-0.8.1-alpha2501260805
ecd72912aa4412ae7ba6dfb0bec4200bc3f2b761	refs/tags/bonsai-0.8.1-alpha2501260807
4af6c243149a7a478d91fd9d293fcff3e1df6928	refs/tags/bonsai-0.8.1-alpha2501261011
c0aaebcbe96239d9db074e0596279886a1dc0edc	refs/tags/bonsai-0.8.1-alpha2501270323
3582dc43d945c16a3ff1ff66e7c8c0c7f7cbdc09	refs/tags/bonsai-0.8.1-alpha2501270340
559db259a3333293fe50f0c085f0c112c0dd6782	refs/tags/bonsai-0.8.1-alpha2501270614
c4dbbe85fcb9a35c86edf0fd021203b81f155e5c	refs/tags/bonsai-0.8.1-alpha2501270941
378086ac7bceb34c4f2f2744c5e1bd938500f857	refs/tags/bonsai-0.8.1-alpha2501271157
ff4d3adf0bfd678307d3d8f1fb2abf06d503d8f6	refs/tags/bonsai-0.8.1-alpha2501271253
a4a52d6576808ad21312902224524e9e0176fa15	refs/tags/bonsai-0.8.1-alpha2501271820
818ad536af7c472dfc67461c789fae3cff7ccc60	refs/tags/bonsai-0.8.1-alpha2501272150
562c32b96ed8a75afd94244d629982f5b8d99c94	refs/tags/bonsai-0.8.1-alpha2501272159
4d052ba8646d5109c23bd25f23c4c2b20b100df1	refs/tags/bonsai-0.8.1-alpha2501272333
8e29e7cdee51549d0b6b04a314952e83abfd4817	refs/tags/bonsai-0.8.1-alpha2501272346
5300f4c78fefae204b57bb17c92b091249941c8e	refs/tags/bonsai-0.8.1-alpha2501272355
03bfd828e2976a8fddbfaa03ef69e8a1ac5be450	refs/tags/bonsai-0.8.1-alpha2501280318
693244e20ec46adb4b429fa7b031043ea375df3c	refs/tags/bonsai-0.8.1-alpha2501280633
7bfe844d5321790ec18be6ce72f88407c7a5f654	refs/tags/bonsai-0.8.1-alpha2501281024
ab0549daa622f710e0a58dc17eb131e03222cebc	refs/tags/bonsai-0.8.1-alpha2501281449
d9903e93f22783ae3aa00b1da954e51eee3b13a1	refs/tags/bonsai-0.8.1-alpha2501281914
87c7309724740752ed7f62f57003af515bbc8be7	refs/tags/bonsai-0.8.1-alpha2501281942
c2c2d2d8f3922cae2e39dc5a33ba717e44405fda	refs/tags/bonsai-0.8.1-alpha2501282041
1b3b74127aefd9f338bdc9633a1dec25513fac11	refs/tags/bonsai-0.8.1-alpha2501282046
1b3b74127aefd9f338bdc9633a1dec25513fac11	refs/tags/bonsai-0.8.1-alpha2501282047
84392f1457385abc3a3797eed57c6015a171fd2c	refs/tags/bonsai-0.8.1-alpha2501282121
c2b00e09cf8fcd4bed9f156acecf9ac8b6e1528f	refs/tags/bonsai-0.8.1-alpha2501290856
a9abf1e993a97e744fbecfe4e333454245d05724	refs/tags/bonsai-0.8.1-alpha2501291032
5d3dc845562fc3893ea862d1d8b39b9ac36f1dc0	refs/tags/bonsai-0.8.1-alpha2501291038
871710a0aa9ad42883a6bee98d846b2754ab4d2d	refs/tags/bonsai-0.8.1-alpha2501291103
0599138bca038b72fcd8e4f15f53db7723976b1f	refs/tags/bonsai-0.8.1-alpha2501291227
1d6e560b4fd48014dda4ab566524f31b2ca04528	refs/tags/bonsai-0.8.1-alpha2501291316
2e70544bb859b764c3a462ef0bf4d86a4885f8bf	refs/tags/bonsai-0.8.1-alpha2501291702
d6443e46f662bef92cf24c2253a7619472fe6d34	refs/tags/bonsai-0.8.1-alpha2501292108
15d43e91668e8b68c1e50f1d76991c31c4ae0041	refs/tags/bonsai-0.8.1-alpha2501300608
e4358635006ed4ebd62eb150759e2edd396804ec	refs/tags/bonsai-0.8.1-alpha2501300632
838e22d27caaf5b3f3bca7d6dbf8398e721a707f	refs/tags/bonsai-0.8.1-alpha2501300646
838e22d27caaf5b3f3bca7d6dbf8398e721a707f	refs/tags/bonsai-0.8.1-alpha2501300647
abec29af7fcc3bc4220f713999fbe24bf4186a3e	refs/tags/bonsai-0.8.1-alpha2501300659
4e17a2d6ded5a9c997a6a9ce437753aae315097c	refs/tags/bonsai-0.8.1-alpha2501300745
2ad48aba36b45d7ad386112931eaca837b42a872	refs/tags/bonsai-0.8.1-alpha2501300755
2570864f58f1cc7ee11a3ca5dbc51e86cbb8f35a	refs/tags/bonsai-0.8.1-alpha2501300817
af29f264a8dcde9caaf11f15e18bd79091bc8b8a	refs/tags/bonsai-0.8.1-alpha2501300843
d010d4e1b5ca4ac0be69a9e0f511f11b67437d7e	refs/tags/bonsai-0.8.1-alpha2501300852
d010d4e1b5ca4ac0be69a9e0f511f11b67437d7e	refs/tags/bonsai-0.8.1-alpha2501300853
553872ced2e4fdd944c92d39a6fa6b783282ecbf	refs/tags/bonsai-0.8.1-alpha2501301108
919df92888e3fbd9ff1d6c910751eeb2796ea930	refs/tags/bonsai-0.8.1-alpha2501301213
089f15a5cc7d5d7712ccc1e328b9695a98bdd0b8	refs/tags/bonsai-0.8.1-alpha2501311037
d6d1f7714f928b91697caa608ef1b97672dc4f13	refs/tags/bonsai-0.8.1-alpha2501311324
79e4ba5b1999b34c8d0ef096341e12c58ef430fd	refs/tags/bonsai-0.8.1-alpha2501311346
1680c3135a50e2ac1a45e7c9e28c94afdf36be59	refs/tags/bonsai-0.8.1-alpha2501311507
f377d794a0fe10cd8aee2595c7acc8164e6aa0df	refs/tags/bonsai-0.8.1-alpha2502010516
f377d794a0fe10cd8aee2595c7acc8164e6aa0df	refs/tags/bonsai-0.8.1-alpha2502010518
f377d794a0fe10cd8aee2595c7acc8164e6aa0df	refs/tags/bonsai-0.8.1-alpha2502010519
ea85a4247ac05549ba245647e30fde55dad69b4a	refs/tags/bonsai-0.8.1-alpha2502010542
be6a4de6f05ed55a7f0454bb5799f5e39790cb1e	refs/tags/bonsai-0.8.1-alpha2502020606
f3f7510b48259f126b5c72b002fd4f585d4bd411	refs/tags/bonsai-0.8.1-alpha2502030136
0f0578e1c5971fae3043b3abc3f02100a7c9ef34	refs/tags/bonsai-0.8.1-alpha2502030436
0f0578e1c5971fae3043b3abc3f02100a7c9ef34	refs/tags/bonsai-0.8.1-alpha2502030438
50ed75635344c838d0df0870812da94d94c4ce7f	refs/tags/bonsai-0.8.1-alpha2502030505
c5185aaf547b79e731fb43afd9712df20e818569	refs/tags/bonsai-0.8.1-alpha2502030533
305b4c27b523c9a6ce39e57e06d3421f6505a4c6	refs/tags/bonsai-0.8.1-alpha2502030646
305b4c27b523c9a6ce39e57e06d3421f6505a4c6	refs/tags/bonsai-0.8.1-alpha2502030647
be4f6ac222fb151cf1baf8b94a943798914a86e7	refs/tags/bonsai-0.8.1-alpha2502030744
be4f6ac222fb151cf1baf8b94a943798914a86e7	refs/tags/bonsai-0.8.1-alpha2502030745
12d1fd221ddcd02063d1bd5aa9658bdf7fcdc01c	refs/tags/bonsai-0.8.1-alpha2502030846
8c47f2a72fb469c246c6150bf99fbbbbdef1c61a	refs/tags/bonsai-0.8.1-alpha2502031140
2f2072cf7f3da7b5e30449e0c216498032ec2c98	refs/tags/bonsai-0.8.1-alpha2502031200
5159a692258734ea981e4278e76496dcd71e53cd	refs/tags/bonsai-0.8.1-alpha2502031207
88af3eb1a6742e8b5504d9412e5a5ceae2658e60	refs/tags/bonsai-0.8.1-alpha2502031230
00eff23b74034099544aa3b5fd491f0441441cd7	refs/tags/bonsai-0.8.1-alpha2502031243
0c41f0c32ce7caa50adec15dc7792b0cd87186da	refs/tags/bonsai-0.8.1-alpha2502040236
f0f2dda40e064c61549bc22903aceecc31100491	refs/tags/bonsai-0.8.1-alpha2502040323
bd2c3a0ca190e2263dab0bef8769a55749edded1	refs/tags/bonsai-0.8.1-alpha2502040604
bd2c3a0ca190e2263dab0bef8769a55749edded1	refs/tags/bonsai-0.8.1-alpha2502040605
ae11f205f352d0ce29b1398a22ca390241c37701	refs/tags/bonsai-0.8.1-alpha2502041240
55b9c7d6bfca5c7069365071e3cf0c78ab54165a	refs/tags/bonsai-0.8.1-alpha2502050311
590c2e120cdd31c784ee066e9a76e0b127ad5480	refs/tags/bonsai-0.8.1-alpha2502050617
f457ce8270b5ab98d6027ce3053ad7b863c2a1f1	refs/tags/bonsai-0.8.1-alpha2502050751
a92306d41391265d95043b63f07eba560e1c24a0	refs/tags/bonsai-0.8.1-alpha2502050928
a92306d41391265d95043b63f07eba560e1c24a0	refs/tags/bonsai-0.8.1-alpha2502051131
c16894cabf48a2b9ae6caa3e2fd7295b2623210f	refs/tags/bonsai-0.8.1-alpha2502051327
23efb09ba639d5b3cf0ef6b001a2d473857428f0	refs/tags/bonsai-0.8.1-alpha2502052247
b7fb5c90bca22fde6aea1a69deccda4b00473a1b	refs/tags/bonsai-0.8.1-alpha2502060623
b7fb5c90bca22fde6aea1a69deccda4b00473a1b	refs/tags/bonsai-0.8.1-alpha2502060914
b7fb5c90bca22fde6aea1a69deccda4b00473a1b	refs/tags/bonsai-0.8.1-alpha2502060923
b7fb5c90bca22fde6aea1a69deccda4b00473a1b	refs/tags/bonsai-0.8.1-alpha2502060948
b7fb5c90bca22fde6aea1a69deccda4b00473a1b	refs/tags/bonsai-0.8.1-alpha2502060956
b7fb5c90bca22fde6aea1a69deccda4b00473a1b	refs/tags/bonsai-0.8.1-alpha2502061003
b7fb5c90bca22fde6aea1a69deccda4b00473a1b	refs/tags/bonsai-0.8.1-alpha2502061011
b7fb5c90bca22fde6aea1a69deccda4b00473a1b	refs/tags/bonsai-0.8.1-alpha2502061020
b7fb5c90bca22fde6aea1a69deccda4b00473a1b	refs/tags/bonsai-0.8.1-alpha2502061027
38e6f09c9150f82d4061aeaaa5227e03d609d5d0	refs/tags/bonsai-0.8.1-alpha2502061326
4c255cca43d2ebf2c938c6565a50fee3b9d4de60	refs/tags/bonsai-0.8.1-alpha2502070135
3aa4fa580bc31bec5c4e9117fb30fc0848677418	refs/tags/bonsai-0.8.1-alpha2502070139
0d3245102f04143263ef119826c7b24c170a653c	refs/tags/bonsai-0.8.1-alpha2502070212
c40d21d9456be04aad3d97831e436134e913c012	refs/tags/bonsai-0.8.1-alpha2502070219
c40d21d9456be04aad3d97831e436134e913c012	refs/tags/bonsai-0.8.1-alpha2502070220
f09002c7e2fd7ec1a1a1568dfd60c433d4253fc1	refs/tags/bonsai-0.8.1-alpha2502070559
bb46a1659d9c8a1cf3d506c59e1458998662d55e	refs/tags/bonsai-0.8.1-alpha2502070619
2cc4f96b7f880b7677dea139dc10b60011f3f2c9	refs/tags/bonsai-0.8.1-alpha2502071103
f11d79f8c1c06b9672b1cdccb3c2fb741608bbc5	refs/tags/bonsai-0.8.1-alpha2502071140
49c3a554569d3c42ff559ff486a4315a0c0a7f50	refs/tags/bonsai-0.8.1-alpha2502071234
7bc1992963190ebc3a619c71b8a386b4572ffa53	refs/tags/bonsai-0.8.1-alpha2502071253
fcee54c572193309d52432c607048d263b814c0c	refs/tags/bonsai-0.8.1-alpha2502071322
1e58a517a0302028c6f028a59c3736e4575918c2	refs/tags/bonsai-0.8.1-alpha2502072051
59dd105e9965801332e6f5ff8a679edd4e2e97cf	refs/tags/bonsai-0.8.1-alpha2502072052
59dd105e9965801332e6f5ff8a679edd4e2e97cf	refs/tags/bonsai-0.8.1-alpha2502072055
eabdb5d281a9bc9beb6857ea2ee5384ea50d2521	refs/tags/bonsai-0.8.1-alpha2502080539
5db6738ac28ceee3e536c2d562526f9a18c007f6	refs/tags/bonsai-0.8.1-alpha2502080828
da1c92c42b516f393fb2e9043d657ab32169d217	refs/tags/bonsai-0.8.1-alpha2502090353
da1c92c42b516f393fb2e9043d657ab32169d217	refs/tags/bonsai-0.8.1-alpha2502090354
ecee3781e42c22fc307ac1dbb265d7e10c581b27	refs/tags/bonsai-0.8.2
cb027c80f9654be8907dc3b0aec24a927f868f8b	refs/tags/bonsai-0.8.2-alpha2502100006
11c6b55f7c1e57dec568d57e0928ed2cc235ad6e	refs/tags/bonsai-0.8.2-alpha2502100627
e1c49ad3176640c4f5595aad8babf66c8c175561	refs/tags/bonsai-0.8.2-alpha2502101213
e1c49ad3176640c4f5595aad8babf66c8c175561	refs/tags/bonsai-0.8.2-alpha2502101214
875dd37579626763bc10489543eeb12bbb480434	refs/tags/bonsai-0.8.2-alpha2502101242
77f9dbf4f01a03e5946bdcef3b0e6d535b69551d	refs/tags/bonsai-0.8.2-alpha2502101412
21562d7e7deaaa41f3e57b49cbb6ff64e90ce5ec	refs/tags/bonsai-0.8.2-alpha2502110707
1f83b4f7a0648fda4d2e475c5bb37d863fbfc8aa	refs/tags/bonsai-0.8.2-alpha2502110755
53cf1ee0a1b42513da21472133f99e4cd2a19f61	refs/tags/bonsai-0.8.2-alpha2502110904
2f4c3de92de0813be30ce884a19635953ccdaf7b	refs/tags/bonsai-0.8.2-alpha2502111031
2f4c3de92de0813be30ce884a19635953ccdaf7b	refs/tags/bonsai-0.8.2-alpha2502111032
57d7d83ebbe3a0b86f283f90deb49bbec72fb6ec	refs/tags/bonsai-0.8.2-alpha2502111150
f6087613f06a1e36f970dedab276960739e87727	refs/tags/bonsai-0.8.2-alpha2502111315
06c6fa5dff1d1b3515f730b290adabbb4e34ad27	refs/tags/bonsai-0.8.2-alpha2502111334
aef972a51899622c6e238668b2e37817ffda0303	refs/tags/bonsai-0.8.2-alpha2502111532
24b4be3ea148579bf84dffc5632b45f1059cb878	refs/tags/bonsai-0.8.2-alpha2502112140
1e08a71c5ae982061e79fc70c86866db6ba95c01	refs/tags/bonsai-0.8.2-alpha2502120432
f24de9d3840b7046cfcf098fcb35a17e6f148cbd	refs/tags/bonsai-0.8.2-alpha2502120437
3e1710c6fc5e9a58558a35286859a5bf7c1b6ceb	refs/tags/bonsai-0.8.2-alpha2502121254
ba2456ad364a77db076090744bbec931cb61fccb	refs/tags/bonsai-0.8.2-alpha2502121340
f6c6cc9a1bfd93e75912d0292b008cba930d49c2	refs/tags/bonsai-0.8.2-alpha2502122036
1e946fd98e1f7739d43c3c310a23aa4c0b1713f6	refs/tags/bonsai-0.8.2-alpha2502130208
2d54a48f8e6e5124299b2963351c5eb57964dbeb	refs/tags/bonsai-0.8.2-alpha2502130818
b88fd964bc2e4344a9cea1ec55ec2f48dba0102f	refs/tags/bonsai-0.8.2-alpha2502131403
5fe87bf5aa6c0be7f2f14a29669d3fe4cd3677f9	refs/tags/bonsai-0.8.2-alpha2502131752
fb4ad5290f34119bbb0d942de6ddf97c5e93911c	refs/tags/bonsai-0.8.2-alpha2502132022
768bf17b050c16944659054f2d446aaca6c82e98	refs/tags/bonsai-0.8.2-alpha2502132127
3832077d0f0f42707ee85f75e04014645a0efa52	refs/tags/bonsai-0.8.2-alpha2502140206
3e1d1bf7fa1fc4e2e4f17b6158e4044e780dbf5b	refs/tags/bonsai-0.8.2-alpha2502141252
a0fa861b92637bcb4c6a434af21ee385d4f88756	refs/tags/bonsai-0.8.2-alpha2502150510
d23cfcb2cfab6b556d0ee9675e17386114ed4764	refs/tags/bonsai-0.8.2-alpha2502150731
d23cfcb2cfab6b556d0ee9675e17386114ed4764	refs/tags/bonsai-0.8.2-alpha2502150732
6ac6f13018191b39c8440bfc480298e9944359cc	refs/tags/bonsai-0.8.2-alpha2502150804
6ac6f13018191b39c8440bfc480298e9944359cc	refs/tags/bonsai-0.8.2-alpha2502150805
aff90e89f732eb1b9b4bddb24c1caf75903fa966	refs/tags/bonsai-0.8.2-alpha2502152047
774a770c4897d17d3b9b22b60e2944f20c22a702	refs/tags/bonsai-0.8.2-alpha2502152121
b226a79ee8b71deda8699ecd9384b7c5b76c4edc	refs/tags/bonsai-0.8.2-alpha2502160049
9f453d54d89f98a11dc1ac9c38a12c4d1e165ce3	refs/tags/bonsai-0.8.2-alpha2502160443
8f261be338b8b585743fa4078fcf62787211587c	refs/tags/bonsai-0.8.2-alpha2502160609
5d8c2f2ec2edfcf56d75dd7a45e5ace0dc3ef66b	refs/tags/bonsai-0.8.2-alpha2502171305
c609aea1de6e4bcfeda124ce95ee6f8a89616dec	refs/tags/bonsai-0.8.2-alpha2502171947
a8960957c00b5b9e927bd5109ee0bbbd390f8998	refs/tags/bonsai-0.8.2-alpha2502172009
a8960957c00b5b9e927bd5109ee0bbbd390f8998	refs/tags/bonsai-0.8.2-alpha2502172010
693f7c5397f150f27176f5e2a724dbfe60522fa4	refs/tags/bonsai-0.8.2-alpha2502172104
c79020aeabcfe8e92f9132fc9ee8052dc0eed3f8	refs/tags/bonsai-0.8.2-alpha2502180536
1e3ddce5c260484cc9f7a205805ff40bef1a9a18	refs/tags/bonsai-0.8.2-alpha2502180739
7ca2c043b5ab4427f35e369ce88d84f3c4b8a241	refs/tags/bonsai-0.8.2-alpha2502180938
37baa7a57b5896834bc67a70f510ef730f515b04	refs/tags/bonsai-0.8.2-alpha2502180945
4efb79e472b0e303c46aaf5cdd3e5cd06d6af085	refs/tags/bonsai-0.8.2-alpha2502181351
f11e09c7d88200ffc9815fa3bd31274c21061447	refs/tags/bonsai-0.8.2-alpha2502182237
a8efd53d6b0843b940b043e3eef654fef13e65e4	refs/tags/bonsai-0.8.2-alpha2502190541
ee0599e263cbd3388addbbba8ab78af0cf8f1f7c	refs/tags/bonsai-0.8.2-alpha2502190645
deb0a46acbe4a6a62de4b6cdbd5febb28ff69ab2	refs/tags/bonsai-0.8.2-alpha2502190653
6c511f6b1b43998981f972477c6000317dbf47a9	refs/tags/bonsai-0.8.2-alpha2502191254
6c511f6b1b43998981f972477c6000317dbf47a9	refs/tags/bonsai-0.8.2-alpha2502191255
6c511f6b1b43998981f972477c6000317dbf47a9	refs/tags/bonsai-0.8.2-alpha2502191305
4bb32b252df74ea99cb3b0d361bb1c802f124a6f	refs/tags/bonsai-0.8.2-alpha2502191332
f4d101788d116f92bdc47e4c4204d09906e5e170	refs/tags/bonsai-0.8.2-alpha2502200819
a82611580382016f80551ca82c038ad9aa88b4b2	refs/tags/bonsai-0.8.2-alpha2502200933
174f909137216b5092406170576b79fcf80a1907	refs/tags/bonsai-0.8.2-alpha2502201201
b19ece18c63478491ad19d93d0a130ab82a8fcb6	refs/tags/bonsai-0.8.2-alpha2502201220
b19ece18c63478491ad19d93d0a130ab82a8fcb6	refs/tags/bonsai-0.8.2-alpha2502201222
25d8fff5fdd8c282e695feb8275cd72bcae02730	refs/tags/bonsai-0.8.2-alpha2502201413
9f0d408e79cd3fcdb0ff5b08c65c407fd3e6319c	refs/tags/bonsai-0.8.2-alpha2502202147
c11060b46aa1754162e7c117eaa64613c85a61ff	refs/tags/bonsai-0.8.2-alpha2502210016
0f92c2d26b296c49c127cc8a532fcf7d6e509f88	refs/tags/bonsai-0.8.2-alpha2502210123
fed8c2162583f25ea54972cfdcabb66df2153312	refs/tags/bonsai-0.8.2-alpha2502210155
69535c53e096cf06c733dbe096d3cae5646db357	refs/tags/bonsai-0.8.2-alpha2502211233
894c05e13871169d479b961c5e10cd8a08aaa9eb	refs/tags/bonsai-0.8.2-alpha2502211346
c549dea943b509f02e46c3cabf83bc9d572c4cad	refs/tags/bonsai-0.8.2-alpha2502220901
8c16f394c14ae5c7317f5fcd2da5e643ecf47d26	refs/tags/bonsai-0.8.2-alpha2502230028
23158b1b7e96a57cc42b759a7630a2c8f7f3b0a0	refs/tags/bonsai-0.8.2-alpha2502230103
b42c3ba8c20ceff815e5e10c5c1defedaefa96a9	refs/tags/bonsai-0.8.2-alpha2502230628
29a890662e06dc492f9ac898a5d84ee654c0a9cb	refs/tags/bonsai-0.8.2-alpha2502230731
973c9e2ec9ee0e47544750e4e09dfb1935d52378	refs/tags/bonsai-0.8.2-alpha2502230759
365393aa0747ec503576fe673a914d9d22e2a623	refs/tags/bonsai-0.8.2-alpha2502240902
ee8a3927b431371667995d7cd1531c8c61f91000	refs/tags/bonsai-0.8.2-alpha2502240921
7d040c21ee753ad6a2feb8556ebf2ccbaf833856	refs/tags/bonsai-0.8.2-alpha2502240958
76277c35d2fc978fb603d0cf709d49973eb175dd	refs/tags/bonsai-0.8.2-alpha2502241001
57d6e9b544ac89f743b7e740667e7396bd6227e3	refs/tags/bonsai-0.8.2-alpha2502241032
e06684e2741ad1e7df3b5ce9ed7aa88c0e1af7dd	refs/tags/bonsai-0.8.2-alpha2502241147
899ada0019334461e47440e1d02221d0fb59932b	refs/tags/bonsai-0.8.2-alpha2502241353
899ada0019334461e47440e1d02221d0fb59932b	refs/tags/bonsai-0.8.2-alpha2502241354
899ada0019334461e47440e1d02221d0fb59932b	refs/tags/bonsai-0.8.2-alpha2502241356
0bd4451ce9ae68ff6a80f2a6f5eef4fa7bdd461f	refs/tags/bonsai-0.8.2-alpha2502241432
ea274588b03726b0e9a37bc0ee5495df67cce8ba	refs/tags/bonsai-0.8.2-alpha2502242347
6de409031eeda91824c11d59b05c8f9df4f5afb9	refs/tags/bonsai-0.8.2-alpha2502250921
f8ec8402fed463a2d8213761baba529e41e078ed	refs/tags/bonsai-0.8.2-alpha2502251329
a20a8a68a6b6ccfba87de63281f4877b726e0e52	refs/tags/bonsai-0.8.2-alpha2502251333
0104a2cc9f6393a88c0701f4f12d7cfaf202bab1	refs/tags/bonsai-0.8.2-alpha2502252107
cfb7d026d1f4818de7cd5a4c30da8278b77aa751	refs/tags/bonsai-0.8.2-alpha2502260713
cfb7d026d1f4818de7cd5a4c30da8278b77aa751	refs/tags/bonsai-0.8.2-alpha2502260714
2d0bd9782a4795a04434c442e9d7b6712d0fbe9a	refs/tags/bonsai-0.8.2-alpha2502261307
62d53ba62d3a99a5d7f55fe462b38c700b7e30af	refs/tags/bonsai-0.8.2-alpha2502271336
62d53ba62d3a99a5d7f55fe462b38c700b7e30af	refs/tags/bonsai-0.8.2-alpha2502280556
62d53ba62d3a99a5d7f55fe462b38c700b7e30af	refs/tags/bonsai-0.8.2-alpha2502280618
06fa2b05d68b83dcff3f105d9e86eea4255b31a3	refs/tags/bonsai-0.8.2-alpha2502281331
134a480b035802baebd4a3dddae033efc02a3b8d	refs/tags/bonsai-0.8.2-alpha2502281602
43931e951e054e23d1769f1d9bdea9275cfb89d8	refs/tags/bonsai-0.8.2-alpha2502281622
efc6842a9d4081884df026e78450b90b96a23b50	refs/tags/bonsai-0.8.2-alpha2502281644
f4b0fe6560b9d7da170c1276008061ea14014600	refs/tags/bonsai-0.8.2-alpha2502281653
945099b817c6dd646626dd678844ede80bfb69f4	refs/tags/bonsai-0.8.2-alpha2503020005
e240ae2669f6e87e2df1c4d2a51cb44472427664	refs/tags/bonsai-0.8.2-alpha2503021127
c1efdbb8ea82ed1b905e462704480431e20f3431	refs/tags/bonsai-0.8.2-alpha2503021139
99c49736fa51d23e2a6161a09c98041e20d6291c	refs/tags/bonsai-0.8.2-alpha2503021632
48bce57a651da35fee0ee2b1dd067f279e423e00	refs/tags/bonsai-0.8.2-alpha2503030851
48bce57a651da35fee0ee2b1dd067f279e423e00	refs/tags/bonsai-0.8.2-alpha2503030853
48bce57a651da35fee0ee2b1dd067f279e423e00	refs/tags/bonsai-0.8.2-alpha2503030854
5f86c6d1c2e4fbcd50939ca17062414d172e3578	refs/tags/bonsai-0.8.2-alpha2503030857
5f86c6d1c2e4fbcd50939ca17062414d172e3578	refs/tags/bonsai-0.8.2-alpha2503030859
3fc312752bb641b12c668a11d10bcb8865ee2bc8	refs/tags/bonsai-0.8.2-alpha2503041311
7c6e124fe90c89dc6cb5636c3bcc4c8320d493ec	refs/tags/bonsai-0.8.2-alpha2503051111
2c16839de7005ec15c94320a717752a17be1481d	refs/tags/bonsai-0.8.2-alpha2503051354
53dea65d8b20103fea5142d133cc14e603e9ba67	refs/tags/bonsai-0.8.2-alpha2503060839
7458040949219f22bf3919f8946f3d161ae58cf9	refs/tags/bonsai-0.8.2-alpha2503061115
a358cff1b76dfa306dea4594767739566850328a	refs/tags/bonsai-0.8.2-alpha2503061344
a44d0e713abf5dbb4c8fec5b63383751252181a3	refs/tags/bonsai-0.8.2-alpha2503061412
a67927ae67dfdb0f33fa81f4e72bae8eb3876c02	refs/tags/bonsai-0.8.2-alpha2503070602
f0e5430daabda21c0d2a57ac9167a00e2bb160bc	refs/tags/bonsai-0.8.2-alpha2503071549
48acfad8bb3168031c0c064c687466960d6e8a45	refs/tags/bonsai-0.8.2-alpha2503071857
8c9a657a8c722d78c14e7f0aa4df8ae54673ac94	refs/tags/bonsai-0.8.2-alpha2503080013
8c9a657a8c722d78c14e7f0aa4df8ae54673ac94	refs/tags/bonsai-0.8.2-alpha2503080014
47d11daa154ec8a61a467c4e57bb25929a4c0822	refs/tags/bonsai-0.8.2-alpha2503080026
5d9528d791defb1fb31243c3d730e432d7d3c865	refs/tags/bonsai-0.8.2-alpha2503081048
af2dd1d7c6dc2d4970754ff766a7788fe8576bd8	refs/tags/bonsai-0.8.2-alpha2503082126
e5027e0be8f9501fcf99d5479742b0baf283938f	refs/tags/bonsai-0.8.2-alpha2503082152
5fa4f2e79b940c4c47d935c719088e1eafc3d918	refs/tags/bonsai-0.8.2-alpha2503090632
750353074128c54dd65264577cfb55cfc979d80e	refs/tags/bonsai-0.8.2-alpha2503090700
4109b19c3a5ac43d070b692ede7f47b729df37cc	refs/tags/bonsai-0.8.2-alpha2503090732
9d7fe179cf231cefee79ebebabbee67362018e5e	refs/tags/bonsai-0.8.2-alpha2503090829
9d7fe179cf231cefee79ebebabbee67362018e5e	refs/tags/bonsai-0.8.2-alpha2503090830
9d7fe179cf231cefee79ebebabbee67362018e5e	refs/tags/bonsai-0.8.2-alpha2503090831
9d7fe179cf231cefee79ebebabbee67362018e5e	refs/tags/bonsai-0.8.2-alpha2503090832
076f39e2d69676b8bcf653702a59a8a4eaef639d	refs/tags/bonsai-0.8.2-alpha2503091035
b6b553e7264c54b38597d82fae4906950fd2e641	refs/tags/bonsai-0.8.2-alpha2503091148
2318132ea2356e48f2452df108feab80e561a519	refs/tags/bonsai-0.8.2-alpha2503092124
1259607a9f3d2e4425790fe0ca28bbef2c869ee7	refs/tags/bonsai-0.8.2-alpha2503100710
4260313a990f3053c14c431a1d28e74b31ab35a8	refs/tags/bonsai-0.8.2-alpha2503100909
41188e26e1fba582e63b4acac22b5ed625db0fa8	refs/tags/bonsai-0.8.2-alpha2503101155
c03cf4ce58f9f633e0786dc691a5b94292b82c24	refs/tags/bonsai-0.8.2-alpha2503101206
7fb6adc025c43364054230f6b78603957e4a8098	refs/tags/bonsai-0.8.2-alpha2503101215
566fe32ab2e5194dbf52b7cea11b5fbb131166c6	refs/tags/bonsai-0.8.2-alpha2503101219
8ed9c3240469ba1db965f3ecc06051038e5c54d5	refs/tags/bonsai-0.8.2-alpha2503101353
e1ba98c5f8684d0cdc0111cb7b0d9c73c3ec593c	refs/tags/bonsai-0.8.2-alpha2503102112
570513b60be61d8070a188718b9215d9b4276ec1	refs/tags/bonsai-0.8.2-alpha2503102214
f08dba648317870b4e11fb18a14c473e3574aa7e	refs/tags/bonsai-0.8.2-alpha2503110738
f08dba648317870b4e11fb18a14c473e3574aa7e	refs/tags/bonsai-0.8.2-alpha2503110739
f08dba648317870b4e11fb18a14c473e3574aa7e	refs/tags/bonsai-0.8.2-alpha2503110740
f08dba648317870b4e11fb18a14c473e3574aa7e	refs/tags/bonsai-0.8.2-alpha2503110741
9cfcaeb5875912fe910ffd30b42e6205b67bcfe3	refs/tags/bonsai-0.8.2-alpha2503111014
6bd8636c92a18c2ded152a415a4319e7a8e38125	refs/tags/bonsai-0.8.2-alpha2503111347
db1d8d938f3d15a6d94e71ee386bf6199294e5fc	refs/tags/bonsai-0.8.2-alpha2503111456
031540e982337b82eab5d8d5f50402cb78796feb	refs/tags/bonsai-0.8.2-alpha2503111539
a32735ac6a52a0d3503e254598e1907af3291dcd	refs/tags/bonsai-0.8.2-alpha2503111705
41c1c6e8fa985ee2d970e05a21086be0b89eaf4b	refs/tags/bonsai-0.8.2-alpha2503111914
72bbf244f2f1ca5a56ae285a345097ad02b3eada	refs/tags/bonsai-0.8.2-alpha2503111935
6e0e19d69003d85bb5b45969306891ca5db688d7	refs/tags/bonsai-0.8.2-alpha2503112000
a7a4198fc10a31377e27544470e1c34b8381e5da	refs/tags/bonsai-0.8.2-alpha2503112011
f5a1c4aae315406e5511fab3ace0125c554cbd8d	refs/tags/bonsai-0.8.2-alpha2503120706
226736eb4113ddf82348e67c4413d30696620874	refs/tags/bonsai-0.8.2-alpha2503120741
a941eb3f903a5db3c733ac968dd429b8854c7b84	refs/tags/bonsai-0.8.2-alpha2503120748
e9a3d06352536753cfe6fb704660ecf012227588	refs/tags/bonsai-0.8.2-alpha2503121114
ece91a94db704c53f616d132584690769ca8e695	refs/tags/bonsai-0.8.2-alpha2503121350
ece91a94db704c53f616d132584690769ca8e695	refs/tags/bonsai-0.8.2-alpha2503121351
ece91a94db704c53f616d132584690769ca8e695	refs/tags/bonsai-0.8.2-alpha2503121352
ece91a94db704c53f616d132584690769ca8e695	refs/tags/bonsai-0.8.2-alpha2503121353
7e9985758fc88293afcc6d5d23b1ecc06ce7a6c8	refs/tags/bonsai-0.8.2-alpha2503121410
7e9985758fc88293afcc6d5d23b1ecc06ce7a6c8	refs/tags/bonsai-0.8.2-alpha2503121439
5df9c45795a32b3ca6c7f211dd952526f864b3e3	refs/tags/bonsai-0.8.2-alpha2503122017
d89957faab24754f642117569d5627c71f04ee35	refs/tags/bonsai-0.8.2-alpha2503122218
9bafe07c36be497eb94719fc876d84319dd8f160	refs/tags/bonsai-0.8.2-alpha2503122331
4cff2f1fc195ec291692329f7686c5df830646ba	refs/tags/bonsai-0.8.2-alpha2503122335
4cff2f1fc195ec291692329f7686c5df830646ba	refs/tags/bonsai-0.8.2-alpha2503122336
4cff2f1fc195ec291692329f7686c5df830646ba	refs/tags/bonsai-0.8.2-alpha2503122337
4cff2f1fc195ec291692329f7686c5df830646ba	refs/tags/bonsai-0.8.2-alpha2503122338
5cb9e1c68dc660a067692e3d297170eb91724410	refs/tags/bonsai-0.8.2-alpha2503130010
609f468ce1802091c5fb29e89b38b9f6e4b07b30	refs/tags/bonsai-0.8.2-alpha2503131107
4daf4693f392732084dfd812d329722b194edf52	refs/tags/bonsai-0.8.2-alpha2503131344
7b7108b9389104077feb225c6cbfc554c8338c56	refs/tags/bonsai-0.8.2-alpha2503132004
8f6cd1828820645485c853c9051a520ac529ac39	refs/tags/bonsai-0.8.2-alpha2503140035
069b630b160c71758e97ec8298dd2e342ccdc868	refs/tags/bonsai-0.8.2-alpha2503140341
9ba3b6a61fdfd88ece8f7fac540605d20bfe259d	refs/tags/bonsai-0.8.2-alpha2503141319
9ba3b6a61fdfd88ece8f7fac540605d20bfe259d	refs/tags/bonsai-0.8.2-alpha2503141320
9ba3b6a61fdfd88ece8f7fac540605d20bfe259d	refs/tags/bonsai-0.8.2-alpha2503141325
eed47c8c87b6c678025c167c211020a188d79f6a	refs/tags/bonsai-0.8.2-alpha2503141336
eed47c8c87b6c678025c167c211020a188d79f6a	refs/tags/bonsai-0.8.2-alpha2503141346
04e07db0a3a47ae3c9bf76fa147cdbfddca85080	refs/tags/bonsai-0.8.2-alpha2503141432
615ca2482527e59f8d944fc2bbef3d93b6c851cf	refs/tags/bonsai-0.8.2-alpha2503150044
faef2df2a60b2c01149f41b0870f62fa5fb742ab	refs/tags/bonsai-0.8.2-alpha2503150957
2270185f8c35d386b68b66f0f8934e7e2e58f4c2	refs/tags/bonsai-0.8.2-alpha2503151156
b2e2f765ca461445d7056d2d81c35191d517e223	refs/tags/bonsai-0.8.2-alpha2503151324
2941a4ad1a94cfc614d153ac72808ddb38cefe3f	refs/tags/bonsai-0.8.2-alpha2503152356
67b0ab6685f771ab9111219f0000fb3e5c5ed2a6	refs/tags/bonsai-0.8.2-alpha2503160001
7262a501842fc05d6a83a8d19ebe3f5bb30b5678	refs/tags/bonsai-0.8.2-alpha2503160040
ed48afc63355d03d14603dc3c9e113d129a9ae7e	refs/tags/bonsai-0.8.2-alpha2503160053
ba3775406850b28f611950dca5929a5571b428e9	refs/tags/bonsai-0.8.2-alpha2503160318
d50e8060ac70284822fed4229d14a42c78ea99d8	refs/tags/bonsai-0.8.2-alpha2503160648
d50e8060ac70284822fed4229d14a42c78ea99d8	refs/tags/bonsai-0.8.2-alpha2503160649
bfc4490c97516643bee51d52ab404f67fadf4953	refs/tags/bonsai-0.8.2-alpha2503161044
6e7c8ad640c6c0a33f41e745961ecfa65d1cbeca	refs/tags/bonsai-0.8.2-alpha2503161233
37ec2bf0e430c9b39953057ab87b969f5a204d47	refs/tags/bonsai-0.8.2-alpha2503170104
0d1298aac17553f09618de2764241039b3df12b5	refs/tags/bonsai-0.8.2-alpha2503170658
16ba10f9576af10c13c469efe8dd1a4a4e14b7d4	refs/tags/bonsai-0.8.2-alpha2503170704
55be5cc289710e413c54d38a89e7b82448a3b10e	refs/tags/bonsai-0.8.2-alpha2503170957
a8ff6ecf14561c83f3672cadc7333668fa39ab3d	refs/tags/bonsai-0.8.2-alpha2503171011
a8ff6ecf14561c83f3672cadc7333668fa39ab3d	refs/tags/bonsai-0.8.2-alpha2503171012
cf3a554b15ff915f02f1d3c0a4a131eab8886e14	refs/tags/bonsai-0.8.2-alpha2503171118
778a839e5f2085fae9105f052c878675c0965414	refs/tags/bonsai-0.8.2-alpha2503171139
e67753eb4f4af6dddd4c1a447d1aa1d7fd4f562d	refs/tags/bonsai-0.8.2-alpha2503171205
9c5b1a04ff59d004485aa01570b98651c285ee24	refs/tags/bonsai-0.8.2-alpha2503171315
73a83c6d4e6b2b78f0972e35d8ff713ce4be569e	refs/tags/bonsai-0.8.2-alpha2503171328
0abe6329d626bcedc237bad3cc7083074538f0b5	refs/tags/bonsai-0.8.2-alpha2503171332
6cf5cc002e50ab13dd0e700be25934c7dffb9b10	refs/tags/bonsai-0.8.2-alpha2503171407
c176b9d607cac401a93b3b02880041ada0e945d8	refs/tags/bonsai-0.8.2-alpha2503171414
09a43f13395ff23b237b0429a21e28fa6b190fda	refs/tags/bonsai-0.8.2-alpha2503171617
ad03a0c8d9e5cb12d7eca89c345b2e38661102d2	refs/tags/bonsai-0.8.2-alpha2503181244
d912012f76ebaeafb5f48080be86e1447587dc4d	refs/tags/bonsai-0.8.2-alpha2503190916
3c777a0b85176f3975e35874e506559a702b0a44	refs/tags/bonsai-0.8.2-alpha2503191154
2a2bfea87066b04cb7a6a203752627192f4a71b4	refs/tags/bonsai-0.8.2-alpha2503201048
4d5a3ec633f8d4ee043f9320f40697bbc13896cc	refs/tags/bonsai-0.8.2-alpha2503201130
8e1e0aec79e82d4876f7c4feebb89e4b7612f9e5	refs/tags/bonsai-0.8.2-alpha2503210531
ea84f829af4b816f514465533eee268cf89fc1fc	refs/tags/bonsai-0.8.2-alpha2503210545
ea84f829af4b816f514465533eee268cf89fc1fc	refs/tags/bonsai-0.8.2-alpha2503210547
f2283e5895b983c870d3cc212b9da4a0ff87b927	refs/tags/bonsai-0.8.2-alpha2503210703
45c45d68629a385302be5c318acb4e77c82f6f18	refs/tags/bonsai-0.8.2-alpha2503211336
b5c062415d252f315335c295add421fb8c724ced	refs/tags/bonsai-0.8.2-alpha2503211340
c80c1e9e15d461739c4be470c19e207e08ad2ce7	refs/tags/bonsai-0.8.2-alpha2503211534
c80c1e9e15d461739c4be470c19e207e08ad2ce7	refs/tags/bonsai-0.8.2-alpha2503211535
775106d0a0c6ba030812fab1cf5c1ec63ea2234b	refs/tags/bonsai-0.8.2-alpha2503212347
775106d0a0c6ba030812fab1cf5c1ec63ea2234b	refs/tags/bonsai-0.8.2-alpha2503212348
5830573cda281a4c169609202fd78ea27ca9976c	refs/tags/bonsai-0.8.2-alpha2503220902
75fe548bb0fa399a4f9c69f6bb4265e8686aaedc	refs/tags/bonsai-0.8.2-alpha2503221026
328fb8bc0e633d7ada8ddbee76813d81b0cdaf59	refs/tags/bonsai-0.8.2-alpha2503221412
9ee947b73047edd71767492b93c8056e155479f9	refs/tags/bonsai-0.8.2-alpha2503221453
f7163b8db838a947987d5cbc275e02f63d45bfdf	refs/tags/bonsai-0.8.2-alpha2503221828
212da8b6d6c625520f6cb5acabd24bd4d66cc1a0	refs/tags/bonsai-0.8.2-alpha2503230640
51eef295c82e2a1fdd0976d8e2dcca72396d3b8d	refs/tags/bonsai-0.8.2-alpha2503231013
f1138d1aac9ce8be974a3ffb08e66e2f04c78781	refs/tags/bonsai-0.8.2-alpha2503231056
26b21ddcb3eeef4632b412471d15e5f45c925026	refs/tags/bonsai-0.8.2-alpha2503231117
f43e666583ddae351c3aa9d047b4a509e62566c8	refs/tags/bonsai-0.8.2-alpha2503231211
384a74734e3d3b1af502a911f2107411d99d206e	refs/tags/bonsai-0.8.2-alpha2503231236
58c7976a5e7e6613ba2c245631737d28e826de7b	refs/tags/bonsai-0.8.2-alpha2503231255
595ee3fa470887e8e95b19e63820711924b96359	refs/tags/bonsai-0.8.2-alpha2503240637
4594f596c27c7f1e513f74a21f3c7eade9af78ee	refs/tags/bonsai-0.8.2-alpha2503241237
4594f596c27c7f1e513f74a21f3c7eade9af78ee	refs/tags/bonsai-0.8.2-alpha2503241245
4594f596c27c7f1e513f74a21f3c7eade9af78ee	refs/tags/bonsai-0.8.2-alpha2503241250
9311f50206acef37d65f62a5c635f5ebb6406ae1	refs/tags/bonsai-0.8.2-alpha2503250701
3f823573cf6f1243a5381baf05773a77e8091e0e	refs/tags/bonsai-0.8.2-alpha2503261350
05be0f69bdb6e74d0c7acb6e5c8eda1762b6be1e	refs/tags/bonsai-0.8.2-alpha2503262131
2fd02e281d6b2fc461198c3228ea99bb1dc3dddf	refs/tags/bonsai-0.8.2-alpha2503271431
2fd02e281d6b2fc461198c3228ea99bb1dc3dddf	refs/tags/bonsai-0.8.2-alpha2503271432
2fd02e281d6b2fc461198c3228ea99bb1dc3dddf	refs/tags/bonsai-0.8.2-alpha2503271440
69ddf52ff0779e629f7b803ac98d9d038a1a3fad	refs/tags/bonsai-0.8.2-alpha2503280530
f08f9ad310daeee9a19575296698613be1b38dcc	refs/tags/bonsai-0.8.2-alpha2503280701
92546019246361d183c95a969c0e2ece923c4609	refs/tags/bonsai-0.8.2-alpha2503281111
0bf065c4bd48087c9f5343c91c2a767039e90bf8	refs/tags/bonsai-0.8.2-alpha2503281300
7bdbfee041207583344269015873a660cbce3404	refs/tags/bonsai-0.8.2-alpha2503291841
42c49af4e32660e13cfe44db594584c95b13024e	refs/tags/bonsai-0.8.2-alpha2503292239
cba6161043dd9bf79a9d058beedd8f6b6607037d	refs/tags/bonsai-0.8.2-alpha2503310711
4593e5aea641f0afee40f5e141f6f0a4475f1afc	refs/tags/bonsai-0.8.2-alpha2503310752
4593e5aea641f0afee40f5e141f6f0a4475f1afc	refs/tags/bonsai-0.8.2-alpha2503310825
1cac12dc531507b08eecbf2a5e9561dd2efb4dad	refs/tags/bonsai-0.8.2-alpha2503310850
e18e2caea8d98f185540e929bd75a5ba61e6cef7	refs/tags/bonsai-0.8.2-alpha2503310912
9895302c9da73c363b386ec9eab4e125b85b115d	refs/tags/bonsai-0.8.2-alpha2503311412
16f09655b831c1a7f460742cca10d1bc47631625	refs/tags/bonsai-0.8.2-alpha2504010322
93e7d920768ea47cd74ba94c372d6da83b476c18	refs/tags/bonsai-0.8.2-alpha2504010628
31c9f60bca1ebed82544d47bae461975ab15e7b9	refs/tags/bonsai-0.8.2-alpha2504010633
31c9f60bca1ebed82544d47bae461975ab15e7b9	refs/tags/bonsai-0.8.2-alpha2504010637
0039f376ca4c48394e8a843277444f84c8a5e299	refs/tags/bonsai-0.8.2-alpha2504010709
bc709f06f7ac6149c5cac1fc823d0d536ad242e4	refs/tags/bonsai-0.8.2-alpha2504011417
0990dfd3721b0e1b5106d618fb6a72a444144ecc	refs/tags/bonsai-0.8.2-alpha2504020744
3cbab975d530b09ba40d188549590b8e7727f8b6	refs/tags/bonsai-0.8.2-alpha2504021430
938d72ebe33bb8018d2687df9b3da26279a54a1c	refs/tags/bonsai-0.8.2-alpha2504031307
938d72ebe33bb8018d2687df9b3da26279a54a1c	refs/tags/bonsai-0.8.2-alpha2504031323
de287395d2ad57bbec857177dbcc6827b0997be5	refs/tags/bonsai-0.8.2-alpha2504031422
de287395d2ad57bbec857177dbcc6827b0997be5	refs/tags/bonsai-0.8.2-alpha2504031423
e9245efd37d6b19af9a6e0bb06795b3dc044be64	refs/tags/bonsai-0.8.2-alpha2504031438
e9245efd37d6b19af9a6e0bb06795b3dc044be64	refs/tags/bonsai-0.8.2-alpha2504031439
e9245efd37d6b19af9a6e0bb06795b3dc044be64	refs/tags/bonsai-0.8.2-alpha2504031440
50eae4ae198131539dd3a5180fa50602a27dd6c9	refs/tags/bonsai-0.8.2-alpha2504041404
c280550e303d006d91054e76475be0bba3ea2dd6	refs/tags/bonsai-0.8.2-alpha2504051503
0bbe1aad5bada77a5c96c6ce967e82caf7d12523	refs/tags/bonsai-0.8.2-alpha2504071135
345a6e72d956a56cde8fa65398da335d8c3da403	refs/tags/bonsai-0.8.2-alpha2504081055
8aad28c73050574260c7beb9df8e0f235b530b50	refs/tags/bonsai-0.8.2-alpha2504091327
1e3f1e7dfcd1e4fba79f0cef673f2628c0876296	refs/tags/bonsai-0.8.2-alpha2504100556
d8102d848d68bc581081f324ba352cea6ae4968b	refs/tags/bonsai-0.8.2-alpha2504101249
ffffcc576e3670571fc3704ce5eb4af911ed22c8	refs/tags/bonsai-0.8.2-alpha2504101416
e596ac6b1bcd506603f6922a7cc881503d4cff0d	refs/tags/bonsai-0.8.2-alpha2504111456
c0190b506585d1b4727ae9472dc5398de7c7555f	refs/tags/bonsai-0.8.2-alpha2504130121
463473b959d56af5268bd6c57fc610116f75b869	refs/tags/bonsai-0.8.2-alpha2504130610
52c8cc0a72271560e2768c0db18b8bad9ab0d364	refs/tags/bonsai-0.8.2-alpha2504130757
53cd5f834e5a29cb0406a2527e6db91195dbbb54	refs/tags/bonsai-0.8.2-alpha2504141121
1516237537ead2e502574787997dac9e749a151b	refs/tags/bonsai-0.8.2-alpha2504141250
b59e5b076d1ba92fb1eb9139bccc7b3786a60c3c	refs/tags/bonsai-0.8.2-alpha2504141402
ecee3781e42c22fc307ac1dbb265d7e10c581b27	refs/tags/bonsai-0.8.2-alpha2504151444
6d8e513f97bf88506f61fb8143c460a27695edb2	refs/tags/bonsai-0.8.3
9994fec5719b46189afa5dc8d570a54c8d39e1f6	refs/tags/bonsai-0.8.3-alpha2504161425
c45e3b00994bd1843ed11d59d078d82e371ec9cb	refs/tags/bonsai-0.8.3-alpha2504162349
5a6476a57f8f685cf220225408bd39915423ede6	refs/tags/bonsai-0.8.3-alpha2504170628
1999216ea53b64ebea659c00bf43ce4ebe70a239	refs/tags/bonsai-0.8.3-alpha2504170710
52cada180bc3ded7a17c793d0f88db72d8d02824	refs/tags/bonsai-0.8.3-alpha2504170938
dc84d85f7bf7418dc5b27774fa4f9eab8910903b	refs/tags/bonsai-0.8.3-alpha2504171231
c5f4b535559ea7499e4f7c7fd6bf9736fac587f8	refs/tags/bonsai-0.8.3-alpha2504171356
74390c0529f5e5a1c64efa3140a1c2a27be63261	refs/tags/bonsai-0.8.3-alpha2504180828
a030b84fc5b64599af9c9b5fd71e0db4e012e169	refs/tags/bonsai-0.8.3-alpha2504180948
a030b84fc5b64599af9c9b5fd71e0db4e012e169	refs/tags/bonsai-0.8.3-alpha2504180950
917d28a7b143f8c2cc8ba2475a7b50dd30e0d558	refs/tags/bonsai-0.8.3-alpha2504181426
3390f58c88b38149c02749a323825c466770cb99	refs/tags/bonsai-0.8.3-alpha2504182219
4896a699813b5c2b5cb227d13a61794765996be8	refs/tags/bonsai-0.8.3-alpha2504190343
90198115b60ae3c9e53db3a5963a8ac8671db16b	refs/tags/bonsai-0.8.3-alpha2504190429
502cf6f43909a5facd645ac57800dbe04b888dcf	refs/tags/bonsai-0.8.3-alpha2504190458
502cf6f43909a5facd645ac57800dbe04b888dcf	refs/tags/bonsai-0.8.3-alpha2504190500
bb598d848a68eb57a13564023b62af24c0feaadf	refs/tags/bonsai-0.8.3-alpha2504190525
fb34af9162d015a5f3170d13c52a867126204016	refs/tags/bonsai-0.8.3-alpha2504190531
d1493b4234b9bc27d552a5814d025756d44debcc	refs/tags/bonsai-0.8.3-alpha2504190653
df18108406eaa5fbac2df67e4255fdc9bdf8ac4c	refs/tags/bonsai-0.8.3-alpha2504190736
0608f92bc4afe80110472f544e7cc7edf6644941	refs/tags/bonsai-0.8.3-alpha2504191119
e54acd83f89298f96e87f3695e96bec797bd8239	refs/tags/bonsai-0.8.3-alpha2504191440
e54acd83f89298f96e87f3695e96bec797bd8239	refs/tags/bonsai-0.8.3-alpha2504191441
05f79c844af2b217d8efb93bd625c3ff911a5391	refs/tags/bonsai-0.8.3-alpha2504191747
86d481f4f8cc0b2744dc306da4d7c7d523a3f894	refs/tags/bonsai-0.8.3-alpha2504200508
f8ebc2d156631532e1052a99fbf79c034c622f8e	refs/tags/bonsai-0.8.3-alpha2504201530
5af2c3914aba5f522cfb73ad606d276815ac4b81	refs/tags/bonsai-0.8.3-alpha2504201620
2db6b860b2a8d5055c515083928cb859cb847d6a	refs/tags/bonsai-0.8.3-alpha2504210538
56bfe80b3b30ccc323b9855393e579f1779aa960	refs/tags/bonsai-0.8.3-alpha2504210717
f8ad05cb54f2aba9bbc80687b6cf9569e8d0d407	refs/tags/bonsai-0.8.3-alpha2504210746
f8ad05cb54f2aba9bbc80687b6cf9569e8d0d407	refs/tags/bonsai-0.8.3-alpha2504210813
266cc32336d7cc3cf83616d0d0afcb144e2096e6	refs/tags/bonsai-0.8.3-alpha2504210848
50e7728f95e8fa36193303c51c3d58725be33fa9	refs/tags/bonsai-0.8.3-alpha2504210858
d1b1b081746f439f56725c511a80f03b95efc0f5	refs/tags/bonsai-0.8.3-alpha2504211239
426f1b91f249f19f20d9f87cde1a486927f3af74	refs/tags/bonsai-0.8.3-alpha2504211259
5c4f1576245a2aae4ef57301d57c22332a3ba5ea	refs/tags/bonsai-0.8.3-alpha2504211401
f9bf8897bc2c46049aced223f344e0d8612bd9ed	refs/tags/bonsai-0.8.3-alpha2504221137
4427c738169d774f4cc3310f6103be4d235b2bcf	refs/tags/bonsai-0.8.3-alpha2504221506
68f71c715e3cee4c6239a7cd9af7620595d440c7	refs/tags/bonsai-0.8.3-alpha2504231423
52af302bef0b967fa7605bfbe59b903ee81eb919	refs/tags/bonsai-0.8.3-alpha2504241459
c9fbec4d466373183e60b3876bccd130dc6d459d	refs/tags/bonsai-0.8.3-alpha2504251448
dd1c5295445128a0bfa5ab94c502b62ec13900eb	refs/tags/bonsai-0.8.3-alpha2504271812
4bcd9639f45780155ecd69a3d620cffdc4a7b254	refs/tags/bonsai-0.8.3-alpha2504272154
4bcd9639f45780155ecd69a3d620cffdc4a7b254	refs/tags/bonsai-0.8.3-alpha2504272155
4bcd9639f45780155ecd69a3d620cffdc4a7b254	refs/tags/bonsai-0.8.3-alpha2504272156
f9a0081b33b6d865570c16f33e5af44269e3427b	refs/tags/bonsai-0.8.3-alpha2504280422
784576b249955a4f5430cfe837786a5897933027	refs/tags/bonsai-0.8.3-alpha2504281415
0e9ca541c4ae6d8fcf5b2f95d1c297965389e259	refs/tags/bonsai-0.8.3-alpha2504282036
1856eeddebeb1a3f822e3bf156422a04d4718c93	refs/tags/bonsai-0.8.3-alpha2504291030
34cafc761a206c5574ca9585716776e02c447f8f	refs/tags/bonsai-0.8.3-alpha2504291427
34cafc761a206c5574ca9585716776e02c447f8f	refs/tags/bonsai-0.8.3-alpha2504291439
34cafc761a206c5574ca9585716776e02c447f8f	refs/tags/bonsai-0.8.3-alpha2504291443
241f7679b00782955a1cfa3d9898b1d1d5b41111	refs/tags/bonsai-0.8.3-alpha2504300924
bc221cfa99356a8d187eb28b71219af9889c9a18	refs/tags/bonsai-0.8.3-alpha2504301227
bc221cfa99356a8d187eb28b71219af9889c9a18	refs/tags/bonsai-0.8.3-alpha2504301229
c7a29d5604064a3b57aed24d2557db46c9f1f8d7	refs/tags/bonsai-0.8.3-alpha2504301437
1b38b03532d5ed59847481152592725428e8ef36	refs/tags/bonsai-0.8.3-alpha2505011433
4aaaf6e8f5d153b6b07d4c6a4546cd8d32276e29	refs/tags/bonsai-0.8.3-alpha2505020733
c4c3a2056b964c9a7fa1c48c844677d8292de37c	refs/tags/bonsai-0.8.3-alpha2505021459
1714516a8129ac0b905a7cea3e737e9c7af389e4	refs/tags/bonsai-0.8.3-alpha2505051000
fe9c548ae0bb3d1c73ffb1ae0689d688151d9821	refs/tags/bonsai-0.8.3-alpha2505051157
dbdde524355c6f625542be885c84b232c44b81e8	refs/tags/bonsai-0.8.3-alpha2505051221
6e15219fad1e8f039af9d61799c25042a5f979b7	refs/tags/bonsai-0.8.3-alpha2505051335
a67a6034a50534f0b5bcabbc875178feae9cb7f7	refs/tags/bonsai-0.8.3-alpha2505051347
d401e4c948482c02d789a890f897b6929928f504	refs/tags/bonsai-0.8.3-alpha2505051418
5d920d5e312828753b3b70467ad0a76e7b284aac	refs/tags/bonsai-0.8.3-alpha2505051854
c6c852c7f63fe6f57a160b8c5712606d9bb8668b	refs/tags/bonsai-0.8.3-alpha2505051948
6c517ae047959304b00233851d04245d6b35e5cd	refs/tags/bonsai-0.8.3-alpha2505061404
9c73f173037f03a9536930cae818d442be3cec88	refs/tags/bonsai-0.8.3-alpha2505061509
cf253824ca62fb9bfd9915ed8de1eb8a8bd0ec9c	refs/tags/bonsai-0.8.3-alpha2505071348
653b88ba18d63f1a7c2fc980635a3b847ef8a0c9	refs/tags/bonsai-0.8.3-alpha2505071355
653b88ba18d63f1a7c2fc980635a3b847ef8a0c9	refs/tags/bonsai-0.8.3-alpha2505071356
653b88ba18d63f1a7c2fc980635a3b847ef8a0c9	refs/tags/bonsai-0.8.3-alpha2505071401
ec1329443063b803f53a63f1b48e9e04d55f990f	refs/tags/bonsai-0.8.3-alpha2505080638
76529a06bb28c75de03f1e6fd1024ae1afa04131	refs/tags/bonsai-0.8.3-alpha2505081042
b7a0f230ad15831e568fd3022b8585c66764de48	refs/tags/bonsai-0.8.3-alpha2505081050
4976af5e6664f6d55f0a1793c700f50d12de1f49	refs/tags/bonsai-0.8.3-alpha2505081424
4d1d224a34600f222cf4b3b48e2320c118428208	refs/tags/bonsai-0.8.3-alpha2505082204
1c205d494af6fa1bba9215b30dfb60ba2674b307	refs/tags/bonsai-0.8.3-alpha2505082218
1c205d494af6fa1bba9215b30dfb60ba2674b307	refs/tags/bonsai-0.8.3-alpha2505082219
9361cfee2806f582ba54c90b0b663d2889945eaa	refs/tags/bonsai-0.8.3-alpha2505090108
0f37eca333da829fb6c9795f8111760a58c35ecd	refs/tags/bonsai-0.8.3-alpha2505090524
f5e41d18c6d13086e7219e26d6f50ab89c87b2d8	refs/tags/bonsai-0.8.3-alpha2505091427
809a20dc99581f625d7855690d1463ee45b17042	refs/tags/bonsai-0.8.3-alpha2505092109
d1be6604698cb1ca11128e2c49962920f0947478	refs/tags/bonsai-0.8.3-alpha2505120741
0328be409332512c5f87ccc27e14d60bc4f7a9d5	refs/tags/bonsai-0.8.3-alpha2505121410
0328be409332512c5f87ccc27e14d60bc4f7a9d5	refs/tags/bonsai-0.8.3-alpha2505121419
308507275186db12b98c641ba6cade7d335dbbf5	refs/tags/bonsai-0.8.3-alpha2505121446
686e9c946bee3123a668bc170d13abafe986a167	refs/tags/bonsai-0.8.3-alpha2505122339
f6fc0cfa0f9c341f8b6b835db1ed43d41c7d4f83	refs/tags/bonsai-0.8.3-alpha2505130103
7c38705958fc5fa82c93b3d8bda833ef1ae48a3a	refs/tags/bonsai-0.8.3-alpha2505130310
2ebcffc7d49c144edd8d9781024ea2d0c030a4b9	refs/tags/bonsai-0.8.3-alpha2505130827
2ebcffc7d49c144edd8d9781024ea2d0c030a4b9	refs/tags/bonsai-0.8.3-alpha2505130846
1f23e4ba185502cf0edda24452e8252a93ce8046	refs/tags/bonsai-0.8.3-alpha2505131118
b91b1401f41518b8efa95e7bc392f8cc891543a9	refs/tags/bonsai-0.8.3-alpha2505131301
b91b1401f41518b8efa95e7bc392f8cc891543a9	refs/tags/bonsai-0.8.3-alpha2505131421
92ee82374ca1269fa24bb10fe517b5c9cd9d1c20	refs/tags/bonsai-0.8.3-alpha2505141441
a77125ff124c3df63dae480e0b88e74d3e919b24	refs/tags/bonsai-0.8.3-alpha2505151502
b9a435e1c3ec06eaae01722a1e7def44994ac33b	refs/tags/bonsai-0.8.3-alpha2505152042
5c72cf35bd03efd04ed6c41ca1557e61af3d8f98	refs/tags/bonsai-0.8.3-alpha2505152213
f39d3d4b9cd4c7692889dd70c92368c988d97430	refs/tags/bonsai-0.8.3-alpha2505160031
9e6320d545471626372a28b82c360ad24f312c6d	refs/tags/bonsai-0.8.3-alpha2505160246
8e34c1d7df4f88b5fc3bf323d72b82e5a880552b	refs/tags/bonsai-0.8.3-alpha2505161444
22f10e55496c835f58c15d5fe2f93067dc994f68	refs/tags/bonsai-0.8.3-alpha2505171128
1de2515fcda6dc4cf564d92a34ffc1887954e2b2	refs/tags/bonsai-0.8.3-alpha2505180206
992ad8e24a6fc2e1b08036a21510a233212502a9	refs/tags/bonsai-0.8.3-alpha2505180533
3a37bcdcaa0c5ab321cc00f35f3756524c626dd9	refs/tags/bonsai-0.8.3-alpha2505180909
3a37bcdcaa0c5ab321cc00f35f3756524c626dd9	refs/tags/bonsai-0.8.3-alpha2505180910
404bf13a1815d712b7b72fb7c1329631605684d0	refs/tags/bonsai-0.8.3-alpha2505180923
404bf13a1815d712b7b72fb7c1329631605684d0	refs/tags/bonsai-0.8.3-alpha2505180924
67016d6f90c0fcd46e9afc94dfa22422aaa21882	refs/tags/bonsai-0.8.3-alpha2505190736
ac50f002f0f23d90d7edbcde334161df7a3da4ea	refs/tags/bonsai-0.8.3-alpha2505191429
0efc2d25f1fd8542569a597e4bfd897bb596f5d2	refs/tags/bonsai-0.8.3-alpha2505200725
41227b89c8c07846c9b6a3ac486b8b1a6764dc1f	refs/tags/bonsai-0.8.3-alpha2505201407
41227b89c8c07846c9b6a3ac486b8b1a6764dc1f	refs/tags/bonsai-0.8.3-alpha2505201412
41227b89c8c07846c9b6a3ac486b8b1a6764dc1f	refs/tags/bonsai-0.8.3-alpha2505201417
718254fe5e4ffe87d681ea700c6023a8192f03e4	refs/tags/bonsai-0.8.3-alpha2505210717
718254fe5e4ffe87d681ea700c6023a8192f03e4	refs/tags/bonsai-0.8.3-alpha2505210802
60c18628c5f1164ef826f7c5bea7e44a79be7541	refs/tags/bonsai-0.8.3-alpha2505211343
b452348748629a6e6dad6df24e21bfad2c203043	refs/tags/bonsai-0.8.3-alpha2505220359
97bb587772ffedfd7c2e5a4bbbead66f2de30b99	refs/tags/bonsai-0.8.3-alpha2505221210
08ab48887ad80e098d40356f2c67555bf9adc42e	refs/tags/bonsai-0.8.3-alpha2505221310
0410cec21b4d62d15fdf90c9f963cf0d7c5d6d70	refs/tags/bonsai-0.8.3-alpha2505221447
0052570fdb4b0d7a9dfeb3e4ae7b8d79f1823b74	refs/tags/bonsai-0.8.3-alpha2505230248
e3ddccdb11bb2b2c1d702cb6267b735d68df4153	refs/tags/bonsai-0.8.3-alpha2505230638
e3ddccdb11bb2b2c1d702cb6267b735d68df4153	refs/tags/bonsai-0.8.3-alpha2505230653
09e07c80c557500f5fe96ada4b3a5304eb5d9025	refs/tags/bonsai-0.8.3-alpha2505230735
fb5358e54efcf674f4e25f537eb950a3a9764896	refs/tags/bonsai-0.8.3-alpha2505231346
8cb871a6a288edcd2be426e956e3a365042c7238	refs/tags/bonsai-0.8.3-alpha2505241254
327899ca62db3bc352dd4cc4d7c635cbd6e4bc50	refs/tags/bonsai-0.8.3-alpha2505250601
242d70c3116ca7be73607a9adee34c11e6924edb	refs/tags/bonsai-0.8.3-alpha2505260047
d6cc1ff9e9e0ecc1b3e75a81feb05615bd6039d2	refs/tags/bonsai-0.8.3-alpha2505260242
810e8df6fe4ac06de720e4852c14cdfaf8511574	refs/tags/bonsai-0.8.3-alpha2505260349
31dc3fe0029eaf14f385aba84ed0f67aa1c78b42	refs/tags/bonsai-0.8.3-alpha2505260352
b0b7bbf95f0955324446cffc7bc0303419daf8d9	refs/tags/bonsai-0.8.3-alpha2505260354
320a4cf4fab4bcce67cac9c5f4351aa49376ff46	refs/tags/bonsai-0.8.3-alpha2505260356
320a4cf4fab4bcce67cac9c5f4351aa49376ff46	refs/tags/bonsai-0.8.3-alpha2505260357
320a4cf4fab4bcce67cac9c5f4351aa49376ff46	refs/tags/bonsai-0.8.3-alpha2505260359
8766cad37efff603cae82b7e2a8705d2c5e5906a	refs/tags/bonsai-0.8.3-alpha2505260635
a74f1c6e08889bbc17f11f77db14aee210c0e13b	refs/tags/bonsai-0.8.3-alpha2505260646
93d36501a354363bcbbe9fcf515047a40fb00fbb	refs/tags/bonsai-0.8.3-alpha2505261305
02af46c99f94df889ffa857eefefeb137b1e8568	refs/tags/bonsai-0.8.3-alpha2505261556
32e4a06fe4d299ddbf9ead641b1c85b6d775c3cd	refs/tags/bonsai-0.8.3-alpha2505262318
72ef05594603c6650430e93438e88cbc4d0a50a0	refs/tags/bonsai-0.8.3-alpha2505270039
a929ab0c4f5c19756ea230d391e778a4ddb065bd	refs/tags/bonsai-0.8.3-alpha2505281051
6b77147d454a87875aa9e39c63cfaac356f3dfa8	refs/tags/bonsai-0.8.3-alpha2505281229
ea7ced738a6d8ba18774b5fd1330ac9b1edb5f83	refs/tags/bonsai-0.8.3-alpha2505281325
1ab288de0b3acd62c1f46ec1cab837a7662bc808	refs/tags/bonsai-0.8.3-alpha2505291416
cc607942933d108cd8f91be81f6d61d5a397ad06	refs/tags/bonsai-0.8.3-alpha2505301202
f44769c13875e59441cc5eed165cf7b9148e028f	refs/tags/bonsai-0.8.3-alpha2505301314
a531bd8c1f4e24004e5592d69d5b6e8071a9cea5	refs/tags/bonsai-0.8.3-alpha2505302016
eade620581ad50c68580be212035de1ee6b8f0de	refs/tags/bonsai-0.8.3-alpha2505311258
390349aa7affdaf2800857226bbf89918e5aef7f	refs/tags/bonsai-0.8.3-alpha2505311359
1155b52375fba6db42d74a00bc4f262fcfb2dc94	refs/tags/bonsai-0.8.3-alpha2506010723
0aae57620f61eaa0e9f5f3cd621fb31e60e8bf0c	refs/tags/bonsai-0.8.3-alpha2506020643
e1c1b828ad5556a8fa37d4531f22103e033d4f81	refs/tags/bonsai-0.8.3-alpha2506031229
b9b5aefd5ede358dcf97323a1948253d23787d0b	refs/tags/bonsai-0.8.3-alpha2506040212
1ce9a4c68e134af6183a88856d1b3fae2002c113	refs/tags/bonsai-0.8.3-alpha2506041412
3892ac56a4b9c24ed5195fa644f6011e8d5c44ed	refs/tags/bonsai-0.8.3-alpha2506051406
3892ac56a4b9c24ed5195fa644f6011e8d5c44ed	refs/tags/bonsai-0.8.3-alpha2506051407
3892ac56a4b9c24ed5195fa644f6011e8d5c44ed	refs/tags/bonsai-0.8.3-alpha2506051412
8c9ccfdaae705ed45b6b70de9f947b55563949c8	refs/tags/bonsai-0.8.3-alpha2506060623
781df9e3d8a74d97185816bb9c337df4ebb315f8	refs/tags/bonsai-0.8.3-alpha2506060658
a374a7e3ff0cd21e43d1ea033a4db8df17773c72	refs/tags/bonsai-0.8.3-alpha2506060812
09f6991565f0073878b584b01d0a44c9a58db800	refs/tags/bonsai-0.8.3-alpha2506061413
8e8b44a74436b2e3ed1f702a3764abb0d3af0381	refs/tags/bonsai-0.8.3-alpha2506080822
8e8b44a74436b2e3ed1f702a3764abb0d3af0381	refs/tags/bonsai-0.8.3-alpha2506080823
5ba82d7764105fac1210b19250cabbde478df090	refs/tags/bonsai-0.8.3-alpha2506080829
24f693e0bbad8a40dbe68fbf25e47f1d0bb9e0c5	refs/tags/bonsai-0.8.3-alpha2506091305
24f693e0bbad8a40dbe68fbf25e47f1d0bb9e0c5	refs/tags/bonsai-0.8.3-alpha2506091326
24f693e0bbad8a40dbe68fbf25e47f1d0bb9e0c5	refs/tags/bonsai-0.8.3-alpha2506091630
a4f06f69ccda1af78dabe67a57a2d1492d8b6e3a	refs/tags/bonsai-0.8.3-alpha2506091850
2bb373c1b26c8ff765226cb086f72feafad726d6	refs/tags/bonsai-0.8.3-alpha2506101356
2bb373c1b26c8ff765226cb086f72feafad726d6	refs/tags/bonsai-0.8.3-alpha2506101357
60c71c145bb678ad0bc66755299797c8ad87e110	refs/tags/bonsai-0.8.3-alpha2506111440
94452b4a7acb3d637f7eaa5daf73d68005c990c9	refs/tags/bonsai-0.8.3-alpha2506121408
9b8357c5ecbc9b3e7bb1360d4cd0973ae1da60f9	refs/tags/bonsai-0.8.3-alpha2506131434
15112211c1f8ff1502a5d4716b3938cda24b8fab	refs/tags/bonsai-0.8.3-alpha2506161457
21f5363c7496de912f3a6c24abddbd7d7c5c6bbb	refs/tags/bonsai-0.8.3-alpha2506171347
cbd78506cea6d79b2f81c456e8165273c3853784	refs/tags/bonsai-0.8.3-alpha2506181413
cbd78506cea6d79b2f81c456e8165273c3853784	refs/tags/bonsai-0.8.3-alpha2506181414
9dc75ece4493b85bb2bbc482e1479edc564bcc9e	refs/tags/bonsai-0.8.3-alpha2506190236
42b777b1f017a999ba2545d4242341071f0adef2	refs/tags/bonsai-0.8.3-alpha2506191429
42b777b1f017a999ba2545d4242341071f0adef2	refs/tags/bonsai-0.8.3-alpha2506191444
42b777b1f017a999ba2545d4242341071f0adef2	refs/tags/bonsai-0.8.3-alpha2506191521
42b777b1f017a999ba2545d4242341071f0adef2	refs/tags/bonsai-0.8.3-alpha2506191539
42b777b1f017a999ba2545d4242341071f0adef2	refs/tags/bonsai-0.8.3-alpha2506191557
fb9edb733b5e49884e86c7c7729f12a2e3dd7bae	refs/tags/bonsai-0.8.3-alpha2506191934
8d079ce0cb39734ef367dcf56fd9bc804675181b	refs/tags/bonsai-0.8.3-alpha2506191941
8d079ce0cb39734ef367dcf56fd9bc804675181b	refs/tags/bonsai-0.8.3-alpha2506201159
cd1bda53111ac72b48a891927d75810e14985684	refs/tags/bonsai-0.8.3-alpha2506201349
64aeef71034528e95b53759e96dc011891fbe95e	refs/tags/bonsai-0.8.3-alpha2506211300
9149bb0fdcb14fac1474cbb9a4be113ef34ad05f	refs/tags/bonsai-0.8.3-alpha2506211309
d875baefde59b1a12a582f970af6b29954c93812	refs/tags/bonsai-0.8.3-alpha2506211514
98c479f1bd55df210f8cca0773faf890bd7e29ab	refs/tags/bonsai-0.8.3-alpha2506221210
4574351817be8889f5b6e438dccaea2a4529cbcd	refs/tags/bonsai-0.8.3-alpha2506231407
caccfd2516a8ec663b1a34bc5a1c82ea3d5d8ee1	refs/tags/bonsai-0.8.3-alpha2506241409
caccfd2516a8ec663b1a34bc5a1c82ea3d5d8ee1	refs/tags/bonsai-0.8.3-alpha2506241432
94f98b1e0e91019e67f18e4ee14f390fe3ff6eef	refs/tags/bonsai-0.8.3-alpha2506242117
c5987bca3d68da1cb9726cedcc3cbc892ae488d1	refs/tags/bonsai-0.8.3-alpha2506251400
360afe68aa303fe1c2de2ef35ffcb25776025889	refs/tags/bonsai-0.8.3-alpha2506251431
0d859bd4ee73e7ced64e3f0f1636ee3a43e274b0	refs/tags/bonsai-0.8.3-alpha2506252200
9b58d4aa479bbde19fba7b99c7afed08286d26d9	refs/tags/bonsai-0.8.3-alpha2506260513
7b1aa207d842af2edc8d5dd5daa921a96d69ea91	refs/tags/bonsai-0.8.3-alpha2506261129
b0ec185c34598162082a85c6be9b35711051db47	refs/tags/bonsai-0.8.3-alpha2506261459
efb3b9d255a0db2f16068d02d0f0fcc8d9b7c9f2	refs/tags/bonsai-0.8.3-alpha2506261520
2698ba69d5f28345f29be124ddf4731e8f10f308	refs/tags/bonsai-0.8.3-alpha2506270548
65ccc635d4f6b0be1a382e1b7b1973d0579d1398	refs/tags/bonsai-0.8.3-alpha2506270559
0b05c3bcfcd3e6cdc66be2c6b7e660d79fa25768	refs/tags/bonsai-0.8.3-alpha2506271321
611e83ff1e4e4371e2e089eb5707177571f76485	refs/tags/bonsai-0.8.3-alpha2506271352
dcf69c46e57a335a7991ac1bf9324e23be681716	refs/tags/bonsai-0.8.3-alpha2506271448
4dbec59b9cc242326e4558557a0b13a3d1cfefc7	refs/tags/bonsai-0.8.3-alpha2506281418
16f82683c866b831957ff296f9230dabf65a97fe	refs/tags/bonsai-0.8.3-alpha2506281508
524561a398f98eff84c9a38dc98ddc7e4787aaa4	refs/tags/bonsai-0.8.3-alpha2506281707
553003e664e06285493fa8cf80f6b6e5a4a2d826	refs/tags/bonsai-0.8.3-alpha2506281817
d3004541187483b613d4a3248e9ba51cd5a2c670	refs/tags/bonsai-0.8.3-alpha2506282000
260bc80a4b7e8dcd27a72e89f700d3739afffc10	refs/tags/bonsai-0.8.3-alpha2506300812
fc10915d2b7839a823cca18c4a247699da90a2a1	refs/tags/bonsai-0.8.3-alpha2506301309
8cfd6b17543b892052f7744ab0e7e876f8a0ed79	refs/tags/bonsai-0.8.3-alpha2506301356
a31aa6053e4a9b54ae6bc248c5b8b54463303b07	refs/tags/bonsai-0.8.3-alpha2506302126
6c4e4e5f910a7959175f329cc159eb65f7b0f16a	refs/tags/bonsai-0.8.3-alpha2506302251
bb329affb82a6ca5ec0e3ac55b0ce8bab52f7386	refs/tags/bonsai-0.8.3-alpha2507011910
e743db27f4558baca072ab64a61a08ddd941fa6e	refs/tags/bonsai-0.8.3-alpha2507020611
68a602573b8bffdc826e1bd1f9e9e3f10ac88912	refs/tags/bonsai-0.8.3-alpha2507021315
3055dfa1a682e6f434e11c5214c09b6de83e3ec7	refs/tags/bonsai-0.8.3-alpha2507030352
5f5c0b41d516dc503cd5bb71b4df1b3354620bc5	refs/tags/bonsai-0.8.3-alpha2507031318
e52af2baad4098f8d53889cb93f9687fec9916cc	refs/tags/bonsai-0.8.3-alpha2507031350
f75045f0c518133838dd9bb912254b1bbda0155e	refs/tags/bonsai-0.8.3-alpha2507041035
5948282ed01d05da0e8060b9aab93aea772e183b	refs/tags/bonsai-0.8.3-alpha2507041435
fb78f7554128f06845d453cdd5dcee193bdd5fde	refs/tags/bonsai-0.8.3-alpha2507041449
00836ec983991275bbcc60513a501d2614cf368c	refs/tags/bonsai-0.8.3-alpha2507051159
5f2b4c96a6d3cbe3696c76e151885b3ac7979a14	refs/tags/bonsai-0.8.3-alpha2507061526
f3b63aae76cd12a9982e722972eaab58bea18de2	refs/tags/bonsai-0.8.3-alpha2507061637
f3b63aae76cd12a9982e722972eaab58bea18de2	refs/tags/bonsai-0.8.3-alpha2507061639
525ef2b77b58405fda1ad15d5df09f08cf490cee	refs/tags/bonsai-0.8.3-alpha2507071412
ad8d02bfedcf3ed8cd786a779dcadab5859aa35d	refs/tags/bonsai-0.8.3-alpha2507081622
40f92d15c3d94bfbb6e25696f22eb94adedbcebc	refs/tags/bonsai-0.8.3-alpha2507081709
1b1a1f143abdcb015fb8cb1dad44f6e43604dcd2	refs/tags/bonsai-0.8.3-alpha2507091403
eed42b8fac49bc82966a1ef29ce5ed7fda0d845f	refs/tags/bonsai-0.8.3-alpha2507092027
0fcc47508a90cd04c12a6e8b4da51cdbb3af735e	refs/tags/bonsai-0.8.3-alpha2507101443
6d8e513f97bf88506f61fb8143c460a27695edb2	refs/tags/bonsai-0.8.3-alpha2507111324
a4dd1c3463aa1454dcac06e3f6d35ba745a30e78	refs/tags/bonsai-0.8.3-alpha2507130955
f14b4c467d0825c5d8aa12657f3d7884f8f68c80	refs/tags/bonsai-0.8.3-post1
f14b4c467d0825c5d8aa12657f3d7884f8f68c80	refs/tags/bonsai-0.8.3.post1
158fe92644cfe2bc37be513d9838c95d9f2233cf	refs/tags/bonsai-0.8.4
73b76ba666710e1dcbfc272e3680458ea4c55b4e	refs/tags/bonsai-0.8.4-alpha2507132335
2d3d747d49e2280d8d0f34f745df9796be04f9da	refs/tags/bonsai-0.8.4-alpha2507141354
a461281b1e2d82bf2c7edd7e6122ee23a4f62b89	refs/tags/bonsai-0.8.4-alpha2507141809
52762f828cf065f3eab4374648e71c35a96f827d	refs/tags/bonsai-0.8.4-alpha2507151248
52762f828cf065f3eab4374648e71c35a96f827d	refs/tags/bonsai-0.8.4-alpha2507151249
d55e7faf2a8d72f7d26fe36359e834a5583d2a1c	refs/tags/bonsai-0.8.4-alpha2507151302
0dc17a2141a7473b19353d6547ae843084789d90	refs/tags/bonsai-0.8.4-alpha2507160623
866362c6edc9a530baf576b19185ad30467ddffa	refs/tags/bonsai-0.8.4-alpha2507160732
f14b4c467d0825c5d8aa12657f3d7884f8f68c80	refs/tags/bonsai-0.8.4-alpha2507161137
afb2742c2f3d902b77aac90a8059301cbaa34d2d	refs/tags/bonsai-0.8.4-alpha2507161356
dd14f33c0b71ecf57f321d45947a6409ff7a1313	refs/tags/bonsai-0.8.4-alpha2507162053
728f9e2c04dcc96c2d6813f764662e2cbf22a919	refs/tags/bonsai-0.8.4-alpha2507171459
a392a1fbfb1a9f8af104c1128f254902c7605d11	refs/tags/bonsai-0.8.4-alpha2507171749
e318cbd9e68d2c8b015922dc7f6209d4deae0a77	refs/tags/bonsai-0.8.4-alpha2507181517
913076de94b041b76a4e80f9b0b621778b5d9d93	refs/tags/bonsai-0.8.4-alpha2507181648
78759a63f24ad041ead5f6e2ecdacfe0497e1547	refs/tags/bonsai-0.8.4-alpha2507181929
d49a3486b9f5d29029b5c57408b7eeb29036e389	refs/tags/bonsai-0.8.4-alpha2507182147
dcf8329b04087f4a94b38495810bfaeba68a71ca	refs/tags/bonsai-0.8.4-alpha2507210634
b4740b6949b7596007466ae0af29deff49e627ee	refs/tags/bonsai-0.8.4-alpha2507211311
ed65c039dcfbe129769ff3e7c8bb33a4848f9906	refs/tags/bonsai-0.8.4-alpha2507221439
e50215ddcec551334dbb558fcd45021ab8f0b3a9	refs/tags/bonsai-0.8.4-alpha2507231358
0a50a3cb245210cb472fcdbf6ea8395c9bf7320c	refs/tags/bonsai-0.8.4-alpha2507240612
b76b05fc7194275bbddc63df4e307e3dd8f65d62	refs/tags/bonsai-0.8.4-alpha2507241440
d8ae33dd2a05220d209ec53f53911698de814625	refs/tags/bonsai-0.8.4-alpha2507251024
cfd5d2a4eb5838272f68dac973e74d0af3769887	refs/tags/bonsai-0.8.4-alpha2507251158
1ac5a8d7855dec86a0b9d3eef60c2394c988db3f	refs/tags/bonsai-0.8.4-alpha2507251323
4a2411c05dfba87b51f10b5799aafeb5ced94d6e	refs/tags/bonsai-0.8.4-alpha2507270922
651d92475970ce62677d1ac182e0e0b5e7f26190	refs/tags/bonsai-0.8.4-alpha2507271425
c27f89a109f5c0130a17970275cdf5e25bb4817f	refs/tags/bonsai-0.8.4-alpha2507271448
689d8d16443050734838e31ffd4e8cc6969d79e8	refs/tags/bonsai-0.8.4-alpha2507271454
689d8d16443050734838e31ffd4e8cc6969d79e8	refs/tags/bonsai-0.8.4-alpha2507271457
c8dbb72f69bfe15b61ab6993820b516d09021cef	refs/tags/bonsai-0.8.4-alpha2507272216
eb5df2f8c3ee42f439c70652165cb65fa50d7633	refs/tags/bonsai-0.8.4-alpha2507280327
106b02fad19203f8cb717c83f2b684c26251cd0d	refs/tags/bonsai-0.8.4-alpha2507280646
38b594d159bfa1c7df9d110e6547ca9fc4f10fac	refs/tags/bonsai-0.8.4-alpha2507281428
edd2dcc6c68f92e175aa5350c739c162de87bbf8	refs/tags/bonsai-0.8.4-alpha2507291643
7cd423d4235972096c7e407a9b2d3ae2dae31bc8	refs/tags/bonsai-0.8.4-alpha2507291759
7cd423d4235972096c7e407a9b2d3ae2dae31bc8	refs/tags/bonsai-0.8.4-alpha2507291800
18b2364d52dd0db93db0a44525ce48b6b2c0c210	refs/tags/bonsai-0.8.4-alpha2507311407
5bd9a58936cd303812234f19f34deeff3839a588	refs/tags/bonsai-0.8.4-alpha2507311448
1cb44da76c68b4290c0609a94391ddd943a1b2f6	refs/tags/bonsai-0.8.4-alpha2508011508
7038cbe8718540c8718d84aa6a866159bd63f72d	refs/tags/bonsai-0.8.4-alpha2508020755
823eb7d199225568a450b88c8139371251961b5d	refs/tags/bonsai-0.8.4-alpha2508020811
037fd22b518f52cf9a296aa4156523e3dc10bee3	refs/tags/bonsai-0.8.4-alpha2508040653
4d42512b6a0665b718b7c9a61809b7c188c61d2d	refs/tags/bonsai-0.8.4-alpha2508040702
e00a865bce5699c051c5b8595233cea6ce306a06	refs/tags/bonsai-0.8.4-alpha2508040846
37c05f763e68fafc005fbb44a71046e012cfadea	refs/tags/bonsai-0.8.4-alpha2508041348
d2939067bd5663d5b967532354ff88b5503504ae	refs/tags/bonsai-0.8.4-alpha2508041352
f25ad2a9cbd813457d09023789be965d4e810cb9	refs/tags/bonsai-0.8.4-alpha2508041619
57658eb5dfe2644f188db2fc30555f48b55cc8b1	refs/tags/bonsai-0.8.4-alpha2508050602
8a4739f9c96c15d382dbe2e66fd07f4640826c41	refs/tags/bonsai-0.8.4-alpha2508050656
a498e757123e72b3884b573a34488b7adb4731d9	refs/tags/bonsai-0.8.4-alpha2508050855
d1bcd887ca334daa30a1aa18d9505067ea682813	refs/tags/bonsai-0.8.4-alpha2508051519
c9eb3454910d9a31cd5ba7a1d999207cc38d3aec	refs/tags/bonsai-0.8.4-alpha2508060729
6ffcf363a613315cc729e2a2368452bc094233fe	refs/tags/bonsai-0.8.4-alpha2508060850
6757026e3e1d2da98216cf24c7cafa4fdbc571b5	refs/tags/bonsai-0.8.4-alpha2508060949
2f23f3cdd76a89735e2578bde2b529263e14bcc0	refs/tags/bonsai-0.8.4-alpha2508061003
358395c23796bf3f596e11c9d2406d8eadd5a000	refs/tags/bonsai-0.8.4-alpha2508061319
12c795a482f61540c767be9d309b911abfffc480	refs/tags/bonsai-0.8.4-alpha2508081207
36b86bbb54334b3eb0c28b2e128efc5bd2e6117d	refs/tags/bonsai-0.8.4-alpha2508081413
2597fcb4636860f64a47fc4c9dcf75e7041ec4c8	refs/tags/bonsai-0.8.4-alpha2508081702
9d2a79803a79523579380a77f7f11c7665dacc23	refs/tags/bonsai-0.8.4-alpha2508091103
762f4ff975e4f451947611a35d2b3e0824293287	refs/tags/bonsai-0.8.4-alpha2508092103
8b1ffea91aa365b8d51bd6adf2d47aefe29c7950	refs/tags/bonsai-0.8.4-alpha2508101922
9f92e4853f0ffea9ab2f62596991d1e35801f42f	refs/tags/bonsai-0.8.4-alpha2508110726
39f4abe24334a285b980ba0c7200ec8bf28aecf2	refs/tags/bonsai-0.8.4-alpha2508110750
4423e0bb10158f2b57caf9d75e52429ff25f99b1	refs/tags/bonsai-0.8.4-alpha2508111340
b5e977d7f34e046bec1ccbe4cb4bcdb3eed78fec	refs/tags/bonsai-0.8.4-alpha2508111359
3e5a2e5eb203211332074f1e70913ec88e85b1c7	refs/tags/bonsai-0.8.4-alpha2508120612
55e97fd1702a20ca290f93abf2b45f09093f5599	refs/tags/bonsai-0.8.4-alpha2508120837
8c5830ddabd31fdd192a96ae94901336fec88c2c	refs/tags/bonsai-0.8.4-alpha2508121143
6a42ac773329e2f778ca74e8867e3266ea1340eb	refs/tags/bonsai-0.8.4-alpha2508121406
d57777290b0afb4e2be8dec392a9892348d57e3d	refs/tags/bonsai-0.8.4-alpha2508122338
94a3d58e4962a7c78c98ab12232b510476ea6e26	refs/tags/bonsai-0.8.4-alpha2508130532
8d3b8b24f83c130213f0e8f3ff768961402ba5db	refs/tags/bonsai-0.8.4-alpha2508130924
ff3c5b849eee2ef6343b537c885b971ae6bba452	refs/tags/bonsai-0.8.4-alpha2508131446
6bc318b15c15199dc4e0ff5522a61adcb694cf90	refs/tags/bonsai-0.8.4-alpha2508141456
1fcf2fb53f67c21d11eeb0189fce22109ab94266	refs/tags/bonsai-0.8.4-alpha2508142056
1fcf2fb53f67c21d11eeb0189fce22109ab94266	refs/tags/bonsai-0.8.4-alpha2508142057
b024ba05da3a5d22fe6449d9121bbd5d14e6fbea	refs/tags/bonsai-0.8.4-alpha2508151336
bd0e16cee54dc210e69b83fd8ad157f4091851cd	refs/tags/bonsai-0.8.4-alpha2508151451
0054b27254792ef61204e49b842bc39b5981998d	refs/tags/bonsai-0.8.4-alpha2508161135
0088f3933f9c704012d9954c9961e26fd9f3a76a	refs/tags/bonsai-0.8.4-alpha2508161207
aa97cc25d1a6ef68dbadb5b6b7ce08a595cd6f4b	refs/tags/bonsai-0.8.4-alpha2508161302
f9dc7d5d9432d51f992f44af0888f8c361473639	refs/tags/bonsai-0.8.4-alpha2508180614
ddbe62772d0f5745ba08afe4807e3121dae72490	refs/tags/bonsai-0.8.4-alpha2508180731
3d82eb954fafb58fd4c20803a89c073477c357fa	refs/tags/bonsai-0.8.4-alpha2508181448
ef24bb52a7b474438cc891c5a7d2cf47171f3cb9	refs/tags/bonsai-0.8.4-alpha2508191354
4cbf551c7546334d9dcd9a9f08c9de2ee556e0f7	refs/tags/bonsai-0.8.4-alpha2508201802
dccd9d413965a4ad5eba496fb81b1e7089d0af03	refs/tags/bonsai-0.8.4-alpha2508212055
8903d6a85c2ea045ee02c7ee3579e4909a8c54ad	refs/tags/bonsai-0.8.4-alpha2508252342
1de5940294376ab57fe550b458cebe9bfe880821	refs/tags/bonsai-0.8.4-alpha2508261505
c090073858b4519a5d7519b66f44719e26d43ce1	refs/tags/bonsai-0.8.4-alpha2508271436
39100b7c97767fc0452dec356d8216fa43997cc4	refs/tags/bonsai-0.8.4-alpha2508271832
71a6bf25bccbeaf6fa4c9112a167c9bcd7da4a58	refs/tags/bonsai-0.8.4-alpha2508280611
0d3545c621f095b2eddf7d945696ed7af9ce7542	refs/tags/bonsai-0.8.4-alpha2508281413
0d3545c621f095b2eddf7d945696ed7af9ce7542	refs/tags/bonsai-0.8.4-alpha2508281414
0d3545c621f095b2eddf7d945696ed7af9ce7542	refs/tags/bonsai-0.8.4-alpha2508291209
76e3b8dd55b5e7cadbf8b40681043bf5640ba3b0	refs/tags/bonsai-0.8.4-alpha2508291444
76e3b8dd55b5e7cadbf8b40681043bf5640ba3b0	refs/tags/bonsai-0.8.4-alpha2508291445
34bf374047093a41c1d5aa00ef924cdb4c5f3ad7	refs/tags/bonsai-0.8.4-alpha2508291948
a839183ac290fdbc46b9f5fdd5396c4f60f53bfa	refs/tags/bonsai-0.8.4-alpha2508292137
67fb56966960392c632721bdc9805415afa72fe6	refs/tags/bonsai-0.8.4-alpha2508301805
eba3ced5fe870c2ff3511e54c18e8694a65eaded	refs/tags/bonsai-0.8.4-alpha2509012232
d4918edcd9ffa18d15653f334445d339d4ef53b4	refs/tags/bonsai-0.8.4-alpha2509021328
d4918edcd9ffa18d15653f334445d339d4ef53b4	refs/tags/bonsai-0.8.4-alpha2509021409
5304072892ffd95f8f9c8d0344dd8470c0c7ec8f	refs/tags/bonsai-0.8.4-alpha2509041155
b492110652395f3b7604e345ab22e9c3865d8541	refs/tags/bonsai-0.8.4-alpha2509041410
25c0ed6759b8f8d7de03fe0748658020120e978d	refs/tags/bonsai-0.8.4-alpha2509041433
a53017d9dcf6432ac9c2b905efaa92a31b4c890a	refs/tags/bonsai-0.8.4-alpha2509051245
21137de8a0fa6633a885b9fd0ea200fc1322bcf8	refs/tags/bonsai-0.8.4-alpha2509051328
f945a94fedacdef30ba3359f3e8b3592f17af792	refs/tags/bonsai-0.8.4-alpha2509051411
5400712a7a3896bb09b52d92b7d2db6906091165	refs/tags/bonsai-0.8.4-alpha2509060521
3ad7c52cc44a6a8d107e8c8ac5eb89cf8e1ffa9f	refs/tags/bonsai-0.8.4-alpha2509071109
4f8e37d733a6b604005ece8541f527093741fe82	refs/tags/bonsai-0.8.4-alpha2509071603
9aafa32008a2f5282cee8e53401fb9133e5e03f0	refs/tags/bonsai-0.8.4-alpha2509081928
39702cc543a682c084dde6c5491af8b2946897a7	refs/tags/bonsai-0.8.4-alpha2509091043
8ef083e3af86328ac76494567a71dc15b014e9a9	refs/tags/bonsai-0.8.4-alpha2509091913
d552f247faf542902d312e13f44cdbf827010c14	refs/tags/bonsai-0.8.4-alpha2509092008
d552f247faf542902d312e13f44cdbf827010c14	refs/tags/bonsai-0.8.4-alpha2509092009
e28979ceb7c451962320152b2b21e69118e2cbbe	refs/tags/bonsai-0.8.4-alpha2509100451
e9bad17502080fe4083eb733f3d5f969e68c9b22	refs/tags/bonsai-0.8.4-alpha2509100941
e9bad17502080fe4083eb733f3d5f969e68c9b22	refs/tags/bonsai-0.8.4-alpha2509100942
1e9239b3529e93e6834d27ea7bace19277fb41e2	refs/tags/bonsai-0.8.4-alpha2509101000
10e805b3f1009030d3c859b3915d176360f757bc	refs/tags/bonsai-0.8.4-alpha2509101035
36da945e2d456d49724842c30707db014615d06c	refs/tags/bonsai-0.8.4-alpha2509101247
6497d5f78ea057928ba003926c40ff69a5b0d7db	refs/tags/bonsai-0.8.4-alpha2509111304
6497d5f78ea057928ba003926c40ff69a5b0d7db	refs/tags/bonsai-0.8.4-alpha2509111306
79672f795e117660c26c5228bfb83081153618c4	refs/tags/bonsai-0.8.4-alpha2509111639
ced52862a1fca5e96b9118ce423e7c3bb2eee80c	refs/tags/bonsai-0.8.4-alpha2509121426
41fb8ca583901df181add763fd1f84a8a9e93f0a	refs/tags/bonsai-0.8.4-alpha2509121511
c661bb62ca2717b86a337fb383b1e7e6f353b948	refs/tags/bonsai-0.8.4-alpha2509151001
632e45af18c9e5c95b96f16ef052a9e8c0b6410f	refs/tags/bonsai-0.8.4-alpha2509151328
b5b64d6c4af09f3ea925c8feb261b3df2106ff2f	refs/tags/bonsai-0.8.4-alpha2509151630
f5220fba56761a7dad71e9eb3d1c372b9fdf885f	refs/tags/bonsai-0.8.4-alpha2509152008
3ec7b715659a01496ef4511ff4d9f58358dc38fc	refs/tags/bonsai-0.8.4-alpha2509181254
488dee82d74b4c9f1ca54f4170aacbc89edf3bde	refs/tags/bonsai-0.8.4-alpha2509190818
c0777273748bdfb206b4b7558b111d909eda8b65	refs/tags/bonsai-0.8.4-alpha2509191408
730eafa74f578739bfe9aadab2dcb545ca25e1da	refs/tags/bonsai-0.8.4-alpha2509192038
64aa1d07fbaecbce1ae750df3b535f01abe4002c	refs/tags/bonsai-0.8.4-alpha2509212126
64aa1d07fbaecbce1ae750df3b535f01abe4002c	refs/tags/bonsai-0.8.4-alpha2509212127
10a99fff058b07c9001c0ffd1b0c9ccaeee3943e	refs/tags/bonsai-0.8.4-alpha2509230112
ab5917313508513a89d4c4417e261383f7415157	refs/tags/bonsai-0.8.4-alpha2509230933
bd3250aff6a14f617ed913024dad4cfe19cb11a6	refs/tags/bonsai-0.8.4-alpha2509241243
14ed4d1d08de5340d5df03531d16349cda6cd359	refs/tags/bonsai-0.8.4-alpha2509241528
a717b348e07c12d87888dfb32d8e88b9d0289963	refs/tags/bonsai-0.8.4-alpha2509241742
798beb0030e2fb10f970b46ea0e7b13039abe1d5	refs/tags/bonsai-0.8.4-alpha2509242047
21137b926885e6a9a1aca449bf6297d2cf62c8f7	refs/tags/bonsai-0.8.4-alpha2509251958
080056806ebdf0d4b3753ef0425c72dbac666598	refs/tags/bonsai-0.8.4-alpha2509261654
080056806ebdf0d4b3753ef0425c72dbac666598	refs/tags/bonsai-0.8.4-alpha2509261655
aea0395fd6eafbe9cb6a0afcacf7fff8b832f413	refs/tags/bonsai-0.8.4-alpha2509270059
960a90e36c9dab396170d3bc0f909968f1eacccd	refs/tags/bonsai-0.8.4-alpha2509270158
0fe869c169ebc46e7b856e76a7687c82ddf206ca	refs/tags/bonsai-0.8.4-alpha2509280815
0532ceb029171473292b5cccceea3731d39ab412	refs/tags/bonsai-0.8.4-alpha2509281030
bfa981709a4ab2c8247878b5398b58bd7bae1b22	refs/tags/bonsai-0.8.4-alpha2509290043
ceac85ca021ee631a63dfaa9ac7c2abbcd36b30c	refs/tags/bonsai-0.8.4-alpha2509290101
e02d6c3f4b66952f39796485b2d12e95a8972164	refs/tags/bonsai-0.8.4-alpha2509291151
e02d6c3f4b66952f39796485b2d12e95a8972164	refs/tags/bonsai-0.8.4-alpha2509291204
725cb40ef27155e9d90caa05b4639a78d038a0dc	refs/tags/bonsai-0.8.4-alpha2509291328
725cb40ef27155e9d90caa05b4639a78d038a0dc	refs/tags/bonsai-0.8.4-alpha2509291329
34c92d4d9c9524a128235b6cf1bbc7fc0a16a9c9	refs/tags/bonsai-0.8.4-alpha2509291330
34c92d4d9c9524a128235b6cf1bbc7fc0a16a9c9	refs/tags/bonsai-0.8.4-alpha2509291332
34c92d4d9c9524a128235b6cf1bbc7fc0a16a9c9	refs/tags/bonsai-0.8.4-alpha2509291333
34c92d4d9c9524a128235b6cf1bbc7fc0a16a9c9	refs/tags/bonsai-0.8.4-alpha2509291334
34c92d4d9c9524a128235b6cf1bbc7fc0a16a9c9	refs/tags/bonsai-0.8.4-alpha2509291335
34c92d4d9c9524a128235b6cf1bbc7fc0a16a9c9	refs/tags/bonsai-0.8.4-alpha2509291336
8722350c0b1fd12fd9f74a11527763445d9385e5	refs/tags/bonsai-0.8.4-alpha2509291337
53def55dc9b39ee08d525b34e386c06d795248e1	refs/tags/bonsai-0.8.4-alpha2509291338
53def55dc9b39ee08d525b34e386c06d795248e1	refs/tags/bonsai-0.8.4-alpha2509291339
53def55dc9b39ee08d525b34e386c06d795248e1	refs/tags/bonsai-0.8.4-alpha2509291341
53def55dc9b39ee08d525b34e386c06d795248e1	refs/tags/bonsai-0.8.4-alpha2509291343
53def55dc9b39ee08d525b34e386c06d795248e1	refs/tags/bonsai-0.8.4-alpha2509291344
53def55dc9b39ee08d525b34e386c06d795248e1	refs/tags/bonsai-0.8.4-alpha2509291345
f6ebf80fabb11bb6e2167cb17bc165b220cee8c5	refs/tags/bonsai-0.8.4-alpha2509301248
ec2d0bfa4a89f8b611ea0107cff3c12a5c18b335	refs/tags/bonsai-0.8.4-alpha2510020344
8800c14105701d3f2a631ab24462477a3c29f101	refs/tags/bonsai-0.8.4-alpha2510020421
92f9d5f5066a47ffe38ffcb7ecfa3d2ed54412ae	refs/tags/bonsai-0.8.4-alpha2510021828
efa8382fc5afdd644f5bfc94bed8d896d7f0b62c	refs/tags/bonsai-0.8.4-alpha2510021945
ab0a602f9f1b79f913f587d253b389afc517982d	refs/tags/bonsai-0.8.4-alpha2510041400
fe333051df69ba72d87ae00e8264267242840cc8	refs/tags/bonsai-0.8.4-alpha2510041640
add5132dec4a2b754937256c3e2edd9be60f39e3	refs/tags/bonsai-0.8.4-alpha2510050411
478f90c2d44a41855158ef247eac5155120abab9	refs/tags/bonsai-0.8.4-alpha2510050744
0bb21fedaeeb65437ba89d7aa4b9e4c158177f17	refs/tags/bonsai-0.8.4-alpha2510050810
cb77f9bd268661713c505136330b721e71cf3483	refs/tags/bonsai-0.8.4-alpha2510050831
2ede8a220657c2b059416ae174c69de2de1b371e	refs/tags/bonsai-0.8.4-alpha2510050842
bd5d4cecbf83b9eb6424245909e9304c4e729109	refs/tags/bonsai-0.8.4-alpha2510050914
e3d8473d47d2f6a5bed974630166644449d9439d	refs/tags/bonsai-0.8.4-alpha2510050924
86880e9e6209b054b76f12231eac10de3354dfdc	refs/tags/bonsai-0.8.4-alpha2510051220
ac5a44a962a533c8f7975ec704439cf536aae274	refs/tags/bonsai-0.8.4-alpha2510051549
c195799801fa0947ad61b40bba90608f68babee3	refs/tags/bonsai-0.8.4-alpha2510060119
a11f81f2ceaf776498ef8bd63f0f3f605461c297	refs/tags/bonsai-0.8.4-alpha2510060307
2173a562be2844eafab62601af68c2179e9eedd7	refs/tags/bonsai-0.8.4-alpha2510060315
ccccbe23f47bf9aaef6ad6f1daba3a399555c272	refs/tags/bonsai-0.8.4-alpha2510060333
a2ccff67ca4e4cb8a817a119edf2ed8de2375401	refs/tags/bonsai-0.8.4-alpha2510060446
a2ccff67ca4e4cb8a817a119edf2ed8de2375401	refs/tags/bonsai-0.8.4-alpha2510060449
a2ccff67ca4e4cb8a817a119edf2ed8de2375401	refs/tags/bonsai-0.8.4-alpha2510060450
a2ccff67ca4e4cb8a817a119edf2ed8de2375401	refs/tags/bonsai-0.8.4-alpha2510060451
a2ccff67ca4e4cb8a817a119edf2ed8de2375401	refs/tags/bonsai-0.8.4-alpha2510060452
a2ccff67ca4e4cb8a817a119edf2ed8de2375401	refs/tags/bonsai-0.8.4-alpha2510060453
e662308665294807f4909d24df4f6e0d272edbe8	refs/tags/bonsai-0.8.4-alpha2510060520
b68ce088111901eef07b3da1fc5656f86db4eca4	refs/tags/bonsai-0.8.4-alpha2510060558
839c5ad932278d6a423bd3596461e863742a4953	refs/tags/bonsai-0.8.4-alpha2510060603
99fa77edee34307006cca9a4c64d4a0479771ad3	refs/tags/bonsai-0.8.4-alpha2510060623
25dacc8fed1a8b9fb533557ca4f6761a344a4240	refs/tags/bonsai-0.8.4-alpha2510061218
3aa5ddb07064f6a14f520476cff14c6882f1d6cc	refs/tags/bonsai-0.8.4-alpha2510070128
cf611113860ec775465f4b7361b4e792d6ac9736	refs/tags/bonsai-0.8.4-alpha2510070206
2e4b0e83a213dd5c30cd690864de2e766f405f6b	refs/tags/bonsai-0.8.4-alpha2510070234
bd0cfa536631fd07bb78bfab830dd3e85ba9b011	refs/tags/bonsai-0.8.4-alpha2510070345
4ab2664529f97e654576683dc832bf25b81de376	refs/tags/bonsai-0.8.4-alpha2510071943
89c039252bfb9f0f5c596d9c64c1c6d6d48446f6	refs/tags/bonsai-0.8.4-alpha2510102228
23c60b38fda443f3b16caf24f12d1a01aaada794	refs/tags/bonsai-0.8.4-alpha2510110325
9c1f636cd4327e947de5e8458c7f8f4bfd7d6992	refs/tags/bonsai-0.8.4-alpha2510110710
92ae79f64ed432d43e0b66ed25fa69d29db415c8	refs/tags/bonsai-0.8.4-alpha2510110749
71d5239823930f300bc46528edab98a2064e0054	refs/tags/bonsai-0.8.4-alpha2510110802
df0e8bba8c1c3d89a56e6377da72aa7c60f9a128	refs/tags/bonsai-0.8.4-alpha2510110816
b68e8dedd26d5b592cee26e7604b549257181228	refs/tags/bonsai-0.8.4-alpha2510110940
cb5c488cfd33e0addae640eac7b3fc25a3b24499	refs/tags/bonsai-0.8.4-alpha2510111010
cc6ef0268f4c1e05d56f63b0fb2e30a3ad0da970	refs/tags/bonsai-0.8.4-alpha2510111453
dd22264877bdb5cbd268d33a46211afb1ebe36ab	refs/tags/bonsai-0.8.4-alpha2510111927
b68aca04ae5f093311d1ca2063d59e1108c304ec	refs/tags/bonsai-0.8.4-alpha2510112242
44cc12763ba429fe1cc8ece4a2db0318bc49566c	refs/tags/bonsai-0.8.4-alpha2510112247
471bd34fc6148c8e59f4643d424f88230c463a84	refs/tags/bonsai-0.8.4-alpha2510121001
d3a5071d9d3fa9d6da63c8eea04de4db3b1aa6a6	refs/tags/bonsai-0.8.4-alpha2510121007
0073a4c0a2ec040e0a71bfe951adf8e2599f9bdb	refs/tags/bonsai-0.8.4-alpha2510121021
96d05300bbf89aea685915f8252e4e8e2f9faf9b	refs/tags/bonsai-0.8.4-alpha2510121457
1dd477d382f4b3f6aad532b851c3beb9de20463c	refs/tags/bonsai-0.8.4-alpha2510121718
f5f676cf517fa18ac8f8b58ccc420e25491431fd	refs/tags/bonsai-0.8.4-alpha2510121747
1b451d45cfc34a47b80b347ebcbb56260f0fe00b	refs/tags/bonsai-0.8.4-alpha2510121851
3343f3fb353add4e4038daf0e2d4a76dc07b762c	refs/tags/bonsai-0.8.4-alpha2510122049
155827528a9336cf4d1ef5ea1eaea812126f93a3	refs/tags/bonsai-0.8.4-alpha2510122108
65237cab655512152437a2043ba4c81a110d8c5c	refs/tags/bonsai-0.8.4-alpha2510122145
8014980b8863770bd7c18c83635c6fe16cb908a9	refs/tags/bonsai-0.8.4-alpha2510122153
322a2179e51a9ec4802fe9e35039c7e3e29f9678	refs/tags/bonsai-0.8.4-alpha2510131625
322a2179e51a9ec4802fe9e35039c7e3e29f9678	refs/tags/bonsai-0.8.4-alpha2510131626
b0ae0a2c82bc1b2d53791fce0f78164f3ddf20e7	refs/tags/bonsai-0.8.4-alpha2510141630
b0ae0a2c82bc1b2d53791fce0f78164f3ddf20e7	refs/tags/bonsai-0.8.4-alpha2510141631
f52aafdd6ade8590cc7a474d9d859498aaf0e0d8	refs/tags/bonsai-0.8.4-alpha2510150253
ead849625dbbd95af1759d4dc55bce5a6201460f	refs/tags/bonsai-0.8.4-alpha2510170211
5885924bb7d3a2a9dfc25a33a5281271127eac4f	refs/tags/bonsai-0.8.4-alpha2510181747
486651e0b7486a1d1177901a302a64f06c093c1e	refs/tags/bonsai-0.8.4-alpha2510181843
546a042d40e6dcd02af5ff9fb9c416d7f8897de6	refs/tags/bonsai-0.8.4-alpha2510202349
8fcc622b8abc337dcbcc789c70cd79ee56264e6d	refs/tags/bonsai-0.8.4-alpha2510212312
008292df0f44891df696e6f0ddf8581de9fdafb3	refs/tags/bonsai-0.8.4-alpha2510220007
008292df0f44891df696e6f0ddf8581de9fdafb3	refs/tags/bonsai-0.8.4-alpha2510220009
008292df0f44891df696e6f0ddf8581de9fdafb3	refs/tags/bonsai-0.8.4-alpha2510220010
52b899d070e0b8b97993736231d170224027a14a	refs/tags/bonsai-0.8.4-alpha2510220031
bb3cd7e49c690161136b05b61134936c7db6c255	refs/tags/bonsai-0.8.4-alpha2510220408
1f47aadc9405151d2352a8e804a4a46f727d7dcd	refs/tags/bonsai-0.8.4-alpha2510220514
381b0d379a5eeb2d77a9a656293a48f144a52bfd	refs/tags/bonsai-0.8.4-alpha2510220704
d5d942bb2e9173e6ad39737b65691324e2dc042e	refs/tags/bonsai-0.8.4-alpha2510221507
a6d20c0cc4b7861ad05905465b6234deca021c01	refs/tags/bonsai-0.8.4-alpha2510221943
4f467d199e1c25e7802f4ac3894b067820988a05	refs/tags/bonsai-0.8.4-alpha2510222140
d1453e1139218b8f9a88ecc74c8948db923e580d	refs/tags/bonsai-0.8.4-alpha2510222159
d1453e1139218b8f9a88ecc74c8948db923e580d	refs/tags/bonsai-0.8.4-alpha2510222200
5dbfe539acf15e6bf04e69651bbedef6f938327c	refs/tags/bonsai-0.8.4-alpha2510231332
8824e6e2c246253eb85ba49f1fb255af8b0b2daa	refs/tags/bonsai-0.8.4-alpha2510240148
2dac1378010cfe16b3209a014b99910079c20e2b	refs/tags/bonsai-0.8.4-alpha2510240309
2dac1378010cfe16b3209a014b99910079c20e2b	refs/tags/bonsai-0.8.4-alpha2510240311
fc0cdfabb986653afe9ca57737fd6fa831ecc089	refs/tags/bonsai-0.8.4-alpha2510240812
fc0cdfabb986653afe9ca57737fd6fa831ecc089	refs/tags/bonsai-0.8.4-alpha2510240813
90bf56d9baaeede98f1190bcc827811f565ed576	refs/tags/bonsai-0.8.4-alpha2510242128
5910b397666bc0f89c33211478a867920ec3231a	refs/tags/bonsai-0.8.4-alpha2510251156
5910b397666bc0f89c33211478a867920ec3231a	refs/tags/bonsai-0.8.4-alpha2510251159
e82ca0e9321122a1a7087f4ea38a173c7faaa70c	refs/tags/bonsai-0.8.4-alpha2510251308
aed70c8a02dec50592c16ae023259bf8d2c6e6c5	refs/tags/bonsai-0.8.4-alpha2510251321
f0a1efa1f2a922d6cc4a0f0e9391beffef333240	refs/tags/bonsai-0.8.4-alpha2510251325
f0a1efa1f2a922d6cc4a0f0e9391beffef333240	refs/tags/bonsai-0.8.4-alpha2510251326
fa46fe0cf00fbcb422fcfe6640a5275f298c81d2	refs/tags/bonsai-0.8.4-alpha2510251327
fa46fe0cf00fbcb422fcfe6640a5275f298c81d2	refs/tags/bonsai-0.8.4-alpha2510251328
fa46fe0cf00fbcb422fcfe6640a5275f298c81d2	refs/tags/bonsai-0.8.4-alpha2510251329
7cb1f07a0bc8d92a4f16d0f5e832c85d90218511	refs/tags/bonsai-0.8.4-alpha2510251912
806aa14bd0b4cd0ed09ef2f58c1736b745b59207	refs/tags/bonsai-0.8.4-alpha2510251956
f9d2d494b1ad7f8a3638499ea1a0ce9c7f4f2817	refs/tags/bonsai-0.8.4-alpha2510260721
d922f0b9adf2917676a5ea087d8f51800cbd7c1d	refs/tags/bonsai-0.8.4-alpha2510260812
d922f0b9adf2917676a5ea087d8f51800cbd7c1d	refs/tags/bonsai-0.8.4-alpha2510260813
e5ae19fd34cc47520f29a28271aa5b6ad393110a	refs/tags/bonsai-0.8.4-alpha2510260837
69863ce4a99d59e89faec7a4b01b46ad18e61557	refs/tags/bonsai-0.8.4-alpha2510260904
89defa9b6b0a0606a1bcb02bab2223062fa84512	refs/tags/bonsai-0.8.4-alpha2510260920
c40ecdd550fa08c347422cd422bcacae5915e6e1	refs/tags/bonsai-0.8.4-alpha2510260932
05ff47fcff632ff62c836dbd2595b9c410c7b327	refs/tags/bonsai-0.8.4-alpha2510260939
90ccaf4aab1bf5f05a6b586e01b5cf06a7afc60a	refs/tags/bonsai-0.8.4-alpha2510260947
b503061dc0a20fa88c1d42098aea17b3c1c630ef	refs/tags/bonsai-0.8.4-alpha2510260958
eea585a3cd53fd025520c5bba54c02a1a3222edc	refs/tags/bonsai-0.8.4-alpha2510261134
0d3be9d101d9d86557b932f2bba1f53402ff2b80	refs/tags/bonsai-0.8.4-alpha2510261153
5f65e218789d01e84b8a221ea024e69d84cbb548	refs/tags/bonsai-0.8.4-alpha2510261205
6df5632f91653cc3bec676178b88ca2789139aa5	refs/tags/bonsai-0.8.4-alpha2510261232
6df5632f91653cc3bec676178b88ca2789139aa5	refs/tags/bonsai-0.8.4-alpha2510261233
3f2cad0490f220d3e62d32f99c3357522c6664d9	refs/tags/bonsai-0.8.4-alpha2510290325
ba3517f3aac1b1bd9049f62cb921c00fcf67b903	refs/tags/bonsai-0.8.4-alpha2510301446
089edff1db5dcc821a9576b6d318c06ccdfe737b	refs/tags/bonsai-0.8.4-alpha2510310140
9c93b12084a472ba84af9fbf93ed719dad97c128	refs/tags/bonsai-0.8.4-alpha2510311351
7329c485ea0e9033bf7fdcf8b0217b9ef9080c55	refs/tags/bonsai-0.8.4-alpha2510311504
3bdfbebc02599746cd00193c953be47820a4a6bb	refs/tags/bonsai-0.8.4-alpha2511031437
aeed371888e98f124f25a611e609a98bdfaf4cf1	refs/tags/bonsai-0.8.4-alpha2511041425
b46136e9f8f77f0d8eca106ea7170896a602d626	refs/tags/bonsai-0.8.4-alpha2511051256
169c4392a9c5fe28425c41ab67a2f73526bb1133	refs/tags/bonsai-0.8.4-alpha2511051439
8db22cdaf7ee715b63da177146f1847756e3f757	refs/tags/bonsai-0.8.4-alpha2511061347
06c1668e4282f16a31cad0ecf15fd36956dca361	refs/tags/bonsai-0.8.4-alpha2511061921
06c1668e4282f16a31cad0ecf15fd36956dca361	refs/tags/bonsai-0.8.4-alpha2511061924
862713cda4b4034e8fb869a1d9bb2ddfddb311ef	refs/tags/bonsai-0.8.4-alpha2511070257
9d4c980e02f7e78b3b7d650e14227e0118455c28	refs/tags/bonsai-0.8.4-alpha2511071050
9d4c980e02f7e78b3b7d650e14227e0118455c28	refs/tags/bonsai-0.8.4-alpha2511071051
c08cc58904983093f0062620253ce25338c8ca8c	refs/tags/bonsai-0.8.4-alpha2511071414
3d68bbc0ca74b3cc08e518680fbcb244c02cedb0	refs/tags/bonsai-0.8.4-alpha2511081512
a2dbdbf8ccb740e76c9e9295560930b38c818bda	refs/tags/bonsai-0.8.4-alpha2511081642
5a511eecc1691b80167745dce08bebb1d69eec34	refs/tags/bonsai-0.8.4-alpha2511081846
ed2b2de79a742872114fd376d7ad63b537b12c72	refs/tags/bonsai-0.8.4-alpha2511081900
593e0e28a9deb8b8a917adce8725125b2c8638a2	refs/tags/bonsai-0.8.4-alpha2511082236
7a5bd03216a5cbc2ba340f73db67840d87c62ec7	refs/tags/bonsai-0.8.4-alpha2511091945
ad62c75f4f4e2f3e35ea945de0cf99e502d53992	refs/tags/bonsai-0.8.4-alpha2511092059
05e81040ce12d0ea51f8feabab107e825822caaa	refs/tags/bonsai-0.8.4-alpha2511101053
f056e22f60b577f1becfc86e6c748c2209195f17	refs/tags/bonsai-0.8.4-alpha2511101059
af4851f03a0087149e624a871e820dfd8ceed464	refs/tags/bonsai-0.8.4-alpha2511101409
25d3edc537272457ac1c5323048c4c6230b5419f	refs/tags/bonsai-0.8.4-alpha2511111457
b8adddc6488065d26d8ced1cb8b64ee1ed6cf2b9	refs/tags/bonsai-0.8.4-alpha2511111725
87d1b0637a8310df38ab182260dfdeabd48a1462	refs/tags/bonsai-0.8.4-alpha2511111848
91d67e6371e6ac9fbd2e01b208102f49d635d940	refs/tags/bonsai-0.8.4-alpha2511111958
0df7117d3714f781c86ba246236d981ef84e34f6	refs/tags/bonsai-0.8.4-alpha2511112027
d8ece32d62346472d226f7eef2999dc568838606	refs/tags/bonsai-0.8.4-alpha2511112233
abef655482b83df00b2bb254776143d20a36be1c	refs/tags/bonsai-0.8.4-alpha2511120218
abef655482b83df00b2bb254776143d20a36be1c	refs/tags/bonsai-0.8.4-alpha2511120220
080222ffe6ea3e08c1f0a4fc45589cd9a085b1ce	refs/tags/bonsai-0.8.4-alpha2511120757
e8eb5e4d0a1ec09db0ebe770fffe1963624704f1	refs/tags/bonsai-0.8.4-alpha2511121214
e8eb5e4d0a1ec09db0ebe770fffe1963624704f1	refs/tags/bonsai-0.8.4-alpha2511121215
9adc8e484a8571fd6f442f4bcdd5452682086a23	refs/tags/bonsai-0.8.4-alpha2511121735
9adc8e484a8571fd6f442f4bcdd5452682086a23	refs/tags/bonsai-0.8.4-alpha2511121852
fe80620a5dec082282dbd7f35c10c17a675107b7	refs/tags/bonsai-0.8.4-alpha2511131416
36cb625c4e3c8e163d0cb26ff019c85a189d820c	refs/tags/bonsai-0.8.4-alpha2511151352
dc0b73f46f6c2d5de0dbb9208f8b47b388f1e528	refs/tags/bonsai-0.8.4-alpha2511151406
f32ccec154b2672dc5d601e3706cde2fab31af41	refs/tags/bonsai-0.8.4-alpha2511151425
40cf322fb448c3fabb74e0a7444f9c292b6e11f8	refs/tags/bonsai-0.8.4-alpha2511151558
bb1127d815d7f5651221a68f056dee180fdc0e46	refs/tags/bonsai-0.8.4-alpha2511160110
a038fa62baadff8793f8a17e9367b9be03d283a4	refs/tags/bonsai-0.8.4-alpha2511162100
3fbba405d46d0862af07bbffa2d0a490885cfc69	refs/tags/bonsai-0.8.4-alpha2511170609
3fbba405d46d0862af07bbffa2d0a490885cfc69	refs/tags/bonsai-0.8.4-alpha2511170612
a7c8c908fea9b4ed9782a1ed920114f7a430f05a	refs/tags/bonsai-0.8.4-alpha2511171130
a7c8c908fea9b4ed9782a1ed920114f7a430f05a	refs/tags/bonsai-0.8.4-alpha2511171131
a7c8c908fea9b4ed9782a1ed920114f7a430f05a	refs/tags/bonsai-0.8.4-alpha2511171138
487a4f345d757ba09f27b5074f4c37f433830ede	refs/tags/bonsai-0.8.4-alpha2511171307
c5f6d47c44640cbc3ea66b532140c5dec2d1d317	refs/tags/bonsai-0.8.4-alpha2511171430
1b9acadd81525d2202642cfa19673c648aed97a7	refs/tags/bonsai-0.8.4-alpha2511171501
1b9acadd81525d2202642cfa19673c648aed97a7	refs/tags/bonsai-0.8.4-alpha2511171502
8647f9c3574968f369c577597c1ef9a73d898124	refs/tags/bonsai-0.8.4-alpha2511172354
2af7470950d538760a1ec55f39d5ab3a6f2d6479	refs/tags/bonsai-0.8.4-alpha2511181503
2af7470950d538760a1ec55f39d5ab3a6f2d6479	refs/tags/bonsai-0.8.4-alpha2511181504
db7900027e083510d506a317b09a7b65c65663ec	refs/tags/bonsai-0.8.4-alpha2511190944
4dfe15bd88ace27784d1e00f8317584a427dd7e4	refs/tags/bonsai-0.8.4-alpha2511191159
9680f6b29c798bbaf67ccb352813daf24e05ef43	refs/tags/bonsai-0.8.4-alpha2511191203
30093499fa23de7bbed7e26076ea034af0968762	refs/tags/bonsai-0.8.4-alpha2511191207
30093499fa23de7bbed7e26076ea034af0968762	refs/tags/bonsai-0.8.4-alpha2511191208
b4558f7f759dda23d097494c11a49bd6a3c28433	refs/tags/bonsai-0.8.5
6bd7f02208dff3aa23b7c138e619d82e6fe5e787	refs/tags/bonsai-0.8.5-alpha2511212228
fe502577c9bfca095712a508f00ee64ff22ce413	refs/tags/bonsai-0.8.5-alpha2511212256
481676e51b65cb93e520b9f073123f22a06b212b	refs/tags/bonsai-0.8.5-alpha2511212307
ca2058d56b3b494e0504d7956d1fce647f014870	refs/tags/bonsai-0.8.5-alpha2511212330
584d37de509f9646f6f82f37223d4000f4c75229	refs/tags/bonsai-0.8.5-alpha2511220017
27d0b04db5f55b88cc7a1030c529327d066a5b73	refs/tags/bonsai-0.8.5-alpha2511220803
63921e3fd87fa09d1b1283bb1a0ab7ba5e22762b	refs/tags/bonsai-0.8.5-alpha2511221232
a77f1b9fd1c93b866cd02a46912a6810683143f2	refs/tags/bonsai-0.8.5-alpha2511221429
9c39ac0a489658dde27e13293246d3d1913097b9	refs/tags/bonsai-0.8.5-alpha2511221713
b7b6e4aadfd1a5ca28ab4745e63fa23290bd9b11	refs/tags/bonsai-0.8.5-alpha2511221949
57bc709b6fef6381bbb2810da15e568290c4a77a	refs/tags/bonsai-0.8.5-alpha2511222039
0d0b6cc6b2ce37e626df15f947035ac0509b5c9f	refs/tags/bonsai-0.8.5-alpha2511222141
bfd5b1bede1772032014b024587449e3be52e814	refs/tags/bonsai-0.8.5-alpha2511222253
d7ac5f24418ebaa6e76dcf98b4f129661f9c5571	refs/tags/bonsai-0.8.5-alpha2511231409
3dd7290ee1b160b9f3012d0b73079ad4de4ee086	refs/tags/bonsai-0.8.5-alpha2511231444
592c51b526cbc5edba320bcb35d273c6f7778ccc	refs/tags/bonsai-0.8.5-alpha2511231916
97a501036b43ef432ec511f332978bb40d77e68a	refs/tags/bonsai-0.8.5-alpha2511240023
1d0b4675c0f750f85b1dab699b530a443190fa36	refs/tags/bonsai-0.8.5-alpha2511240602
5a4d60e08cdc7e6644357cbd7d87e9cbc6e67a2f	refs/tags/bonsai-0.8.5-alpha2511271231
fcf561400472a8c4a4258c4f59e61e14526aaac3	refs/tags/bonsai-0.8.5-alpha2511271550
c828c1b08da1904230bf56210e9595c8aa0bd63d	refs/tags/bonsai-0.8.5-alpha2511272157
5b5609314736a2fd26bd77719bfe7550b87c24e9	refs/tags/bonsai-0.8.5-alpha2511281604
5a8f557e7f0b0943c8c0b5c152ee69c40aee4fdd	refs/tags/bonsai-0.8.5-alpha2511281641
5a8f557e7f0b0943c8c0b5c152ee69c40aee4fdd	refs/tags/bonsai-0.8.5-alpha2511281642
ffe9f65b3c7333d7d106cc846616a8a9833bc7d4	refs/tags/bonsai-0.8.5-alpha2511282223
1b2ad6c93f633df46d55f65bf97e730461fd7e6c	refs/tags/bonsai-0.8.5-alpha2511292114
8d617c87c8e3d406be166dcbc4beb9673636f773	refs/tags/bonsai-0.8.5-alpha2511292153
8f3e67b747e766ae98b23f6237fbffc474fc1c0b	refs/tags/bonsai-0.8.5-alpha2511300936
8f7cf76d98f76074c925f06abe65562cba9d6401	refs/tags/bonsai-0.8.5-alpha2511301029
5b1e599b5f4f05d5ad28357c422dfac48a8be836	refs/tags/bonsai-0.8.5-alpha2511302055
5b1e599b5f4f05d5ad28357c422dfac48a8be836	refs/tags/bonsai-0.8.5-alpha2511302056
5b1e599b5f4f05d5ad28357c422dfac48a8be836	refs/tags/bonsai-0.8.5-alpha2511302058
3b83f978abd09df620d173b508179866b696abff	refs/tags/bonsai-0.8.5-alpha2511302155
e3d254d3e5ba23f57b3c7191c551d03286077167	refs/tags/bonsai-0.8.5-alpha2512010107
5b7888984eb98f190e337b1f5eafcc25a37d7685	refs/tags/bonsai-0.8.5-alpha2512010203
ad812bda47f123fc4606239a2990a89c7d52c14b	refs/tags/bonsai-0.8.5-alpha2512010302
f0834256569715d903650ad508b31a6e2645498f	refs/tags/bonsai-0.8.5-alpha2512011702
349cbf27b98c335d7623c7df89076394ce4b61c9	refs/tags/bonsai-0.8.5-alpha2512011706
c769c9e67c43efbc20f38b1f85976198db37f5c5	refs/tags/bonsai-0.8.5-alpha2512012214
c769c9e67c43efbc20f38b1f85976198db37f5c5	refs/tags/bonsai-0.8.5-alpha2512012217
0ee084b5d999b06d0ea80cda5b220bf8d300fd32	refs/tags/bonsai-0.8.5-alpha2512012334
0ee084b5d999b06d0ea80cda5b220bf8d300fd32	refs/tags/bonsai-0.8.5-alpha2512012335
9807c2bedfc7f62aa33b00aeeb5f716829d0f82a	refs/tags/bonsai-0.8.5-alpha2512021112
9807c2bedfc7f62aa33b00aeeb5f716829d0f82a	refs/tags/bonsai-0.8.5-alpha2512021113
f50bbe83a39c6246ae5c0ec4db7d871b0329580f	refs/tags/bonsai-0.8.5-alpha2512021601
30e750d77008dcbbcf2f4c06782683f73abbf348	refs/tags/bonsai-0.8.5-alpha2512021714
0555523c9848673d558071bbcab502f00e71698e	refs/tags/bonsai-0.8.5-alpha2512041459
b4135194cafd9adf8d6e0bda3ae24d8e143253e0	refs/tags/bonsai-0.8.5-alpha2512071807
b4135194cafd9adf8d6e0bda3ae24d8e143253e0	refs/tags/bonsai-0.8.5-alpha2512071809
7a62f65af0d1a9cf90f57dd4bfe1482b084b5603	refs/tags/bonsai-0.8.5-alpha2512101421
d91d7257c8cc4b3759238f878ca45cedf55c6e42	refs/tags/bonsai-0.8.5-alpha2512101544
592ac168c5b26595d536d13ddb97b110e5e6f4d4	refs/tags/bonsai-0.8.5-alpha2512110309
f5b1d7695ac425a1b5badb02c5e594dec868442d	refs/tags/bonsai-0.8.5-alpha2512111302
f5b1d7695ac425a1b5badb02c5e594dec868442d	refs/tags/bonsai-0.8.5-alpha2512111303
37f3199749b632133806484e406574614bf30dae	refs/tags/bonsai-0.8.5-alpha2512111939
a2a5780d59df97bfe31fdd41947b66253b65dcc3	refs/tags/bonsai-0.8.5-alpha2512131538
6ab7acfa57532383cae78962ac86b608da808f8b	refs/tags/bonsai-0.8.5-alpha2512140246
cf5ffad9af7dc911d1a3c9a90767fb8c950f7dbc	refs/tags/bonsai-0.8.5-alpha2512151918
5a108b1c0ec826fd49271ef38277e32c6c1ea259	refs/tags/bonsai-0.8.5-alpha2512160743
5a108b1c0ec826fd49271ef38277e32c6c1ea259	refs/tags/bonsai-0.8.5-alpha2512160744
5a108b1c0ec826fd49271ef38277e32c6c1ea259	refs/tags/bonsai-0.8.5-alpha2512160747
33ba7c45b9f12de52f8b9e879163a9470025dfc7	refs/tags/bonsai-0.8.5-alpha2512160845
33ba7c45b9f12de52f8b9e879163a9470025dfc7	refs/tags/bonsai-0.8.5-alpha2512160849
21c4382b7105ec302cb708bea69a21c44ec0580e	refs/tags/bonsai-0.8.5-alpha2512161256
3f7eba246726eb16be07b7b4b37390f77f6d7b68	refs/tags/bonsai-0.8.5-alpha2512171849
3f7eba246726eb16be07b7b4b37390f77f6d7b68	refs/tags/bonsai-0.8.5-alpha2512171850
3ebb046619e43a1f42087e95fb9be1959cbfe0a4	refs/tags/bonsai-0.8.5-alpha2512180320
bc5e4d79351dab6870b424fafb40e13890413e35	refs/tags/bonsai-0.8.5-alpha2512180330
2581c36a5f66e5b2cc4eb549de7c7029d3faca18	refs/tags/bonsai-0.8.5-alpha2512181350
ba142d3b1612f9f153ed2f4a8120b118f618fac3	refs/tags/bonsai-0.8.5-alpha2512181442
ba142d3b1612f9f153ed2f4a8120b118f618fac3	refs/tags/bonsai-0.8.5-alpha2512181444
30dbf48f6df47865f00b38db25e5dab4905421a1	refs/tags/bonsai-0.8.5-alpha2512181629
30dbf48f6df47865f00b38db25e5dab4905421a1	refs/tags/bonsai-0.8.5-alpha2512181631
2ed991ebcee6b6f97feea60e6ae66cb2cf894fc5	refs/tags/bonsai-0.8.5-alpha2512181837
f2eb777b3b2d6bb347538eef80f5271703bc8fb5	refs/tags/bonsai-0.8.5-alpha2512190816
eba44053108ed1f650c0badcef81c00617380878	refs/tags/bonsai-0.8.5-alpha2512191237
eba44053108ed1f650c0badcef81c00617380878	refs/tags/bonsai-0.8.5-alpha2512191239
eba44053108ed1f650c0badcef81c00617380878	refs/tags/bonsai-0.8.5-alpha2512191240
eba44053108ed1f650c0badcef81c00617380878	refs/tags/bonsai-0.8.5-alpha2512191241
eba44053108ed1f650c0badcef81c00617380878	refs/tags/bonsai-0.8.5-alpha2512191242
29176330e8a2728490726e0016437c94ab2e4432	refs/tags/bonsai-0.8.5-alpha2512191343
13be6ccd45a3788062c8dde7d9cfe12db25e9734	refs/tags/bonsai-0.8.5-alpha2512191358
45de750790665b4341b31372bbfe2b0149b30fa1	refs/tags/bonsai-0.8.5-alpha2512191844
276a488c7e4e28f81adf16c166e87c27a5fdcd38	refs/tags/bonsai-0.8.5-alpha2512200317
b0450597d00c27c5ca338310bfd703fa14b6f670	refs/tags/bonsai-0.8.5-alpha2512211257
cc559212a3831d7cb68dca67be0cabdfd743f585	refs/tags/bonsai-0.8.5-alpha2512221459
1a7947aa7523c7162827de65e2a5b8a5d0c12e0d	refs/tags/bonsai-0.8.5-alpha2512240730
f3669db8e7368afc1dae6ae3ad2be70f2b14ab29	refs/tags/bonsai-0.8.5-alpha2512241420
7fdf815d3c7a99fbfe336b0a8944623570d13e52	refs/tags/bonsai-0.8.5-alpha2512241434
05f7ffcbccdcce0a17654089225e3fbe4417ff15	refs/tags/bonsai-0.8.5-alpha2512260032
96fe9b5398e26f6d53c3e7e0dadd4dfc67acf514	refs/tags/bonsai-0.8.5-alpha2512260105
19534e225f0a2d585352baa7b9cbd4e2752930f0	refs/tags/bonsai-0.8.5-alpha2512260130
bc6209ad91dbb0c09d011f25b0ecb130629410fb	refs/tags/bonsai-0.8.5-alpha2512260318
7fcdec0a4c16c5943c0478725b9349558fb330c7	refs/tags/bonsai-0.8.5-alpha2512271523
d69b4927a21fbd623be852827195cf67b756c1a0	refs/tags/bonsai-0.8.5-alpha2512271600
1fd8878796c80ca136001f47bf0ee242073d4b60	refs/tags/bonsai-0.8.5-alpha2512281147
f83fd665da9f894db95c9aad7e6feb57ed69576e	refs/tags/bonsai-0.8.5-alpha2512300458
22dddea0e073a7ec49db2f3e41a06054aa2435af	refs/tags/bonsai-0.8.5-alpha2512301641
99b162f712bdb7d387d38624c574643bcf30c6fc	refs/tags/bonsai-0.8.5-alpha2512311343
93de429e03312435f94f80b75847b4ddd6f3a8ff	refs/tags/bonsai-0.8.5-alpha2512311352
9bac66a01baae521338e0b6845f6ce63aebad854	refs/tags/bonsai-0.8.5-alpha2601031755
c20ed44a0f8dc668d2a7bc64c144c0ba64c3ca55	refs/tags/bonsai-0.8.5-alpha2601032159
56861b9403c7b63d005feb3fe9bbd980c8d0e3cf	refs/tags/bonsai-0.8.5-alpha2601032205
4874f7770b9c0ffa30022855cc611fe6f3c7d9fd	refs/tags/bonsai-0.8.5-alpha2601032252
cb081910833758e7d3c224ee2ac7bf094fc97309	refs/tags/bonsai-0.8.5-alpha2601040010
db623f4e734217ba6dbe0e5f802d1da91580197f	refs/tags/bonsai-0.8.5-alpha2601041018
a17b0604e1a9653a6af25236eb88c6c80ff7dfed	refs/tags/bonsai-0.8.5-alpha2601041142
a17b0604e1a9653a6af25236eb88c6c80ff7dfed	refs/tags/bonsai-0.8.5-alpha2601041143
831c3190cc5f06dbb53b0faa8876112d28990fdf	refs/tags/bonsai-0.8.5-alpha2601041916
c848462905a40c259728d1e4b3ab9e842137a2d0	refs/tags/bonsai-0.8.5-alpha2601071447
e9eca5e3f2579d2117b2787b0a7ea9a1018a05ba	refs/tags/bonsai-0.8.5-alpha2601071508
a460e29473622c75685eedf6a2f531dc9aff1905	refs/tags/bonsai-0.8.5-alpha2601081541
0c3153ab7f56fb2d7714d5ff2678dcec8f10a1ef	refs/tags/bonsai-0.8.5-alpha2601092321
b78db3cae065d405018a2cba5bfbba2069d00671	refs/tags/bonsai-0.8.5-alpha2601101044
8205408a66713a1e9629ee9cc15d4393dc00686a	refs/tags/bonsai-0.8.5-alpha2601101424
c2b72440a271e6b7d1ae8faa905d6e09d9930969	refs/tags/bonsai-0.8.5-alpha2601101431
15bbdc808527df58bec62627d146c9f6123ae890	refs/tags/bonsai-0.8.5-alpha2601101536
15bbdc808527df58bec62627d146c9f6123ae890	refs/tags/bonsai-0.8.5-alpha2601101537
7f87f1fb89fb001320223a4d85e6267f342bf13c	refs/tags/bonsai-0.8.5-alpha2601120043
d29cecab309eb7e78fe92457d11afc478168ec4d	refs/tags/bonsai-0.8.5-alpha2601120235
d29cecab309eb7e78fe92457d11afc478168ec4d	refs/tags/bonsai-0.8.5-alpha2601120236
1f845569a5b366fd597e844e389635a16654a0d4	refs/tags/bonsai-0.8.5-alpha2601121123
18a25ffb0ef38f4ca73e87777c541c7eb57363a2	refs/tags/bonsai-0.8.5-alpha2601121320
3c8ab262747392ecf3a3cfa76a75cca7fef1218b	refs/tags/bonsai-0.8.5-alpha2601122230
249e68f16395b5b273466930dd21ffefc0ac512a	refs/tags/bonsai-0.8.5-alpha2601130137
9adbd4718103b1a9fef2737a3a798bb66daa1ebc	refs/tags/bonsai-0.8.5-alpha2601131745
9adbd4718103b1a9fef2737a3a798bb66daa1ebc	refs/tags/bonsai-0.8.5-alpha2601131746
46a6356f93f1b38fe89765d5c9324cebeed166f3	refs/tags/bonsai-0.8.5-alpha2601131834
bb50be389e3010fe85bed02ab3aeb96afba30a35	refs/tags/bonsai-0.8.5-alpha2601142215
26fb6ebd3c28b4d1950dbca3e50afb4a9381e856	refs/tags/bonsai-0.8.5-alpha2601150030
26fb6ebd3c28b4d1950dbca3e50afb4a9381e856	refs/tags/bonsai-0.8.5-alpha2601150031
8060c790ed2018e02b1b99eb1f1d5348cb2d56f0	refs/tags/bonsai-0.8.5-alpha2601151100
8060c790ed2018e02b1b99eb1f1d5348cb2d56f0	refs/tags/bonsai-0.8.5-alpha2601151101
d79524b087fb7e4099584f4cbebe3e8e8eb46457	refs/tags/bonsai-0.8.5-alpha2601152021
d79524b087fb7e4099584f4cbebe3e8e8eb46457	refs/tags/bonsai-0.8.5-alpha2601152022
242f1aab35ad11b5d04afa927e01307e8eaeaef9	refs/tags/bonsai-0.8.5-alpha2601152326
233ad63bca01caafcfffa4fa3f381ad05505872a	refs/tags/bonsai-0.8.5-alpha2601160912
9d1dcf9034df46b6f2cc70660a87a1c8b0c13b74	refs/tags/bonsai-0.8.5-alpha2601161257
16a90cadb55d63319d5e7d60a255e3a0e4ab0952	refs/tags/bonsai-0.8.5-alpha2601170657
1576ade1477546ac752571fa08840f4fac97229c	refs/tags/bonsai-0.8.5-alpha2601172312
1576ade1477546ac752571fa08840f4fac97229c	refs/tags/bonsai-0.8.5-alpha2601172314
e55955b72a6f7d33ca7cbd7ca3deea4f474de8cd	refs/tags/bonsai-0.8.5-alpha2601210716
e55955b72a6f7d33ca7cbd7ca3deea4f474de8cd	refs/tags/bonsai-0.8.5-alpha2601210717
db52703ce317c152b0ee677ee4505fde352b9463	refs/tags/bonsai-0.8.5-alpha2601210754
41c6eba193230b7d12f03b8feedcb6bfcfdd1709	refs/tags/bonsai-0.8.5-alpha2601210843
421d454ce82bc896f16ee8519ef660178cb8887f	refs/tags/bonsai-0.8.5-alpha2601211243
f89cf88bc0974db51384b863c059eeee6e5aee41	refs/tags/bonsai-0.8.5-alpha2601212236
84d55d896916afa3116f11a22f1b2a00dfb88481	refs/tags/bonsai-0.8.5-alpha2601212354
bbda8d2aff7ac7989e4c7f43406037a8e3108481	refs/tags/bonsai-0.8.5-alpha2601220835
bbda8d2aff7ac7989e4c7f43406037a8e3108481	refs/tags/bonsai-0.8.5-alpha2601220836
247f0c41d96ff59d58edfbdf21693417652a3e10	refs/tags/bonsai-0.8.5-alpha2601230432
5dd771c5e5a2730361a0128bb77a085bf11a7e11	refs/tags/bonsai-0.8.5-alpha2601230452
5c31ae4c371c18525096a1ceda84dc9618c5de39	refs/tags/bonsai-0.8.5-alpha2601231103
5c31ae4c371c18525096a1ceda84dc9618c5de39	refs/tags/bonsai-0.8.5-alpha2601231104
3983bfa46748f5042c5f232050bc41dd91e0b5c9	refs/tags/bonsai-0.8.5-alpha2601231336
cf52607528042bd9b36a49227846dd3c6c37d84b	refs/tags/bonsai-0.8.5-alpha2601240320
0d8c4c779568378e1e8a680452f7c821d6bc1eb0	refs/tags/bonsai-0.8.5-alpha2601241203
884661a454f117da9f95791d30311e2c0b3a088c	refs/tags/bonsai-0.8.5-alpha2601242343
0e4f2fada1435bfafefd54dfd6b8af1e69252274	refs/tags/bonsai-0.8.5-alpha2601250316
0e4f2fada1435bfafefd54dfd6b8af1e69252274	refs/tags/bonsai-0.8.5-alpha2601250317
b4caf3b2ddb534f65e00bb1e8c034c45e93400be	refs/tags/bonsai-0.8.5-alpha2601250427
d62a6186b50d5ab71296a51eb14b27cfe08d287f	refs/tags/bonsai-0.8.5-alpha2601251302
2f5bcccd2c417d7f5224e6bb6dff11f62b23d068	refs/tags/bonsai-0.8.5-alpha2601261110
2f5bcccd2c417d7f5224e6bb6dff11f62b23d068	refs/tags/bonsai-0.8.5-alpha2601261118
953c5fddc6f1cf385081021dd4f0d51a4fe9567a	refs/tags/bonsai-0.8.5-alpha2601261214
44a52863a2bbf2bed8c9e7a026ad5db273b78483	refs/tags/bonsai-0.8.5-alpha2601261233
de6f6cc8b2ad0be8fe1f9decec4693e7145b8c21	refs/tags/bonsai-0.8.5-alpha2601270154
2a60f46516bda2ff34439b118392926d7c195db6	refs/tags/bonsai-0.8.5-alpha2601270814
bbf8fc2b645b6b46d97589b56aacf0d7c47806a6	refs/tags/bonsai-0.8.5-alpha2601270828
24a58cba405ddca878ff30d3a35ac0f285b5e7a1	refs/tags/bonsai-0.8.5-alpha2601272215
79fa47fc2fa8a2e4b9d961c6c386e4ea23f2ed6d	refs/tags/bonsai-0.8.5-alpha2601280651
ff35666ad9284a9259c887c687fe3d418e793b86	refs/tags/bonsai-0.8.5-alpha2601280700
6f78d60c9fd73da9f74729248dba1cd9c98b5d13	refs/tags/bonsai-0.8.5-alpha2601281022
53e5f847302f32cdbe681a6ccfa9870dd15a116e	refs/tags/bonsai-0.8.5-alpha2601281049
53e5f847302f32cdbe681a6ccfa9870dd15a116e	refs/tags/bonsai-0.8.5-alpha2601281050
34303c2cfe7db3dd7e8c01b57fe611ef4777a0c8	refs/tags/bonsai-0.8.5-alpha2601281226
34303c2cfe7db3dd7e8c01b57fe611ef4777a0c8	refs/tags/bonsai-0.8.5-alpha2601281228
34303c2cfe7db3dd7e8c01b57fe611ef4777a0c8	refs/tags/bonsai-0.8.5-alpha2601281229
5ce6d927f31c718bb1817e63588a08b3a243f993	refs/tags/bonsai-0.8.5-alpha2601281240
0e8c98a7bbea6d5680b33a75dfbba36d38b47ca5	refs/tags/bonsai-0.8.5-alpha2601290034
cc995db98ba7b852312478f25811b32c083f5ebe	refs/tags/bonsai-0.8.5-alpha2601290812
c1aa1dedba96d11497f4f77958ea7d50d0f2e034	refs/tags/bonsai-0.8.5-alpha2601290834
398cd7571e282a5e25d144ef76008893311dba58	refs/tags/bonsai-0.8.5-alpha2601300632
398cd7571e282a5e25d144ef76008893311dba58	refs/tags/bonsai-0.8.5-alpha2601300633
22f91e11b339c4649ee723db055b7e82deac04a7	refs/tags/bonsai-0.8.5-alpha2601300754
22f91e11b339c4649ee723db055b7e82deac04a7	refs/tags/bonsai-0.8.5-alpha2601300811
22f91e11b339c4649ee723db055b7e82deac04a7	refs/tags/bonsai-0.8.5-alpha2601300821
6409f41cdf2f608946d52f26460529cfc46fa88e	refs/tags/bonsai-0.8.5-alpha2601301105
6409f41cdf2f608946d52f26460529cfc46fa88e	refs/tags/bonsai-0.8.5-alpha2601301314
6409f41cdf2f608946d52f26460529cfc46fa88e	refs/tags/bonsai-0.8.5-alpha2601301318
6409f41cdf2f608946d52f26460529cfc46fa88e	refs/tags/bonsai-0.8.5-alpha2601301325
6409f41cdf2f608946d52f26460529cfc46fa88e	refs/tags/bonsai-0.8.5-alpha2601301329
6409f41cdf2f608946d52f26460529cfc46fa88e	refs/tags/bonsai-0.8.5-alpha2601301334
611a898ada157b9d5cb9b5081b96b12405581da5	refs/tags/bonsai-0.8.5-alpha2601302008
13f03b74878fceccbd0cbf7f72767a564f6b99d9	refs/tags/bonsai-0.8.5-alpha2602010800
2d2e8e51aa34306d127dce089f341a911d0572c0	refs/tags/bonsai-0.8.5-alpha2602010821
950e147bdef9b170cc1952c0394314a231762e63	refs/tags/bonsai-0.8.5-alpha2602021534
9dff1441d7b61fa396fedd5f891521695ec37abd	refs/tags/bonsai-0.8.5-alpha2602030724
d6b636909f86b12e58aac14d873bd7b05a17bea9	refs/tags/bonsai-0.8.5-alpha2602030955
a62b177b194735b6232fa56de53cf9cbd4f84448	refs/tags/bonsai-0.8.5-alpha2602031422
79ef6eb55c337a4804d1480c992eb7148603a14f	refs/tags/bonsai-0.8.5-alpha2602041458
79ef6eb55c337a4804d1480c992eb7148603a14f	refs/tags/bonsai-0.8.5-alpha2602041459
79ef6eb55c337a4804d1480c992eb7148603a14f	refs/tags/bonsai-0.8.5-alpha2602041513
79ef6eb55c337a4804d1480c992eb7148603a14f	refs/tags/bonsai-0.8.5-alpha2602041530
a54b21b838edd49636634e78ee44eb6430db86a7	refs/tags/bonsai-0.8.5-alpha2602051238
2692341d3ad7c921412b3c8ab7f4f05801207e1f	refs/tags/bonsai-0.8.5-alpha2602052311
5e9f97a0c7a7776f744d8ef899042635c2dd96e1	refs/tags/bonsai-0.8.5-alpha2602060512
02fab6eee219d4d04d2847379343af29cb4c3c3f	refs/tags/bonsai-0.8.5-alpha2602060535
17b88fff229ebf14d93af3957488753fce3c50bb	refs/tags/bonsai-0.8.5-alpha2602080817
740fcf77684909a1d560f93029d21616bc5a34fc	refs/tags/bonsai-0.8.5-alpha2602120130
a88c5938dc7933461e2a9ccf5c4e763a351fbecd	refs/tags/bonsai-0.8.5-alpha2602141819
b246998f68c710e36d82247bd5133e19aa1851f5	refs/tags/bonsai-0.8.5-alpha2602150829
1d1f158fe231f8cbb9b4a5a2082fb9ac6802005d	refs/tags/bonsai-0.8.5-alpha2602152123
1d1f158fe231f8cbb9b4a5a2082fb9ac6802005d	refs/tags/bonsai-0.8.5-alpha2602152124
8cfb162851888202d03b3812552d4f306cedc3cb	refs/tags/bonsai-0.8.5-alpha2602160657
e20e286168092ce52d1ea8da417a60f66c7f50d0	refs/tags/bonsai-0.8.5-alpha2602160725
e20e286168092ce52d1ea8da417a60f66c7f50d0	refs/tags/bonsai-0.8.5-alpha2602160726
e20e286168092ce52d1ea8da417a60f66c7f50d0	refs/tags/bonsai-0.8.5-alpha2602160728
37fe0ad9934a3bd427efa7027f79d5c47f582702	refs/tags/bonsai-0.8.5-alpha2602170018
c6b14d14747088be9b350c76d19cf6130a4c7036	refs/tags/bonsai-0.8.5-alpha2602170239
fcc80ad14a66468d3a353124bd4fd3a30e9875a2	refs/tags/bonsai-0.8.5-alpha2602170711
ed500d58ba3cb093bc56beacef62eed5514b4f2f	refs/tags/bonsai-0.8.5-alpha2602170716
418d410b5c0e0a5d775249f12d0be611bdb2a4df	refs/tags/bonsai-0.8.5-alpha2602172211
7141f2cf90b1f70f7cec2037a6fb3c714239c44c	refs/tags/bonsai-0.8.5-alpha2602182353
d4388ec76dc869473169f267a26fe56bbd881211	refs/tags/bonsai-0.8.5-alpha2602190056
1751c36c67d9ff43eeae00327656ef4f5e01d87c	refs/tags/bonsai-0.8.5-alpha2602191003
514cbb49cc9d6d21d36c58ef545ca5e1f82dfb03	refs/tags/bonsai-0.8.5-alpha2602222346
7d8c7a2c3d1b18666e1483cdf2372604e2b86e95	refs/tags/bonsai-0.8.5-alpha2602231309
dcc25038f909b1827cd091c2899b52d55ab6f1eb	refs/tags/bonsai-0.8.5-alpha2602232304
ece7d6b97f0446d69a5782aac2cef3874f5409a7	refs/tags/bonsai-0.8.5-alpha2602251321
0be348707c84dad9a387c78627c707cb7e65c20e	refs/tags/bonsai-0.8.5-alpha2602251629
e3464b395eca262fe529465cff1ca5b6655c4ff6	refs/tags/bonsai-0.8.5-alpha2602261138
e3464b395eca262fe529465cff1ca5b6655c4ff6	refs/tags/bonsai-0.8.5-alpha2602261139
58c69f9d35ac975b42417f397ee8afeaf802e07c	refs/tags/bonsai-0.8.5-alpha2602261213
db377e21788bbcf859f106e7d51a73b8277275c5	refs/tags/bonsai-0.8.5-alpha2602271158
61cfa48c2c78e7340cf3cd368cb3d9c2654a285c	refs/tags/bonsai-0.8.5-alpha2603030746
61cfa48c2c78e7340cf3cd368cb3d9c2654a285c	refs/tags/bonsai-0.8.5-alpha2603030748
f9486be17226ad2851646294bb68860423b19c56	refs/tags/bonsai-0.8.5-alpha2603061409
f7bee258c609425a96b085bae4773662e374cb5b	refs/tags/bonsai-0.8.5-alpha2603111339
71442bd4d40ca2b9c19ecb1df4d6a417d2a53c6d	refs/tags/bonsai-0.8.5-alpha2603121134
8bd3fab6088b4cc8354260800ba075ae46bd90a6	refs/tags/bonsai-0.8.5-alpha2603121521
1576302caf6dcbbec984e2aab0699b7093c87d43	refs/tags/bonsai-0.8.5-alpha2603130657
90db564b4b4a21c62626da551aeea0ee96603847	refs/tags/bonsai-0.8.5-alpha2603131526
473d689cf210c064d98f70169314886c7611d49a	refs/tags/bonsai-0.8.5-alpha2603140225
ea64f1b6b9427706b2b0dca6138216a23648e6b6	refs/tags/bonsai-0.8.5-alpha2603140937
82adf4d18cba6c798904014aba365885b234d463	refs/tags/bonsai-0.8.5-alpha2603142004
6e0f24105ed312b24a9079710916d527fdc5797f	refs/tags/bonsai-0.8.5-alpha2603142028
273ecfe8e4ee3701c54c5be248f37508cbd89830	refs/tags/bonsai-0.8.5-alpha2603142124
b14da14614ed522fed724fb852cce10e611e046b	refs/tags/bonsai-0.8.5-alpha2603150126
256e4d2191c540886fea164cebfd3a713ea1f58a	refs/tags/bonsai-0.8.5-alpha2603150156
9c8f25739c2afc795ac58ea01c1a2ab58047c045	refs/tags/bonsai-0.8.5-alpha2603150827
2edd1a5044ba12f5543a04bdb37ef27c405441ba	refs/tags/bonsai-0.8.5-alpha2603151039
2edd1a5044ba12f5543a04bdb37ef27c405441ba	refs/tags/bonsai-0.8.5-alpha2603151040
c3a87c8f9c3e7ecc83c26ab6de090031c7fc936b	refs/tags/bonsai-0.8.5-alpha2603151230
868bb5c39e67799ea9804d177986036d39425cdd	refs/tags/bonsai-0.8.5-alpha2603151242
8c9e89ace88699e52c7e1f1b3bca5ef6cabdba27	refs/tags/bonsai-0.8.5-alpha2603151250
1999d93f9a5572b19f8aaa4c96a294588c5a66f9	refs/tags/bonsai-0.8.5-alpha2603152030
7e987be00f6bd509d36948ef58e4fafb98263e65	refs/tags/bonsai-0.8.5-alpha2603161010
ba36dc82ff1213a093e1627be70c4b4b28f97053	refs/tags/bonsai-0.8.5-alpha2603161028
c36e7badae3a64aa1d8387ab4b40ddbbd7316830	refs/tags/bonsai-0.8.5-alpha2603171314
c33509364cb8feaedf425d1ecd3c69fa30886d80	refs/tags/bonsai-0.8.5-alpha2603180505
f2e2e324b1cd150305ae3e78ea86b8ff60cab9fe	refs/tags/bonsai-0.8.5-alpha2603180725
ec6c268cdb44a0fc365c44f1c8ad754458868e57	refs/tags/bonsai-0.8.5-alpha2603180817
9c22dc6013e84e159d2b2a224fd280d44ccc65d2	refs/tags/bonsai-0.8.5-alpha2603201045
d0f20371bdcbb62364d88d6feea00d797c106ff0	refs/tags/bonsai-0.8.5-alpha2603201210
c026dd3b6e7116b170ebc899d488f0cb31d46d1f	refs/tags/bonsai-0.8.5-alpha2603201233
94c15213f661564d49a9385e0f6802c9faabb8dd	refs/tags/bonsai-0.8.5-alpha2603210910
547b22199f50d5d1b0bca5305ea36a31fde199e6	refs/tags/bonsai-0.8.5-alpha2603212302
41469acbc8642868ee430945c7b55e0ae4145e9e	refs/tags/bonsai-0.8.5-alpha2603220258
1771b344496f9406d6d1a37818ab27dca07bcc5f	refs/tags/bonsai-0.8.5-alpha2603220309
ecde429d36d7387224b036390c1692a056429835	refs/tags/bonsai-0.8.5-alpha2603220343
75b8d4f218be186c77501a2a63cb0df843ca0692	refs/tags/bonsai-0.8.5-alpha2603220428
d8de623086571ffcfcb1465f66b136fbffdba1b8	refs/tags/bonsai-0.8.5-alpha2603221114
cf2acfc64954a332b35b0c2995c4ad6942d83a8b	refs/tags/bonsai-0.8.5-alpha2603221225
1aec991f08de3cc1b9ef9ea4f62324818dac3e80	refs/tags/bonsai-0.8.5-alpha2603232255
23ba9e4db0c2b0f8b7cc0e31f033a5252e217659	refs/tags/bonsai-0.8.5-alpha2603232257
8b8f78095d8241cd809900c6a2b002e23dd8af6c	refs/tags/bonsai-0.8.5-alpha2603232300
611273a20ad265eff1f5f9eaf5c00c8525e648ff	refs/tags/bonsai-0.8.5-alpha2603250400
1a849395c26e64d86933afc92b0590b2b9d1f0b1	refs/tags/bonsai-0.8.5-alpha2603260238
31b571322b52703252aa7e3bb4fbbd7039fd3100	refs/tags/bonsai-0.8.5-alpha2603271806
0d8ba7138405d97f5f46bd861325cb063338451d	refs/tags/bonsai-0.8.5-alpha2603292047
c214d255c95ffc4654329f6c6abf0f352357b4ab	refs/tags/bonsai-0.8.5-alpha2603292111
17eaef778a7402f3b08754a779f4b0017c6d977d	refs/tags/bonsai-0.8.5-alpha2603300631
da470c5135e3ebdfe8c3b5b625450d9735db0c82	refs/tags/bonsai-0.8.5-alpha2604010537
70a4fdbf95ae1f0605c00726462c3e09b61db753	refs/tags/bonsai-0.8.5-alpha2604011114
39a376df958dce43e7d9ed469b58cdbba24c1b33	refs/tags/bonsai-0.8.5-alpha2604011146
5e784e4175c83e5659335a709eea00ac4f35b876	refs/tags/bonsai-0.8.5-alpha2604012303
fdb29473452e6f90a384dbc9daf751ca097fa7f9	refs/tags/bonsai-0.8.5-alpha2604020045
9d42f4c1eee7fc5ed928f3ec3a8416ae76d529c7	refs/tags/bonsai-0.8.5-alpha2604020705
eaf7950677005f6916ab4ebc9ae1e847f15b0071	refs/tags/bonsai-0.8.5-alpha2604030224
918cc65a0da33ddc20cb97d6c19a42051b959b38	refs/tags/bonsai-0.8.5-alpha2604030923
12144f76d3a58ee6d4d7cfdadfed204809a5668d	refs/tags/bonsai-0.8.5-alpha2604032319
0a1c54cedc55c254be4bfb8bee251649bf573e09	refs/tags/bonsai-0.8.5-alpha2604040256
12123baafecd4e5f3404501c916882813eec949b	refs/tags/bonsai-0.8.5-alpha2604040322
97ee4eaef0b576a6d262be60254aeacb90968d7b	refs/tags/bonsai-0.8.5-alpha2604041731
1c7e134d78ebf6bd67bc7fdf8f1de07c0bc66978	refs/tags/bonsai-0.8.5-alpha2604041843
5436467fc56c90149bf3d325fe9119e9c183f8e5	refs/tags/bonsai-0.8.5-alpha2604041849
ab7d9fdf4a519b74ca82bde48ac9518fee9683d9	refs/tags/bonsai-0.8.5-alpha2604052143
27d9cae8ff534922dc367b78970711bdbba6bd37	refs/tags/bonsai-0.8.5-alpha2604072127
3fbf01f44676662a6f44bf7ed5301bd5b6fa37fb	refs/tags/bonsai-0.8.5-alpha2604081148
b4558f7f759dda23d097494c11a49bd6a3c28433	refs/tags/bonsai-0.8.5-alpha2604090006
7169dcd0537ac6e9336c2788ccd8f4d6ebf24967	refs/tags/bonsai-0.8.5-alpha2604101231
8eb0060d4a1d7f970b69087e5ab8f5f24702c60e	refs/tags/bonsai-0.8.5-alpha2604101255
5a3160eb626f82761d58ac8d5f756f6ce4787bce	refs/tags/bonsai-0.8.5-alpha2604101302
98338e08316967a3c0ef45af368ead6db5d3a6e5	refs/tags/bonsai-0.8.5-alpha2604101306
a3efa7e9ee6391946bfae8931e8fbadf0fd22092	refs/tags/bonsai-0.8.5-alpha2604101411
e7db239647d98580dbb30c3af1bf68a66158f64c	refs/tags/bonsai-0.8.5-alpha2604101946
9246be710c4ae5d1c4c5aae1431ff666c1d14bc0	refs/tags/bonsai-0.8.5-alpha2604150559
e6258ab4a8e8c76d18b743ea80a6f7699809319b	refs/tags/bonsai-0.8.5-post1
e6258ab4a8e8c76d18b743ea80a6f7699809319b	refs/tags/bonsai-0.8.5.post1
e6258ab4a8e8c76d18b743ea80a6f7699809319b	refs/tags/bonsai-0.8.6-alpha2604131441
9246be710c4ae5d1c4c5aae1431ff666c1d14bc0	refs/tags/bonsai-0.8.6-alpha2604141501
29fe41edd013c2d657979ea904c37c932af6b201	refs/tags/bonsai-0.8.6-alpha2604151406
e392d2da6e79a880faff10f2a4102bebf74342f8	refs/tags/bonsai-0.8.6-alpha2604201516
e392d2da6e79a880faff10f2a4102bebf74342f8	refs/tags/bonsai-0.8.6-alpha2604201517
4adaf0d61f7934c6efc52db83ebd6e4ffacee131	refs/tags/bonsai-0.8.6-alpha2604201555
e4f5c630db53ca782dd1b7dc3faf6cd809755bab	refs/tags/bonsai-0.8.6-alpha2604212246
247a445458389c03bad44e5b40627753afe2b615	refs/tags/bonsai-0.8.6-alpha2604250615
8b5b4006aa1a5314159b4e6176a75e099fba81e4	refs/tags/bonsai-0.8.6-alpha2604261928
c999a92aa7c61484539dff4268e15806efdc203b	refs/tags/bonsai-0.8.6-alpha2604302247
856631092b3356d2f0d292e1516ca526d914dd11	refs/tags/bonsai-0.8.6-alpha2604302251
c58711a8f79caddba006249847a76b76ac66fb87	refs/tags/bonsai-0.8.6-alpha2604302253
57ef96a909b7f9424881ca9186ff907f7f10ed4c	refs/tags/bonsai-0.8.6-alpha2604302255
c197a45247d1b7258049ca2c969d43e5932f021d	refs/tags/bonsai-0.8.6-alpha2605061132
e78ef865b893933b28d92fac746fe40d8a563d19	refs/tags/bonsai-0.8.6-alpha2605151228
4e406ab1ce906d9487b2a80dc0fd7595ba10b771	refs/tags/bonsai-0.8.6-alpha2605181129
508b99cb731af604e5adab921dacb58793cd4c91	refs/tags/bonsai-0.8.6-alpha2605182017
a64e737d9cb866fb47e55972e14a3ac4b203b227	refs/tags/bonsai-0.8.6-alpha2605191103
7e966927645101c1fbacf399e3f6ba3850938e86	refs/tags/bonsai-0.8.6-alpha2605210959
719309571e9d8c53b158af4ffb8be9ba0cf3f0cb	refs/tags/bonsai-0.8.6-alpha2605251435
45ea5eb07addbb8ed99adb46769d9dc422290841	refs/tags/bonsai-0.8.6-alpha2605251753
4d4c5b4d51df077c8f1d515bb08adea2dd553b65	refs/tags/bonsai-0.8.6-alpha2605262122
b1fa2407a95db49241c2e2512d990cd752c1f034	refs/tags/bonsai-0.8.6-alpha2605271247
1325705d8ee7d89950e58eb4e6c68c1dc9f223b8	refs/tags/bonsai-0.8.6-alpha2605271943
335ee1a1bb80922e4a96e3a92a27671ea92b60d7	refs/tags/bonsai-0.8.6-alpha2605281714
6ba5f5af3dd114d42035f74f8f7e07ca0f53275b	refs/tags/bonsai-0.8.6-alpha2605290225
97e8deb069a6ac955404ec6c2a375fed8184c835	refs/tags/bonsai-0.8.6-alpha2605291016
3f680f5c21c79a78255a18b72a76a85b70103685	refs/tags/bonsai-0.8.6-alpha2605291638
2e5995176a2c380e283cbeabb8f6d1cdd4b6b92d	refs/tags/bonsai-0.8.6-alpha2605301703
3dd3a0d70cb777288feb33abe232321a0e78e2bc	refs/tags/bonsai-0.8.6-alpha2605301909
fd96e6a4d202acdb6985a1e3b17576f5f65c06e6	refs/tags/bonsai-0.8.6-alpha2605302128
d501970352326d421b5f48752dbdf65db4d77d26	refs/tags/bonsai-0.8.6-alpha2605302241
a1c2aecf1b7bcfbf78c8856bb589d62e448aea10	refs/tags/bonsai-0.8.6-alpha2605310253
5eef433abffd8ef1174f678f74d29db1ce942144	refs/tags/bonsai-0.8.6-alpha2605311226
c83b4eb69fcc90c95b290a30684f04fd738ef46f	refs/tags/bonsai-0.8.6-alpha2605311241
f6e95c8e8e4c83b9dcbf998682e5c72b22a5395c	refs/tags/bonsai-0.8.6-alpha2605311933
3f270df11e10fdbc1c54a909461e51eb62ab450b	refs/tags/bonsai-0.8.6-alpha2606010126
728026d3f03a3a24ab08d79cabb752d3d41ee26e	refs/tags/bonsai-0.8.6-alpha2606010131
a3f92eb4270ffe3b2c66abd8e7da64f4619afaef	refs/tags/bonsai-0.8.6-alpha2606010720
431cf435efc153e79dc1d2ddd44d3569f3fb633f	refs/tags/bonsai-0.8.6-alpha2606011202
1c128a2d6ad81902b44f2ab5ecba26d0c7d7eb17	refs/tags/bonsai-0.8.6-alpha2606011244
5dde402f8b479f69e7f9b12c8b5f51688b44c6db	refs/tags/bonsai-0.8.6-alpha2606020131
f158ae7377871b0e3821f9100b84e1401d618508	refs/tags/bonsai-0.8.6-alpha2606020644
06d99feeea34ef71688bc6c29cf41409ca01d9df	refs/tags/bonsai-0.8.6-alpha2606052130
93c6350e0f25557d15debb29a515fc62b16f49de	refs/tags/bonsai-0.8.6-alpha2606070009
bfa2d789f131054622cd982e93df3adcedc28e29	refs/tags/bonsai-0.8.6-alpha2606091231
251157f8d4f9468b0ca14c4eefb28d7cb3557a5d	refs/tags/bonsai-0.8.6-alpha2606101535
251157f8d4f9468b0ca14c4eefb28d7cb3557a5d	refs/tags/bonsai-0.8.6-alpha2606101537
a7738eeb6459e56eb2edde2c09fb6ee776d93913	refs/tags/bonsai-0.8.6-alpha2606101641
0c993d32922ece7895f49410219ec8c72055a7b7	refs/tags/bonsai-0.8.6-alpha2606110728
682bd0a4f75f3abdb73405b0fd5f754f42d92315	refs/tags/bonsai-0.8.6-alpha2606121908
3e7b739d8d2f05767803536475dc5224772d559d	refs/tags/bonsai-0.8.6-alpha2606141828
6a6756de66bf6a2a552824195401138b176616e8	refs/tags/bonsai-0.8.6-alpha2606150757
ca1e2165e83731add1e41b3ec0b5ec7b6d649add	refs/tags/bonsai-0.8.6-alpha2606150823
ed7239526c7f5cfb978c036663f08a66b85b362a	refs/tags/bonsai-0.8.6-alpha2606151401
074021de70261aab75b8f0b341a186e72e5a44a4	refs/tags/bonsai-0.8.6-alpha2606160435
5f1efeffaf010e911f2c5cf147dd5d5eeaff746d	refs/tags/bonsai-0.8.6-alpha2606160834
4d3bff4e3adadb0df0d00b23607c37a3d11cf392	refs/tags/bonsai-0.8.6-alpha2606161131
4d3bff4e3adadb0df0d00b23607c37a3d11cf392	refs/tags/bonsai-0.8.6-alpha2606161135
937270fc493ebf848c2cce3c2c96415d3394e909	refs/tags/bonsai-0.8.6-alpha2606180121
260a387069f9fabcc4f35db88b8027b2bfaf6679	refs/tags/bonsai-0.8.6-alpha2606181517
104eeaf0cdcf1f5e1fd8c3934c6a21e0d38c4ddf	refs/tags/bonsai-0.8.6-alpha2606181539
104eeaf0cdcf1f5e1fd8c3934c6a21e0d38c4ddf	refs/tags/bonsai-0.8.6-alpha2606181541
e2a4e5692f883d6742bc51625f361f06cba0d818	refs/tags/bonsai-0.8.6-alpha2606190707
27b0b920a999ed52a18a37d5f965dbf4d1a7200b	refs/tags/bonsai-0.8.6-alpha2606220909
3c9ee4a71f74b4d40096575c331a0965352d49d1	refs/tags/bonsai-0.8.6-alpha2606221158
262f5f9a85a0faa01af4f5a4d911cb794f5e3c13	refs/tags/bonsai-0.8.6-alpha2606230815
006a24ef32a9c79f24e9880e5364571bdd61796a	refs/tags/bonsai-0.8.6-alpha2606231240
f60a3423d052e8a86edfb206be6d2411ba57aa77	refs/tags/bonsai-0.8.6-alpha2606241508
84abf5e918682777da0145149371c629364e4cff	refs/tags/bonsai-0.8.6-alpha2606251229
77aa080334c8b4873c89816ccb013ddcb76e1c8d	refs/tags/bonsai-0.8.6-alpha2606280847
4004344c20069bb2e9ae1db8e94dd9badb979dcb	refs/tags/bonsai-0.8.6-alpha2606290748
82dd1d94de4baccc5ac62d011289389ff9980a59	refs/tags/bonsai-0.8.6-alpha2606290835
a757641b84a05b86f87cf7dff1da841732d367e7	refs/tags/bonsai-0.8.6-alpha2606291429
e6dc582d823ba85ff24017c6f4b8a2169e67aea8	refs/tags/bonsai-0.8.6-alpha2606300812
a65f291a89b6517b7baf7d31db3740bee0684a53	refs/tags/bonsai-0.8.6-alpha2606300823
1b0a2fd6dedb7fa77f5c4766c384286d7f7dac5d	refs/tags/bonsai-0.8.6-alpha2606301345
315835063c29fa8fff4568f1de1f049b6c907c05	refs/tags/bonsai-0.8.6-alpha2606301810
febde1bbbb94ef5a92b0a79a034cab5309fc83ff	refs/tags/bonsai-0.8.6-alpha2606302023
340d4fb82a602dcdd1b36426cc905e42c9a2d78a	refs/tags/bonsai-0.8.6-alpha2607010903
de65e50fb5d69b2deeac011cfab5fbbce818ca58	refs/tags/bonsai-0.8.6-alpha2607020641
f3e047d78ed734ffdafb7dbe48f4811a26eae489	refs/tags/bonsai-0.8.6-alpha2607021002
1fd732912279b5753c4cb0910acc68637534e4f9	refs/tags/bonsai-0.8.6-alpha2607021011
00ec587296beb3aa296a94a92a5a411f22f5dc01	refs/tags/bonsai-0.8.6-alpha2607021204
0096c0f6a20f58b7d9a9a2a4f924b78cbddbf5b9	refs/tags/bonsai-0.8.6-alpha2607021952
6d3bed1f7dec27c291b2329961ca208f46ecc04b	refs/tags/bonsai-0.8.6-alpha2607022015
0aaafaedc9b77cf4bc9d589fcb6e5f982e2417dc	refs/tags/bonsai-0.8.6-alpha2607030727
5db955d40c7c7026f07e47171570f61627381b3e	refs/tags/bonsai-0.8.6-alpha2607031034
eafa158ca0cd5ba2ca22b5e588b0375cab2efbce	refs/tags/bonsai-0.8.6-alpha2607040835
b549e65ad9ac6592bc052ded440abc69434342ff	refs/tags/bonsai-0.8.6-alpha2607042226
16147917752dd4abbc5577d2cc8d1b2358cbdf45	refs/tags/bonsai-0.8.6-alpha2607052247
6b4c0194ff1a37bb2beac98d443a0f4df1a71fd5	refs/tags/bonsai-0.8.6-alpha2607060640
58cfab48e68a5bcecf2550337191a00b7647fe23	refs/tags/bonsai-0.8.6-alpha2607061115
49de7dbcb14b5191fe91c188b9ddd20e647a20c9	refs/tags/bonsai-0.8.6-alpha2607061121
49de7dbcb14b5191fe91c188b9ddd20e647a20c9	refs/tags/bonsai-0.8.6-alpha2607061125
644b92263d1da7559bdc9f05607121fb8c4723d7	refs/tags/bonsai-0.8.6-alpha2607071900
e0a1988044154307bb0ca0a79dbec47564a14241	refs/tags/bonsai-0.8.6-alpha2607080916
9ae79b42dd27c60db4c86bede45ce52957225dbc	refs/tags/bonsai-0.8.6-alpha2607081328
206cd6bbe19290f87f0b21c0d55ceb5afc899759	refs/tags/bonsai-0.8.6-alpha2607092110
ade03b171a5f9c02f1ace6eea9af98715dae993b	refs/tags/bonsai-0.8.6-alpha2607101654
256d5a63f1650736d2ed45dadeb94727b58e7ad6	refs/tags/bonsai-0.8.6-alpha2607102147
e14b3ec8a07033f2b1d5f7c15c31a6023d391a01	refs/tags/bonsai-0.8.6-alpha2607111011
d16c283aef3a22f75a55ed6069adaa914f8ba651	refs/tags/bonsai-0.8.6-alpha2607112054
5c11946470fb4d2126b2f7b3d38e931ba5143062	refs/tags/bonsai-0.8.6-alpha2607121223
0a8ae147898fdd1696b89f321d3df6635c7363b1	refs/tags/bonsai-0.8.6-alpha2607121228
0a8ae147898fdd1696b89f321d3df6635c7363b1	refs/tags/bonsai-0.8.6-alpha2607121229
69a4be68e8bb4745ae4530eb60e283a36887eebf	refs/tags/bonsai-0.8.6-alpha2607121236
69a4be68e8bb4745ae4530eb60e283a36887eebf	refs/tags/bonsai-0.8.6-alpha2607121237
69a4be68e8bb4745ae4530eb60e283a36887eebf	refs/tags/bonsai-0.8.6-alpha2607121240
980988f208dbb1b674bdee7d2a69279389b23935	refs/tags/bonsai-0.8.6-alpha2607121249
980988f208dbb1b674bdee7d2a69279389b23935	refs/tags/bonsai-0.8.6-alpha2607121251
36e21e882f01e0e902c40aeea467c7d16b697d2c	refs/tags/bonsai-0.8.6-alpha2607122100
6f90badda898946c57247328d94aa5e8ecda0232	refs/tags/bonsai-0.8.6-alpha2607130649
a3950ac191abc1dd4b517a58faffbf9f828cfb4a	refs/tags/bonsai-0.8.6-alpha2607130706
694a44e638548c7c714d34d036ab1280408d5436	refs/tags/bonsai-0.8.6-alpha2607130715
780739719fe03cdf9b3f11cb46a93dd85e0cdaba	refs/tags/bonsai-0.8.6-alpha2607131041
780739719fe03cdf9b3f11cb46a93dd85e0cdaba	refs/tags/bonsai-0.8.6-alpha2607131042
780739719fe03cdf9b3f11cb46a93dd85e0cdaba	refs/tags/bonsai-0.8.6-alpha2607131046
78712ead98529810ad7f13a96c1912a25f1a567d	refs/tags/bonsai-0.8.6-alpha2607141457
e01979187a4439a21c0fa57198286886562fb62f	refs/tags/bonsai-0.8.6-alpha2607151420
d9d1824886a0f331b23955ae14667bfcbbdf180a	refs/tags/bonsai-0.8.6-alpha2607161412
65811ac7c96f2821056d6a52b88d33ddc6b1b2c7	refs/tags/bonsai-0.8.6-alpha2607161817
25441bd816a96e3663261800fb4a5b25a4e1b5d3	refs/tags/bonsai-0.8.6-alpha2607161935
b5a0f1fc74d6315b6985aed16f1ff8c24e90b197	refs/tags/bonsai-0.8.6-alpha2607162357
71a598e63a4e27c99d7b53cbe05c611ea4e8f1ed	refs/tags/bonsai-0.8.6-alpha2607171655
b35f99e63f75510a3c09e567cc14d9f460ee5092	refs/tags/bonsai-0.8.6-alpha2607181740
97a85fe5a7ad4970a69f70d3f28dabfe0defe466	refs/tags/bonsai-0.8.6-alpha2607181931
97a85fe5a7ad4970a69f70d3f28dabfe0defe466	refs/tags/bonsai-0.8.6-alpha2607181934
7ebdd046b689df8ffda21fdf810f3577f3e3cc0f	refs/tags/bonsai-0.8.6-alpha2607182013
397f13e71cafafa76f1b4e845c0034091367c5b9	refs/tags/bonsai-0.8.6-alpha2607182028
a90064929b7698425ebfb3dfb8ea9f0b3ee72a7b	refs/tags/bonsai-0.8.6-alpha2607182233
705af7ba3a2a41962c9e06cb24a340f59c231c01	refs/tags/bonsai-0.8.6-alpha2607190415
824c1fc280c4c9a4c95a6be2dae08bc13ba9e462	refs/tags/bonsai-0.8.6-alpha2607190804
6603c8459a975a4e80cf2f0bc51c983cdcd0d49a	refs/tags/bonsai-0.8.6-alpha2607190810
b61f809731cdef9337792d7713cbbaac134937a6	refs/tags/bonsai-0.8.6-alpha2607191513
f9be61c10b27c325c9ca512054d11e29b0efdae9	refs/tags/bonsai-0.8.6-alpha2607191816
b66d8b2c4dfc7e65116b226ded82705ca74878d1	refs/tags/bonsai-0.8.6-alpha2607191900
21ea58b0e6ecdca2ea417df31e15de2e4857397f	refs/tags/bonsai-0.8.6-alpha2607192250
6014bbd877623ec6e91323619138760d0add297c	refs/tags/bonsai-0.8.6-alpha2607192322
6014bbd877623ec6e91323619138760d0add297c	refs/tags/bonsai-0.8.6-alpha2607192323
6014bbd877623ec6e91323619138760d0add297c	refs/tags/bonsai-0.8.6-alpha2607192327
727b5f3475792ff9065ace9106efa870cbb25b65	refs/tags/bonsai-0.8.6-alpha2607200229
55a2430d7194077afc249c0917a903ad1308e0da	refs/tags/bonsai-0.8.6-alpha2607200627
55a2430d7194077afc249c0917a903ad1308e0da	refs/tags/bonsai-0.8.6-alpha2607200628
2d59ea19883d18fb5801170d2b5b5f4b88d1fb64	refs/tags/bonsai-0.8.6-alpha2607210004
e52e5e2e58625f1e8c5f74428ab83030d58dfb37	refs/tags/bonsai-0.8.6-alpha2607210139
efac8a0ec035fd4c1f40c5c14166e208ea1ff406	refs/tags/bonsai-0.8.6-alpha2607211958
0cfc77030d6f7b20bb393e074a23417248ef53af	refs/tags/bonsai-0.8.6-alpha2607212131
4ceadd8f10966bdf139200250b377d1bc99917f2	refs/tags/bonsai-0.8.6-alpha2607220505
e9e2f89649ba228e5ba1ff371e45552999e10d37	refs/tags/bonsai-0.8.6-alpha2607221019
84b2cf6db047ba24eef1b107a7b5bafddf801d71	refs/tags/bonsai-0.8.6-alpha2607221437
98a25eca960130e8ad8bbdfc937cec7d28080345	refs/tags/bonsai-0.8.6-alpha2607230516
98a25eca960130e8ad8bbdfc937cec7d28080345	refs/tags/bonsai-0.8.6-alpha2607230519
305f8c60037e9db69a2fe29a5cfccc8df9cab011	refs/tags/bonsai-0.8.6-alpha2607231304
60858944331a723118f822edd2bf821709c94496	refs/tags/bonsai-0.8.6-alpha2607231751
e23142d01a570c04fd12e4812b215d77e85fb2df	refs/tags/bonsai-0.8.6-alpha2607231755
e23142d01a570c04fd12e4812b215d77e85fb2df	refs/tags/bonsai-0.8.6-alpha2607231758
d506f5df1ec1656a0fb75b93c82fd03b95810c9a	refs/tags/bonsai-0.8.6-alpha2607231803
5c8eab981cdb33a7cd4d8bc84ca48ecc313cb33f	refs/tags/bonsai-0.8.6-alpha2607240421
3d7d1ff4f3598200571ac757e062d399a74ca641	refs/tags/bonsai-0.8.6-alpha2607240424
836d57e7ff543203a5ed29d8db42be430c0ec99e	refs/tags/bonsai-0.8.6-alpha2607240430
e27624c77f3585cf7619a82e5f67b54b1134ee76	refs/tags/bonsai-0.8.6-alpha2607240440
81a42cec1a771cc802fd32e6ae566333678a5620	refs/tags/bonsai-0.8.6-alpha2607240445
382f5e0c212178121e993f5d7de53953e95588d3	refs/tags/bonsai-0.8.6-alpha2607240454
209c44db8360fece58a2e0252d86ea873b42889e	refs/tags/bonsai-0.8.6-alpha2607240624
82f73c29ea363822a0dc5a69ab66a1e5e8424ebb	refs/tags/bonsai-0.8.6-alpha2607240646
537317b26ff24a4e7bf27189911f8e4d25f99d69	refs/tags/bonsai-0.8.6-alpha2607240719
537317b26ff24a4e7bf27189911f8e4d25f99d69	refs/tags/bonsai-0.8.6-alpha2607240722
d1f9e5243efb09cf84c21b567b8ebee8a23ec5f0	refs/tags/bonsai-0.8.6-alpha2607240731
d63a99b70cee06a3a505fc8c43c6c658f8bdfc4c	refs/tags/bonsai-0.8.6-alpha2607240756
21122c0d282d67d90d5607490c61e9c15ec2dbe3	refs/tags/bonsai-0.8.6-alpha2607240831
e7591356082736d0a5d9a15e9a60ba529841d67e	refs/tags/bonsai-0.8.6-alpha2607240932
76be31561ef4740134ff5bc2ba602411d8e4ab03	refs/tags/bonsai-0.8.6-alpha2607240959
1906481a0103b52f734855a188f7880c9edd134d	refs/tags/bonsai-0.8.6-alpha2607241004
0828c6ba927bee9d8b13d2b4d991b7eaee6c476e	refs/tags/bonsai-0.8.6-alpha2607241044
ec558dc57e65c24e536b1f85d4bd5a7186a069a2	refs/tags/bonsai-0.8.6-alpha2607241458
2f1b2f9638640c4033969228868994a90e109054	refs/tags/bonsai-0.8.6-alpha2607241651
fbe36532a0e0575fd6d60d6ae65ca831dfd0a6bc	refs/tags/bonsai-0.8.6-alpha2607242147
51ab38de273ce1a2de0fc8c69c8f2c3437b9da45	refs/tags/bonsai-0.8.6-alpha2607242221
89523999b3b44e3d33c8a9ea29680e2e8d615275	refs/tags/bonsai-0.8.6-alpha2607250357
9621388953e604a2e3521198a142eef36bfb6de3	refs/tags/bonsai-0.8.6-alpha2607250946
8deefe497cca8b9fd41e29e809ec0d0ad9478169	refs/tags/bonsai-0.8.6-alpha2607261419
1f9a0a53bbbba4c982b785a5744fa677b4bbc5a4	refs/tags/bonsai-0.8.6-alpha2607310819
a11ebdf8c46a33967c48784f9ddc2ab272162150	refs/tags/bonsai-0.8.6-alpha2607311157
e077390e3dffd198233a0b21d5df158a849675db	refs/tags/bonsai-0.8.6-alpha2608012327
048242783eafe097eb9733eee9c99a4ded235682	refs/tags/bonsai-0.8.6-alpha2608051426
c5ba22451f48f6e611cec7d9ec7568f07bd77305	refs/tags/bonsai-0.8.6-alpha2608072133
7ed8584edc6609654cea608d699348c9cca7ce5d	refs/tags/bonsai-0.8.6-alpha2608081735
f05dd4aea529815c49be923e325d251694d9d3f1	refs/tags/bonsai-0.8.6-alpha2608090641
8dc1ee55b58f3952b7fb1ac43eccdc9df59d4c2b	refs/tags/bonsai-0.8.6-alpha2608111014
223f358f2881ad36fc00f9b22c7bbb385f25fcf7	refs/tags/bonsai-0.8.6-alpha2608111531
307836049f045106f0a6565f766fff1272882adf	refs/tags/bonsai-0.8.6-alpha2608122009
1af5cc9bbe5e81814e1fb744f6fa77b41ba869b2	refs/tags/bonsai-0.8.6-alpha2608132105
973f61c6dc676d74379e3e4b3f435080d29d94b9	refs/tags/bonsai-0.8.6-alpha2608192307
9089a20ce3f25040baac4f1f303336c70026cb67	refs/tags/bonsai-0.8.6-alpha2608231326
9089a20ce3f25040baac4f1f303336c70026cb67	refs/tags/bonsai-0.8.6-alpha2608231407
9089a20ce3f25040baac4f1f303336c70026cb67	refs/tags/bonsai-0.8.6-alpha2608231542
4374c81981567c37223731e5baafaf69794bca07	refs/tags/bonsai-0.8.6-alpha2609011735
23f3874de19d398451f8926722dc33c21aff5b74	refs/tags/bonsai-0.8.6-alpha2609131404
511584b36f8d9858957b20b8ebb68c92d61d79b1	refs/tags/bonsai-0.9.0-alpha2608162204
5fa14c3dea0e5b20a952de92ecb509f56bbad47f	refs/tags/bonsai-0.9.0-alpha2608242134
d8081047251d53be3da28a4ce1fabf525b619bff	refs/tags/bonsai-0.9.0-alpha2608250046
151aa2c45ab981660a109ed053b37fef1dff19f1	refs/tags/bonsai-0.9.0-alpha2608250302
13bc8308b14dd4bd2729e849a194ce8328160c45	refs/tags/bonsai-0.9.0-alpha2608251413
3b908aff79ad2407b917655ae860a9fbeba36f4e	refs/tags/bonsai-0.9.0-alpha2608261658
90d6d5f51a056acf0185e33e29a50242d3c33153	refs/tags/bonsai-0.9.0-alpha2608281541
22b7f56ce4943fe14647aa3d096fb3f0e72c43ed	refs/tags/bonsai-0.9.0-alpha2608301841
007cdce98cfb87ee45ffbaabaa2b26d30106beb7	refs/tags/bonsai-0.9.0-alpha2608311411
29e14c10cb59a1027aa1e478e8fc883ea446ed2c	refs/tags/bonsai-0.9.0-alpha2608311750
971cccc1867bec8323ae4c66412b52cdce002090	refs/tags/bonsai-0.9.0-alpha2608312123
b5670c4fc5347ec5c2c621f3f53a1a737bd21d2b	refs/tags/bonsai-0.9.0-alpha2608312235
5352d728159c8ca3580ac92868ebcf57cc35153e	refs/tags/bonsai-0.9.0-alpha2609011313
66bcddc27700cb74d41b652a3cbfed3d9c967c82	refs/tags/bonsai-0.9.0-alpha2609011726
df3d07e952cc184bffbc3da3816c6b9a1ce3e85c	refs/tags/bonsai-0.9.0-alpha2609021135
d11440af65026fccad6c734b5b6d3b1fdb74092a	refs/tags/bonsai-0.9.0-alpha2609021356
5aaf2107a5c0b104d08cd2817aa8ea46a5afc6e6	refs/tags/bonsai-0.9.0-alpha2609021508
dc69c19aa7b05de75524acfa1e73e081239c74e6	refs/tags/bonsai-0.9.0-alpha2609040826
bfce5b9415aa0cabb727bf03c0a7e229fdf7e14e	refs/tags/bonsai-0.9.0-alpha2609091143
ba9810f459a88956304f04a57f1a04fc71c31d67	refs/tags/bonsai-0.9.0-alpha2609092131
41390dad92af2aa210f76ecaf988e61e57d1a6c5	refs/tags/bonsai-0.9.0-alpha2609092144
153a71f91e8a7fdd825e35071b7992af9578e2b8	refs/tags/ifcconvert-0.7.11
e072870fd38139a8fb9050fc21727fad580e459c	refs/tags/ifcconvert-0.8.0
3e7f244100436d56e420e4e69abf1d800f217050	refs/tags/ifcconvert-0.8.1
ecee3781e42c22fc307ac1dbb265d7e10c581b27	refs/tags/ifcconvert-0.8.2
a4dd1c3463aa1454dcac06e3f6d35ba745a30e78	refs/tags/ifcconvert-0.8.3
f14b4c467d0825c5d8aa12657f3d7884f8f68c80	refs/tags/ifcconvert-0.8.3.post1
158fe92644cfe2bc37be513d9838c95d9f2233cf	refs/tags/ifcconvert-0.8.4
16723d11cab9bc8a13b4e025a00d39445ccc462e	refs/tags/ifcconvert-0.8.5
2531a580838fae76f6ff4c6ccbe924123c2aac05	refs/tags/ifcopenshell-python-0.7.10
153a71f91e8a7fdd825e35071b7992af9578e2b8	refs/tags/ifcopenshell-python-0.7.11
d4dc9af1bec52207b6542f0a39e59504f9d6d0c6	refs/tags/ifcopenshell-python-0.7.9
e072870fd38139a8fb9050fc21727fad580e459c	refs/tags/ifcopenshell-python-0.8.0
5db6738ac28ceee3e536c2d562526f9a18c007f6	refs/tags/ifcopenshell-python-0.8.1
ecee3781e42c22fc307ac1dbb265d7e10c581b27	refs/tags/ifcopenshell-python-0.8.2
6d8e513f97bf88506f61fb8143c460a27695edb2	refs/tags/ifcopenshell-python-0.8.3
b4740b6949b7596007466ae0af29deff49e627ee	refs/tags/ifcopenshell-python-0.8.3-post1
f14b4c467d0825c5d8aa12657f3d7884f8f68c80	refs/tags/ifcopenshell-python-0.8.3.post1
158fe92644cfe2bc37be513d9838c95d9f2233cf	refs/tags/ifcopenshell-python-0.8.4
16723d11cab9bc8a13b4e025a00d39445ccc462e	refs/tags/ifcopenshell-python-0.8.5
6cb063ebd2e4f79b1c679b30e31af82d679b5cf5	refs/tags/ifcsverchok-0.7.11.240731
e2001e82dd00bd7ad52ee4437b5468c2cd36ea0f	refs/tags/ifcsverchok-0.7.11.240823
d7e497727c37538069fc821a09bc70656417d76b	refs/tags/ifcsverchok-0.7.9.240611
48d058a32a9f960de781193b043fe6d9cf7009eb	refs/tags/ifcsverchok-0.7.9.240627
e072870fd38139a8fb9050fc21727fad580e459c	refs/tags/ifcsverchok-0.8.0
58b46da04d2c54bcf10857768c1aed405ac7a18d	refs/tags/ifcsverchok-0.8.1
4c3bb54f98fbe7f6dc82eab3f58eb293636686c6	refs/tags/ifcsverchok-0.8.1.241028
3f2f296d5fdd41ea64c4998180b729dfadcaea9f	refs/tags/ifcsverchok-0.8.1.250114
23efb09ba639d5b3cf0ef6b001a2d473857428f0	refs/tags/ifcsverchok-0.8.1.250205
ecee3781e42c22fc307ac1dbb265d7e10c581b27	refs/tags/ifcsverchok-0.8.2
4d5a3ec633f8d4ee043f9320f40697bbc13896cc	refs/tags/ifcsverchok-0.8.2.250320
b5c062415d252f315335c295add421fb8c724ced	refs/tags/ifcsverchok-0.8.2.250321
4594f596c27c7f1e513f74a21f3c7eade9af78ee	refs/tags/ifcsverchok-0.8.2.250324
ea7ced738a6d8ba18774b5fd1330ac9b1edb5f83	refs/tags/ifcsverchok-0.8.3.250528
24f693e0bbad8a40dbe68fbf25e47f1d0bb9e0c5	refs/tags/ifcsverchok-0.8.3.250609
158fe92644cfe2bc37be513d9838c95d9f2233cf	refs/tags/ifcsverchok-0.8.4
16723d11cab9bc8a13b4e025a00d39445ccc462e	refs/tags/ifcsverchok-0.8.5
9d1dcf9034df46b6f2cc70660a87a1c8b0c13b74	refs/tags/ifcsverchok-0.8.5.260116
5352d728159c8ca3580ac92868ebcf57cc35153e	refs/tags/ifcsverchok-0.9.0.260901
0a542e695702a1844059ff9169fc853b67aaae67	refs/tags/ifcsverchok-240417
341cdd4ef78de51a60d5c5d48dc5394be0909bc2	refs/tags/ifcsverchok-240517
cd2e33721ec1978a68e4f69b07262a60f79d4efb	refs/tags/ifcsverchok-240607
c4588d5aa389b17c01f36d94f2790630540c021b	refs/tags/v0.0.9a0-hdf5
16f2b0a0d25f204c59648be1ea6f27f74c969f96	refs/tags/v0.0.9a0-hdf5^{}
2027d4d62f031cacde9d45eff28daa5210517187	refs/tags/v0.3.0-final
b2e8219caa793edadc5b798de625fa4fec49991e	refs/tags/v0.3.0-final^{}
8507def6757ac74720f372ecee4de9e43eb840ff	refs/tags/v0.4.0-rc2
e39cbc6d0060c4bd2af4351aeb8432f57eab33d5	refs/tags/v0.4.0-rc2^{}
9ad68db0dccabcf337fd05ba8fa8950e59e7fbb5	refs/tags/v0.5.0-preview2
8115e568756c500a692f2e88fc3bbe5cf818d214	refs/tags/v0.5.0rc0
491dc57098b919135c5984a0084265291af8c77a	refs/tags/v0.5.0rc0^{}
c73bd6ec8f53807ea2279be9aeea321eeccc56be	refs/tags/v0.6.0a0
a3b7a25866e9d0b06c9e1c0742a796e77b81e6c1	refs/tags/v0.6.0a0^{}
821220a5806dde9689490a3b1aa24e4a77517449	refs/tags/v0.6.0a1
5609cbdde9613614750b9cae86085161544deda8	refs/tags/v0.6.0a1^{}
ac38a358c73ff05062f9456aced6b2cd6161820d	refs/tags/v0.6.0b0
12e9f7b941e0fca8d4f5ee97e5204c2c5c9eb30c	refs/tags/v0.6.0b0^{}
14f413fc8bc8e357f6df3fc7fd1257435d05d780	refs/tags/v0.7.0-alpha0
48148f00a3a5e6d957d38fa1ef066cb1e9934d30	refs/tags/v0.7.0-alpha0^{}
60b160461eefc9c849bc4e9562557909e5efccdd	refs/tags/v0.7.0-validation
58414777be599593bfdb1e04347699719af20140	refs/tags/v0.7.0.231127
0f2a545cbb991de390a7e5d9c0978e437e9c63c0	refs/tags/v0.7.0a0
0e5d2cc0c920154c0d584ebe2adc3550068f0309	refs/tags/v0.7.0a0^{}
dbe0715fedd43555586f11729074bd82e12c7c56	refs/tags/v0.7.0a1
eab06bda6c695dfddc30860849c7e6c8f9358beb	refs/tags/v0.7.0a1^{}
4deb1836add21b1c33f287c8eb10cbcd1b9e2ef2	refs/tags/v0.7.0a10
739fc5cc879b405c40a9a938ff2bb175296b964d	refs/tags/v0.7.0a2
a11b51c971f2c3013855e13ff1929fe712ddc7de	refs/tags/v0.7.0a2^{}
3f7e27b883f9b7ba20c42477307a93d8ebddc86c	refs/tags/v0.7.0a3
07c152f5139f8c584ebaad0eebb99f5fc36801cb	refs/tags/v0.7.0a3^{}
1db456fa393d2032414cce6ce596e9d84d3d0962	refs/tags/v0.7.0a4
19ec562609ff7fcc128285910941e9f2a906c63d	refs/tags/v0.7.0a5
10bde73c1ab0601db508d82220ec0e5acc42c994	refs/tags/v0.7.0a5^{}
c7eca135de09d390031bd1caa3645a383dba9ea0	refs/tags/v0.7.0a6
693831dca324a340c10fb9e55d085711f220709e	refs/tags/v0.7.0a7
c9f52d2f8e29425ae51e4fd1accda5106ab8ae0c	refs/tags/v0.7.0a8
535e974cc334afd4f99abb820853ff49c5964b90	refs/tags/v0.7.0a9
d4d81310ddc0e1d6d0a29ef947a3d36179ce0852	refs/tags/v0.7.1
ed8cbff3d253691ac81450eaf16cad46bf6149e5	refs/tags/v0.7.1^{}
